Editor ID;Form ID;Count;Users;Name;Script;Water Type;Model;Size;Quest Object
DefaultAshPile1;0000001B;2;0;Ash Pile;TTWAshPileFixScript;;Effects\AshPile01.NIF;83;No
DefaultAshPile2;00000022;0;0;Goo Pile;TTWAshPileFixScript;;Effects\GooPile01.NIF;88;No
VLightFlicker02;00003AA4;1;0;;;;Dungeons\Vault\Lights\VLightFlicker02.NIF;64;No
VGearDoor01;000041E9;1;0;;;;Dungeons\Vault\RoomU\VGearDoor01.NIF;528;No
Console01;000041F2;110;0;;;;Clutter\Consoles\Console01.NIF;80;No
DrinkToilet01Avg;00014AB3;106;1;Toilet;;d3AverageWater6r24h;Clutter\Bathroom\Toilet01.NIF;60;No
VLight01;00014D5F;42;0;;;;Dungeons\Vault\Lights\VLight01.NIF;73;No
VLight02;00014D60;114;0;;;;Dungeons\Vault\Lights\VLight02.NIF;64;No
DrinkTowerPipe00Rads;0001566B;1;1;Water Tower Valve;;d5TerribleWater20r4h;Architecture\Wasteland\WaterTowerPipes01.NIF;199;No
VRmOverseerDeskR01;0001847D;3;0;;;;Dungeons\VaultRuined\Room\VRmOverseerDeskR01.NIF;245;No
DrinkWaterfountain01Avg;0001E017;28;0;Water Fountain;;d3AverageWater6r24h;Clutter\Office\WaterCooler01.NIF;53;No
DrinkSink00Rads;0001E75F;17;0;Sink;;d5TerribleWater20r4h;clutter\bathroom\sink01.nif;52;No
DrinkToilet00Rads;0001E766;53;0;Toilet;;d5TerribleWater20r4h;clutter\bathroom\toilet01.nif;60;No
ComputerRack01;0001EDBF;38;0;;;;Clutter\Consoles\ComputerRack01.NIF;96;No
TapeMachine01;0001F534;119;0;;;;Clutter\Consoles\TapeMachine01.NIF;93;No
ProtectronPod01;0001F955;102;0;;ProtectronPod01Script;;Clutter\ProtectronPod\ProtectronPod01.NIF;134;No
ElectricBox01;00020D31;188;0;;;;Clutter\ElectricBox\ElectricBox1.NIF;122;No
DrinkSink01Avg;00020D6F;445;1;Sink;;d3AverageWater6r24h;Clutter\Bathroom\Sink01.NIF;52;No
FireExtinguisher;00020D70;566;0;;TTWFireExtinguisherScript;;Clutter\FireExtinguisher\FireExtinguisher01.NIF;25;No
DrinkFireHydrant;00020D72;101;1;Fire Hydrant;;d3AverageWater6r24h;Architecture\Urban\StreetDressing\FireHydrant01.NIF;80;No
DrinkFireHydrantClean;00020D73;3;1;Fire Hydrant;;d1PurifiedWater0r30h;Architecture\Urban\StreetDressing\FireHydrantClean01.NIF;80;No
VACUnit;00021F10;79;0;;;;Dungeons\Vault\Accessories\VACUnit.NIF;72;No
TransformerVault01;00022D4A;28;0;;;;Dungeons\Vault\Accessories\TransformerVault01.NIF;210;No
TrapGrenadeBunch;00026FB3;98;1;Grenade Bouquet;TrapGrenadeBunchSCRIPT;;Traps\GrenadeBouquet01.NIF;65;No
Automat01;0002796F;65;0;Eat'o'tronic 3000;AutomatScript01;;Architecture\Urban\StreetDressing\Automat01.NIF;102;No
Generator;000281A8;294;0;;;;Clutter\ElectricBox\Generator01.NIF;41;No
TrapBearTrap;00028666;117;2;Bear Trap;trapBearTrapScript;;Traps\BearTrap01.NIF;59;No
TrapGasCloudTrigger;000286C8;4;0;;TrapGasCloudTriggerSCRIPT;;;0;No
Projector01;000286DD;8;0;;;;Clutter\Projector\Projector01.NIF;49;No
TrapTripwire01;000290EE;117;2;Tripwire;TrapGenericTripwireSCRIPT;;Traps\Tripwire01.NIF;152;No
HamRadio01;0002942E;170;0;Ham Radio;;;Clutter\HamRadio\hamradio.NIF;40;No
trapShotgun;00029438;41;2;Rigged Shotgun;TrapShotgunSCRIPT;;Traps\ShotgunTrap.NIF;47;No
LightCeilingVault01;000296D7;418;0;;;;Dungeons\Vault\Lights\LightCeilingVault01.NIF;0;No
LightCeilingVault02;000296DF;159;0;;;;Dungeons\Vault\Lights\LightCeilingVault02.NIF;0;No
TrapComputerBack;0002989E;17;1;Rear Panel;TrapComputerSCRIPT;;Traps\TerminalDeskTrap01.NIF;299;No
DrinkSink02Good;0002A2AF;71;0;Sink;;d2GoodWater4r30h;Clutter\Bathroom\Sink01.NIF;52;No
DrinkToilet02Good;0002A2B0;66;0;Toilet;;d2GoodWater4r30h;Clutter\Bathroom\Toilet01.NIF;60;No
DrinkUrinal01Avg;0002A2B1;12;0;Urinal;;d3AverageWater6r24h;Clutter\Office\Urinal01.NIF;43;No
DrinkWaterFoutnain00Rads;0002A2B2;3;0;Water Fountain;;d5TerribleWater20r4h;Clutter\Office\WaterCooler01.NIF;53;No
TrapComputer;0002A9F9;16;1;Terminal;TrapComputerFaceSCRIPT;;Traps\TerminalDeskTrapBase01.NIF;34;No
trapMineBuried01;0002C2B5;23;2;Concealed Mine;trapMineBuriedSCRIPT;;Traps\TrapBuriedMine01.NIF;21;No
VLight03;0002C7CE;24;0;;;;Dungeons\Vault\Lights\VLight03.NIF;41;No
TrigPlayerDisable;0002CC2B;77;0;;TrigPlayerDisableSCRIPT;;;557;No
VControlPanel01;0002D1AF;26;0;;;;Dungeons\Vault\Accessories\VControlPanel01.NIF;41;No
JukeBoxDirty01;0002D671;5;0;Jukebox;;;Clutter\JukeBox\JukeBoxDirty01.NIF;0;No
TrapBabyCarriage;0002E91C;16;2;Baby Carriage;TrapBabyCarriageSCRIPT;;Traps\BabyCarriageBomb.NIF;67;No
ElectricalSwitch;00030FBD;29;0;Electrical Switch;;;Clutter\GenElecSwitch01.NIF;18;No
FFETriggerA;00032D25;229;2;;FFETriggerScript;;;1518;No
FFETriggerB;00033263;86;2;;FFETriggerScript;;;1571;No
TrapGasFire01;000348D1;601;4;;TrapGasSCRIPT;;Traps\TrapGasFire01.NIF;255;No
AbandonedSewerValve01;00034A90;4;0;Gas Valve;;;Architecture\Wasteland\WaterTowerPipes01.NIF;157;No
RCLightBox01;000354E8;839;0;;;;Dungeons\Rivetcity\Lights\RCLightBox01.NIF;48;No
RCLightRounded01;000354E9;213;0;;;;Dungeons\Rivetcity\Lights\RCLightRounded01.NIF;25;No
DrinkUrinal00Rads;0003956A;193;0;Urinal;;d5TerribleWater20r4h;Clutter\Office\Urinal01.NIF;43;No
TrapPressurePlate;00047A7F;30;2;Pressure Plate;TrapGenericPressurePlateSCRIPT;;Traps\PressurePlate.NIF;31;No
TrapGasValve;00047A97;1;0;Gas Valve;TrapGenericGasValveSCRIPT;;Architecture\Wasteland\WaterTowerPipes01.NIF;199;No
FXComputerSparks;000483E2;0;1;;FXComputerSparksScript;;Effects\TrapComputerSparksFX.NIF;35;No
VGearDoorControlPanel;0004EC79;13;0;Vault Door Control Pod;GenericControlPodScript;;Dungeons\Vault\Accessories\ControlPanelVault01.NIF;68;No
FFEU08FallingObject;00053348;1;0;;FFEU08FallingObjectSCRIPT;;Vehicles\UFOCrash.NIF;1040;No
TrapPitchingMachine01;00053EF3;15;2;Pitching Machine;TRAPPitchingMachineScript;;Traps\PitchingMachine01.NIF;73;No
FFEU08SmokeTrail;00056883;0;1;;FFEU08SmokeTrailScript;;Effects\FXArtilleryStrike01.NIF;58;No
TrapMailboxBomb01;00057F6B;5;2;Mailbox;TrapMailboxSCRIPT;;Traps\TrapMailboxBomb01.NIF;153;No
Mainframe01OFF;00058B9B;6;0;;;;Clutter\Consoles\Mainframe01OFF.NIF;207;No
TrapBrahminCorpse01;0005AA59;6;2;;TrapMaceSCRIPT;;Traps\brahmincorpsetrap1.NIF;160;No
TrapBrahminCorpse02;0005AA5B;5;2;;TrapMaceSCRIPT;;Traps\brahmincorpsetrap2.NIF;159;No
GenericVertibirdEncounter;0005AE48;0;2;;GenericVertibirdEncounterSCRIPT;;Vehicles\VertibirdEncount01.NIF;11701;No
TrapSwingingLog01;0005DC1A;4;2;;TrapMaceSCRIPT;;Traps\TrapSwingingLog01.NIF;191;No
TrapSwingingIBeam01;0005F6D9;10;2;;TrapMaceSCRIPT;;Traps\TrapSwingingIBeam01.NIF;190;No
KlaxonLight;000685E8;24;0;;KlaxonLightScript;;Dungeons\Vault\RoomU\Klaxon.NIF;77;No
TrapSwingingEngine01;00068DDC;5;2;;TrapMaceSCRIPT;;Traps\TrapSwingingEngine01.NIF;162;No
TrapSwingingIBeam02;00068DDF;6;2;;TrapMaceSCRIPT;;Traps\TrapSwingingIBeam02.NIF;176;No
GenericConsolPanelOnOff05;00069BEA;3;0;;;;Clutter\Consoles\GenericConsolPanelOnOff05.NIF;38;No
GenericConsolPanelOnOff04;00069BEB;6;0;;;;Clutter\Consoles\GenericConsolPanelOnOff04.NIF;61;No
GenericConsolPanelOnOff03;00069BEC;15;0;;;;Clutter\Consoles\GenericConsolPanelOnOff03.NIF;61;No
GenericConsolPanelOnOff01;00069BF1;3;0;;;;Clutter\Consoles\GenericConsolPanelOnOff01.NIF;162;No
GenericConsolStackOnOff02;00069BF2;18;0;;;;Clutter\Consoles\GenericConsolStackOnOff02.NIF;107;No
GenericConsolStackOnOff01;00069BF3;17;0;;;;Clutter\Consoles\GenericConsolStackOnOff01.NIF;107;No
GenericConsolPanelOnOff06;00069BF6;3;0;;;;Clutter\Consoles\GenericConsolPanelOnOff06.NIF;38;No
MainframeONOFF;00069BF7;3;0;;;;Clutter\Consoles\MainframeONOFF.nif;324;No
VertibirdEncount01;0006EE07;21;1;;;;vehicles\vertibirdencount01.nif;11708;No
TrapGrenadeDuctwork;0006F566;11;0;;TrapGrenadeDuctSCRIPT;;Architecture\Urban\DuctKit\DuctworkGrenadeTrap01.NIF;329;No
Vault101Loudspeaker;0007161C;1;0;Loudspeaker;;;Dungeons\Vault\Accessories\VControlPanel02.NIF;37;No
WorkBench;00075005;129;0;Workbench;CraftingWorkbenchRecipesScript;;Furniture\WorkBench.NIF;80;No
VintageRadioGNR01STARTON;000770C5;38;0;Radio;VintageRadioStartOnSCRIPT;;Clutter\VintageRadio\VintageRadio01.NIF;30;No
Console02;00077F3C;24;0;;;;Clutter\Consoles\Console02.NIF;122;No
FFER71VertibirdEncounter;00079FF3;0;2;;FFER71VertibirdEncounterSCRIPT;;Vehicles\VertibirdEncount01.NIF;11701;No
FFER62VertibirdEncounter;0007C2DE;0;2;;FFER62VertibirdEncounterSCRIPT;;Vehicles\VertibirdEncount01.NIF;11701;No
PPLight01;0007CBF1;26;0;;;;Architecture\Urban\JeffersonMemorial\PPLight01.NIF;54;No
PPLight02;0007CBF7;27;0;;;;Architecture\Urban\JeffersonMemorial\PPLight02.NIF;54;No
HD00LabSet;0007DD4F;3;0;My First Laboratory;HD00LabScript;;Clutter\Lab\ChemistryExperiment01.NIF;50;No
HD00InfirmSet;0007DD51;2;0;My First Infirmary;HD00InfirmaryScript;;Clutter\Hospital\SurgicalCart01.NIF;46;No
REPCONHarlandTriggerREF;00080774;1;0;HarlandTrigger;REPCONHarlandTriggerScript;;;393;No
REPCONBasementExitTrigger;0008077D;1;0;;REPCONBasementExitSCRIPT;;;171;No
FusionGenerator01;00081932;29;0;;;;Clutter\FusionGenerator\FusionGenerator01.NIF;53;No
DrinkToiletMetal00Rads;000834D8;56;0;Toilet;;d5TerribleWater20r4h;Clutter\Bathroom\ToiletMetalR01.NIF;0;No
FFHamRadio01;000842B9;1;1;Radio Signal Kilo Bravo;FFRadioSignalSCRIPT;;Clutter\HamRadio\hamradio.NIF;40;No
RSCharlieQuestTrigger;000842DF;2;0;Ranger Station Charlie Quest Trigger;RSCharlieQuestScript;;Architecture\Wasteland\WaterTowerPipes01.NIF;384;No
MainframeSmall01;00086815;130;0;;;;Clutter\Consoles\MainframeSmall01.NIF;147;No
MQ11DummyArtilleryObject;00088AE9;1;0;;;;;850;No
VRmOverseerDesk01;0008AA2E;3;0;;;;Dungeons\Vault\Room\VRmOverseerDesk01.NIF;245;No
nvRepconLaunchButton;0008CD98;1;0;Launch Button;RepconLaunchSCRIPT;;dungeons\vault\accessories\controlpanelvault01.nif;68;Yes
QJGenerator;0008D36F;1;0;Generator;QJGeneratorScript;;Clutter\FusionGenerator\FusionGenerator01.NIF;53;No
GhoulExitTrigger;0008D411;1;0;Ghoul Exit Trigger;GhoulExitTriggerSCRIPT;;;111;No
REPCONSpeechListeningTrigger;0008D414;1;0;REPCON Speech Listening Trigger;;;;136;No
RSCharlieIntEnterTrigger;0008F11F;2;0;Ranger Station Charlie Interior Enter Trigger;VRangerStationCharlieIntEnterScript;;Architecture\Wasteland\WaterTowerPipes01.NIF;228;No
REPCONHarlandResetTrigger;0008F6FF;1;0;Harland Reset Trigger;REPCONHarlandResetSCRIPT;;;139;No
DLC01PittConveyor;000922DC;2;0;;;;dlcpitt\clutter\press\dlcpittconveyorpress.nif;700;No
DLC01PittConveyor02;000922DE;2;0;;;;dlcpitt\clutter\press\dlcpittconveyorpress02.nif;700;No
Switchboard02;000926CA;87;0;;;;Clutter\Office\Switchboard01.NIF;201;No
VWallConsole01;00098623;42;0;;;;Dungeons\Vault\Accessories\VWallConsole01.NIF;189;No
VHeliosTrapLaserTripwire;00099D12;1;2;Laser Tripwire;VHeliosStasisTriggerSCRIPT;;Traps\LaserTripwire01-512.NIF;256;No
DrinkToiletMetal03Purified;0009D785;46;0;Toilet;;d1PurifiedWater0r30h;Clutter\Bathroom\ToiletMetal01.NIF;61;No
DrinkSinkMetal03Purified;0009D786;82;0;Sink;;d1PurifiedWater0r30h;Clutter\Bathroom\SinkMetal01.NIF;56;No
DrinkSinkClean02Good;000A24F0;52;0;Sink;;d2GoodWater4r30h;Clutter\Bathroom\SinkClean01.NIF;52;No
DrinkToiletClean02Good;000A24F2;48;0;Toilet;;d2GoodWater4r30h;Clutter\Bathroom\ToiletClean01.NIF;60;No
HVMainLevelEntryTrigger;000A4193;1;0;Gas Valve;HVMainLevelEntryTriggerScript;;;345;No
HVPasswordPaladinFinalGuardTrigger;000A4194;1;0;Gas Valve;HVPasswordPaladinFinalGuardTriggerScript;;;226;No
HVRamosTargetDialogTrigger;000A4195;1;0;Gas Valve;HVRamosTargetDialogScript;;;142;No
HVBunkerInnerRoomTrigger;000A4196;1;0;Gas Valve;HVBunkerInnerRoomTriggerScript;;;361;No
GenericConsolPanelOnOff02;000A6AC9;3;0;Console;;;Clutter\Consoles\GenericConsolPanelOnOff02.NIF;116;No
JukeBoxCleanVault101;000A6FFA;1;0;Jukebox;;;Clutter\JukeBox\JukeBoxClean01.NIF;0;No
ComputerRack01Quiet;000A787A;12;0;;;;Clutter\Consoles\ComputerRack01.NIF;96;No
ExplosionOffsetZ64Act;000A7976;0;1;;DamageSelf1script;;Effects\ExplosionOffset_Z64.NIF;28;No
FXArtilleryStrike01;000A84EF;0;12;;FXArtilleryStrikeScript;;Effects\FXArtilleryStrike01.NIF;58;No
ElectricalSwitch02;000A99B3;11;0;Electrical Switch;;;Clutter\ElectricalSwitch02.NIF;25;No
ForceFieldLeftGlow02;000AAE4A;5;0;;OnLoadPlayForwardSCRIPT;;Effects\ForceFieldFX\ForceFieldLeftGlow02.NIF;1001;No
ForceFieldRightGlow02;000AAE4D;41;0;;OnLoadPlayForwardSCRIPT;;Effects\ForceFieldFX\ForceFieldRightGlow02.NIF;1003;No
ForceFieldRightImpact02;000AAE4E;5;0;;ForceFieldImpactReactionScript;;Effects\ForceFieldFX\ForceFieldRightImpact02.NIF;616;No
VMonitorBank;000AB2DD;4;0;;;;Dungeons\Vault\Accessories\VMonitorBank.NIF;69;No
GenericDismembermentHead;000AB3EC;32;0;;GenericBipedHeadDismembermentSCRIPT;;;76;No
GenericDismembermentLeftArm;000AB3FA;8;0;;GenericBipedLeftArmDismembermentSCRIPT;;;119;No
GenericDismembermentRightArm;000AB3FD;2;0;;GenericBipedRightArmDismembermentSCRIPT;;;119;No
GenericDismembermentRightLeg;000AB3FE;9;0;;GenericBipedRightLegDismembermentSCRIPT;;;119;No
GenericDismembermentRightLegRightArm;000AB3FF;8;0;;GenericBipedRightLegRightArmDismembermentSCRIPT;;;76;No
GenericDismembermentLeftLegLeftArm;000AB400;13;0;;GenericBipedLeftLegLeftArmDismembermentSCRIPT;;;76;No
GenericDismembermentHeadLegs;000AB401;14;0;;GenericBipedHeadLegsDismembermentSCRIPT;;;75;No
GenericDismembermentHeadArmsLegs;000AB402;24;0;;GenericBipedHeadArmsLegsDismembermentSCRIPT;;;76;No
GenericDismembermentHeadArms;000AB403;13;0;;GenericBipedHeadArmsDismembermentSCRIPT;;;76;No
GenericDismembermentLeftLeg;000AB404;7;0;;GenericBipedLeftLegDismembermentSCRIPT;;;100;No
DrinkWaterfountain03Purified;000ABF66;27;0;Water Fountain;;d1PurifiedWater0r30h;Clutter\Office\WaterCooler01.NIF;53;No
MQ11vertibirdPartyBus;000AC3AE;6;1;;MQ11PartyBusSCRIPT;;Vehicles\VertibirdGround01.NIF;826;No
HVRangerRadio;000ACD55;1;0;Ham Radio;HVRangerRadioScript;;clutter\hamradio\hamradio.nif;40;No
HVMcNamaraHardinConvoTrigger;000ACD56;1;0;Gas Valve;HVMcNamaraHardinConvoScript;;;131;No
HVRangerDialogTrigger;000ACD58;1;0;Gas Valve;;;;260;No
RavenRockTrapLaserTripwireEmitter01;000AEB47;10;2;Laser Tripwire Emitter;RavenRockTrapLaserEmitterSCRIPT;;Traps\LaserTripwireEmitter01.NIF;11;No
HVRangerGoBoomTrigger;000AF676;1;0;Gas Valve;HVRangerGoBoomScript;;;97;No
HVRangerHeadingOutTrigger;000AF677;1;0;Gas Valve;HVRangerHeadingOutScript;;;143;No
vaultProtectronPod;000B1100;5;0;;ProtectronPod01Script;;Clutter\ProtectronPod\ProtectronPod01.NIF;134;No
DrinkSinkMetal00Rads;000B39A3;36;0;Sink;;d5TerribleWater20r4h;Clutter\Bathroom\SinkMetalR01.NIF;56;No
HeadshotActivator;000B9D35;3;0;Headshot Activator;HeadshotSCRIPT;;;14;No
LeftLegDismemberActivator;000B9DA5;1;0;Left Leg Dismember Activator;LeftLegDismemberSCRIPT;;;22;No
SprungTrapBearTrap;000B9DA8;2;2;Bear Trap;SprungBearTrapScript;;Traps\BearTrap01.NIF;59;No
DavisonDialogTrigger;000BAF38;1;0;Gas Valve;REPCONDavisonDialogScript;;;396;No
GenericVertibirdFlyoverTrigger;000C0A5A;15;0;;GenericVertibirdFlyoverSCRIPT;;;320;No
GenericDismembermentRandomMulti;000C0B0A;20;0;;GenericBipedRandomMultiDismembermentSCRIPT;;;122;No
VertibirdEncount02;000C24FE;2;1;;;;Vehicles\VertibirdEncount02.NIF;14327;No
GenericDismembermentRandomMultiOnActivate;000C3291;30;0;;GenericBipedRandomMultiDismembermentOnActivateSCRIPT;;;122;No
GenericActivateOnLoad;000C329B;1;0;;GenericActivateOnLoadScript;;;188;No
GenericVertibirdLandingTrigger;000C9000;15;0;;GenericVertibirdLandingSCRIPT;;;1340;No
GenericVertibirdLandingCONTROLTrigger;000C9396;9;0;;GenericVertibirdLandingControlSCRIPT;;;196;No
DrinkTowerPipe03Purified;000CAE69;16;0;Water Tower Valve;;d1PurifiedWater0r30h;Architecture\Wasteland\WaterTowerPipes01.NIF;199;No
VNovacIntroDialogueTrigger;000CAE88;6;0;Jeannie May Intro Trigger;VNovacIntroDialogueTriggerSCRIPT;;;295;No
VNovacSniperNestTrigger;000CB08A;1;0;Sniper Nest Trigger;SniperNestTriggerSCRIPT;;;184;No
GhoulPrisonerDecloakTrigger;000CCEC3;1;0;Gas Valve;GhoulPrisonerDecloakScript;;;206;No
HarlandAggroTrigger;000CCEC4;1;0;Gas Valve;HarlandAggroTriggerScript;;;1642;No
REPCONEntrance1;000CD04F;1;0;Gas Valve;REPCONEnterScript;;;168;No
REPCONEntrance2Trigger;000CD050;1;0;Gas Valve;REPCONEnterScript;;;147;No
SniperVictimTrigger;000CD08B;1;0;Sniper Killzone;SniperRevengeKillzoneTriggerSCRIPT;;;1303;No
RepconMusicSpeaker;000CD125;27;0;Loudspeaker;REPCONMusicSpeakerScript;;dungeons\vaultruined\accessories\vloudspeakersr01.nif;35;No
VintageRadioRepconSTARTON;000CD21B;19;0;Radio;;;Clutter\VintageRadio\VintageRadio01.NIF;30;No
VHarlandFriendDiscoveryTrigger;000CD3DC;1;0;Gas Valve;VREPCONHarlandFriendDiscoveryScript;;;115;No
REPCONTopIntercomTrigger;000CD682;1;0;Gas Valve;REPCONGhoulRocketWalkScript;;;173;No
DiscoverREPCONTrigger;000CD818;1;0;Gas Valve;DiscoverREPCONTriggerScript;;;9556;No
HVPatrolOutsideTrigger;000CDEE7;1;0;Gas Valve;HVPatrolOutsideScript;;;253;No
REPCONRocketPadReachedTrigger;000CE1B2;1;0;Gas Valve;REPCONRocketPadReachedScript;;;171;No
REPCONJasonBrightBasementDialogTrigger;000CE1BA;1;0;Gas Valve;;;;182;No
REPCONSpeechListeningTriggerDUPLICATE000;000CE1C8;1;0;Gas Valve;;;;175;No
REPCONJasonBrightSpeechTrigger;000CE1CA;0;0;Gas Valve;JasonBrightSpeechTriggerSCRIPT;;;158;No
HVBathroomStallTrigger;000CE22A;4;0;Gas Valve;HVBathroomStallScript;;;73;No
REPCONBasementShortcutTrigger;000CE557;1;0;Gas Valve;REPCONBasementShortcutScript;;;294;No
REPCONChrisHavFinalIntercomTrigger;000CE86B;1;0;Gas Valve;REPCONChrisHavFinalIntercomScript;;;77;No
REPCONSabotageConsole;000CE86C;1;0;Navigation Console;REPCONSabotageTerminalScript;;clutter\consoles\consoler02.nif;108;No
GenericDestroyOnLoad;000D7B49;9;0;;GenericDestroyOnLoadSCRIPT;;;68;No
GenericRandomDismember;000D7B4A;0;0;;GenericRandomDismemberSCRIPT;;;38;No
NCRCFWaterValve;000D7C2E;1;0;Water Valve;;d3AverageWater6r24h;Architecture\Wasteland\WaterTowerPipes01.NIF;199;No
NCRCFExplosionTrigger;000D7F5D;1;0;Explosion Marker;NCRCFExplosionScript;;;309;No
ControlPanelHeliosTower;000E07CF;1;0;Reflector Control Panel;VHeliosArchimedesSCRIPT;;Dungeons\Vault\Accessories\ControlPanelVault01.NIF;68;No
HVOuterRoomTrigger;000E27E1;1;0;Gas Valve;HVOuterRoomScript;;;236;No
PrimmMuseumPlaque;000E288B;1;0;Vance's Personal Machine Gun;PrimmMuseumPlaqueScript;;Architecture\Urban\MuseumRotunda\MuseumPlaque01.NIF;50;No
RepconDome;000E2890;1;0;;;;architecture\Repcon\RepBay.NIF;18660;No
VHeliosAuxGenerator;000E28B5;2;0;Auxiliary Generator;VHeliosAuxGeneratorSCRIPT;;Clutter\FusionGenerator\FusionGenerator01.NIF;53;No
HVPaladinLockersTrigger;000E294C;1;0;Gas Valve;HVPaladinLockersScript;;;279;No
HVTargetPractice3Trigger;000E2F7C;1;0;Gas Valve;HVTargetPractice3Script;;;161;No
HVTargetPractice4Trigger;000E2F7D;1;0;Gas Valve;HVTargetPractice4Script;;;161;No
HVTargetPractice2Trigger;000E2F7E;1;0;Gas Valve;HVTargetPractice2Script;;;166;No
HVTargetPractice1Trigger;000E2F80;1;0;Gas Valve;HVTargetPractice1Script;;;159;No
PrimmMuseumPlaqueClothing;000E32FD;1;0;Vance's Outfits;VanceOutfitNoteScript;;Architecture\Urban\MuseumRotunda\MuseumPlaque01.NIF;50;No
PrimmMuseumPlaque02;000E32FE;1;0;Vikki's Outfits;VikkiOutfitNoteScript;;Architecture\Urban\MuseumRotunda\MuseumPlaque01.NIF;50;No
VMS03HaggertyWarning;000E3617;1;0;Gas Valve;VHeliosHaggertyWarning1SCRIPT;;;561;No
VMS03HaggertyWarning2;000E3618;1;0;Gas Valve;VHeliosHaggertyWarning2SCRIPT;;;339;No
HVSandStormNight;000E378F;10;0;;HVSandStormNightScript;;effects\NV\NVSandStormNight.NIF;5220;No
HVSandStormParentTrigger;000E3790;1;0;Gas Valve;;;;340;No
BisonSteveElevatorButton;000E3E91;3;0;Elevator Button;BisonSteveElevatorScript;;architecture\urban\hotelroof\hotelelevatorbutton01.nif;23;No
windowEm;000E48E8;18;0;;Lucky38LightScript;;architecture\Primm\windowEm01.NIF;70;No
PythonEnableLinkTrigger;000E4B4B;1;0;Gas Valve;VMS03HeliosPythonEnableLink1xSCRIPT;;;108;No
HVRangerJournal;000E509E;1;0;Ranger Journal;HVRangerJournalScript;;clutter\books\bookgeneric07.nif;14;No
NVposter03EM;000E58CC;1;0;;windowEmScript;;clutter\SignNV\NVposter03.NIF;60;No
NVposter01EM;000E58CE;2;0;;windowEmScript;;clutter\SignNV\NVposter01.NIF;60;No
HVFireTrigger;000E675A;1;0;Gas Valve;HVFireScript;;;45;No
TriggerOpenOnTrigger;000E71D2;1;0;OpenLinkedObject;GenericOpenLinkedOnTriggerScript;;;300;No
VVault11FadeWhiteTrigger;000E71D3;1;0;Fade Trigger;VVault11FadeWhiteTriggerSCRIPT;;;314;No
REPHQExitTrigger;000E77DC;1;0;;REPHQExitTriggerScript;;Architecture\Wasteland\WaterTowerPipes01.NIF;160;No
REPHQEnterTrigger;000E77DD;1;0;;REPHQEnterTriggerScript;;Architecture\Wasteland\WaterTowerPipes01.NIF;160;No
QJJasWilkinsTrigger;000E78C2;1;0;Jas Wilkins Trigger;;;;198;No
BMRadioControlPanel;000E7953;4;0;Radio Transmitter Control Panel;BMRadioControlPanelScript;;Dungeons\Vault\Accessories\ControlPanelVault01.NIF;68;No
BMNeilConvinceTrigger;000E7B39;1;0;Gas Valve;BMNeilConvinceScript;;;166;No
BMDoubleBoulderPushTrigger;000E8109;1;0;Gas Valve;BMRockslide4Script;;;529;No
BMBoulder1PushTrigger;000E810A;1;0;Gas Valve;BMBoulder1PushScript;;;814;No
KlaxonLightRepcon;000E82F0;17;0;;KlaxonLightScriptRepcon;;Dungeons\Vault\RoomU\Klaxon.NIF;77;No
BMAmbushTrigger;000E8494;4;0;Gas Valve;;;;347;No
BMAmbushTargetTrigger;000E8495;3;0;Gas Valve;;;;1393;No
BMBonfireTrigger;000E8496;2;0;Gas Valve;BMBonfireScript;;;39;No
BMNeilTalkTrigger;000E8498;1;0;Gas Valve;BMNeilTalkTriggerScript;;;2054;No
BMNightkinAmbushTrigger;000E85C1;5;0;Gas Valve;BMNightkinAmbushTriggerScript;;;381;No
REPHQTourSign02;000E85EA;1;1;"Boring Old Rod? Or...";RepHQTourSignScript;;Architecture\Urban\MuseumRotunda\MuseumPlaque01.NIF;50;No
REPHQTourSign03;000E85EB;1;1;"Radioactive Waste?";RepHQTourSignScript;;Architecture\Urban\MuseumRotunda\MuseumPlaque01.NIF;50;No
REPHQTourSign01;000E85EC;1;1;"Plas-Ma What?";RepHQTourSignScript;;Architecture\Urban\MuseumRotunda\MuseumPlaque01.NIF;50;No
VVault11ExterminationSlides;000E88AE;1;0;;VVault11SlidesSCRIPT;;dungeons\vault\room\v11projectorslides.nif;4491;No
VVault11SpeechNoteTrigger;000E88AF;1;0;;VVault11SpeechNoteTriggerSCRIPT;;;141;No
VVault11ExterminationChairTrigger;000E88B0;1;0;Gas Valve;VVault11ExterminationChairSCRIPT;;;128;No
VVault11ExterminationChamberPleaseSitDownTrigger;000E88B1;1;0;;VVault11ExterminationChamberPleaseSitDownSCRIPT;;;176;No
VVault11ExterminationChamberTalkTrigger02;000E88B2;1;0;Gas Valve;VVault11ExterminationChamberTalker02SCRIPT;;;186;No
VVault11ExterminationChamberTalkTrigger01;000E88B3;1;0;;VVault11ExterminationChamberTalker01SCRIPT;;;200;No
VVexNCRactivator;000E8D19;1;0;Gas Valve;VickyVanceExNCRspawn;;;214;No
BMDishHutGuardAmbushTrigger;000E9486;1;0;Gas Valve;;;;1161;No
BMDishExplosionTrigger;000E9488;1;0;Gas Valve;BMDishExplosionTriggerScript;;;435;No
MaizePickable;000E9ACF;240;0;Maize;MaizeScript;;landscape\plants\Maize_Healthy01.NIF;56;No
BMTabithaRhondaFixedTalkTrigger;000E9C23;1;0;Gas Valve;BMTabithaRhondaFixedTalkTriggerSCRIPT;;;326;No
BMBoulder1PushTrigger02;000EA4C3;1;0;Gas Valve;BMBoulder1PushScript02;;;766;No
BMRockslide2Trigger;000EAB01;1;0;Gas Valve;BMRockslide2Script;;;1283;No
BMMissileAmbushTrigger;000EAB02;1;0;Gas Valve;;;;1807;No
BMRockslide3Trigger;000EAB03;1;0;Gas Valve;BMRockslide3Script;;;683;No
REPHQTourSign04;000EACAE;1;1;"Nuclear Family!";RepHQTourSignScript;;Architecture\Urban\MuseumRotunda\MuseumPlaque01.NIF;50;No
REPHQTourSign05;000EACAF;1;1;"Ready, Set, Launch!";RepHQTourSignScript;;Architecture\Urban\MuseumRotunda\MuseumPlaque01.NIF;50;No
REPHQTourSign06;000EACB0;1;1;"Rockets Away!";RepHQTourSignScript;;Architecture\Urban\MuseumRotunda\MuseumPlaque01.NIF;50;No
REPHQTourSign07;000EACB1;1;1;"Needlenose";RepHQTourSignScript;;Architecture\Urban\MuseumRotunda\MuseumPlaque01.NIF;50;No
REPHQTourSign08;000EACB2;1;1;"Big Fat Fiery Fred";RepHQTourSignScript;;Architecture\Urban\MuseumRotunda\MuseumPlaque01.NIF;50;No
REPHQTourSign09;000EACB3;1;1;"Green Bean";RepHQTourSignScript;;Architecture\Urban\MuseumRotunda\MuseumPlaque01.NIF;50;No
REPHQTourSign10;000EACB4;1;1;"Watch Your Step!";RepHQTourSignScript;;Architecture\Urban\MuseumRotunda\MuseumPlaque01.NIF;50;No
REPHQTourSign11;000EACB5;1;1;"The 'I' in 'Eyebot'";RepHQTourSignScript;;Architecture\Urban\MuseumRotunda\MuseumPlaque01.NIF;50;No
REPHQTourSign12;000EACB6;1;1;"The 'Hand' in 'Handy'";RepHQTourSignScript;;Architecture\Urban\MuseumRotunda\MuseumPlaque01.NIF;50;No
REPHQTourSign13;000EACB7;1;1;"It's Got Wheels!";RepHQTourSignScript;;Architecture\Urban\MuseumRotunda\MuseumPlaque01.NIF;50;No
REPHQTourSign14;000EACB8;1;1;"Our Rich, Rich Solar System";RepHQTourSignScript;;Architecture\Urban\MuseumRotunda\MuseumPlaque01.NIF;50;No
VVault11ExterminationHallMusicCueTrigger;000EB14D;1;0;Gas Valve;VVault11ExterminationHallMusicCueSCRIPT;;;202;No
BMVintageRadioBMR;000EB3F2;7;0;Radio;BMVintageRadioBMRScript;;clutter\vintageradio\vintageradio01.nif;30;No
BMRadioPoleSpeaker;000EB3F3;16;0;;BMVintageRadioBMRScript;;dungeons\vaultruined\accessories\vloudspeakersr01.nif;35;No
VVault11GearDoorControlPanel;000EBFF6;2;0;Vault Door Control Pod;VVault11GearDoorControlSCRIPT;;Dungeons\Vault\Accessories\ControlPanelVault01.NIF;68;No
BMNeilJumpTrigger;000EC044;1;0;Gas Valve;BMNeilJumpTriggerScript;;;839;No
BMDJBoothEntryTrigger;000EC045;1;0;Gas Valve;BMDJBoothEntryScript;;;212;No
VVexNCRdeactivator;000EE063;1;0;Gas Valve;VickyVanceExNCRdespawn;;;255;No
Vault22DoorGlow;000EE492;1;0;;Vault22EmScript;;dungeons\vaultruined\VaultDoorGlow.NIF;355;No
V22TrapGasFire01;000EF40A;102;1;;V22TrapGasSCRIPT;;Traps\TrapGasFire01.NIF;255;No
ProperBurialCorpseActivator;000EFB76;2;0;ProperBurialCorpseActivatorREF;VMcCarranCorpseActivatorScript;;;960;No
V22ScareMantis1Trigger;000F08FF;3;0;Gas Valve;V22ScareMantisScript;;;167;No
HectorTrigger;000F0A44;1;0;Hector Pump Station Trigger;HectorTriggerScript;;;171;No
REPHQDialogueActivator;000F18E2;3;0;;REPHQDialogueActivatorScript;;;55;No
ChompsLewisTrigger;000F1935;1;0;ChompsLewisTrigger;;;;974;No
V03EntranceTrigger;000F26EB;2;0;;V03EntranceTriggerScript;;;255;No
V03DoorControlPanel;000F2DF8;2;0;Vault Door Control Pad;V03ControlPodScript;;Dungeons\Vault\Accessories\ControlPanelVault01.NIF;68;No
V3ExitTrigger;000F2DF9;1;0;;V03ExitTriggerScript;;;78;No
V22MantisEnableTrigger;000F3D4A;1;0;Gas Valve;V22MantisEnableScript;;;160;No
V22cMushroomMantisScareTrigger;000F3D4D;1;0;Gas Valve;V22cMushroomMantisScareScript;;;317;No
V22KeelyElevatorTrigger;000F4558;1;0;Gas Valve;V22KeelyElevatorScript;;;166;No
V22DoorIsLockedTrigger;000F51F0;1;0;Gas Valve;V22DoorIsLockedScript;;;176;No
McCarranFoodProcessor;000F5759;1;0;Industrial Food Processor;VFreeformMcCarranKitchenScript;;Clutter\ElectricBox\ElectricBox1.NIF;122;No
McCarranFoodProcessorAttachment;000F575A;2;0;Industrial Food Processor;;;Clutter\QuestItems\MS04MutagenTank01.NIF;75;No
GunRunnerEnterTrigger;000F5E4A;1;0;Gun Runner Enter Trigger;GunRunnerEnterTriggerScript;;;302;No
GunRunnerExitTrigger;000F5E4D;1;0;Gun Runner Exit Trigger;GunRunnerExitTriggerScript;;;302;No
VMcCarranControlTowerTrigger;000F6277;1;0;Control Tower Trigger;VMcCarranControlTowerTriggerSCRIPT;;;709;No
VMcCarranCurtisTowerWarpTrigger;000F6279;1;0;CurtisTowerWarp (Up);VMcCarranCurtisWarpTriggerSCRIPT;;;186;No
VMS08BombGarbageCanTrigger;000F8283;1;0;;VMS08BombGarbageCanTriggerSCRIPT;;;190;No
VMS08BombVent;000F828E;2;0;Vent;VMS08BombVentSCRIPT;;architecture\McCarran\NVMonoRailCarVent.NIF;25;No
VMS08TrainExitTrigger;000F8292;1;0;Train Exit;VMS08TrainExitTriggerSCRIPT;;;1256;No
VMS08CrenshawFootlockerTrigger;000F8296;1;0;;VMS08CrenshawFootlockerTriggerSCRIPT;;;241;No
VMS13NoteTrigger;000F95C8;1;0;VMS13 Note Trigger;VMS13NoteTriggerScript;;;187;No
V22Cave2DoorBusterTrap;000F98A2;1;1;;V22Cave2DoorBusterTrapScript;;Traps\TrapGasFire01.NIF;255;No
V22MushroomDoorBusterTrap01;000F98A3;1;1;;V22MushroomDoorBusterTrap01Script;;Traps\TrapGasFire01.NIF;255;No
V22MushroomDoorBusterTrap02;000F98A4;1;1;;V22MushroomDoorBusterTrap02Script;;Traps\TrapGasFire01.NIF;255;No
V22KeelyElevatorConversationTrigger;000F9D91;1;0;Gas Valve;V22KeelyElevatorConversationScript;;;206;No
VFreeformMcCarran2BoydInterrogationTrigger;000FA741;1;0;Gas Valve;VFreeformMcCarran2BoydInterrogationTriggerSCRIPT;;;139;No
VFreeformMcCarran2BoydExitTrigger;000FA744;1;0;;VFreeformMcCarran2BoydExitTriggerSCRIPT;;;194;No
CoyoteTobaccoPickable;000FB0EE;90;0;Coyote Tobacco;CoyoteTobaccoScript;;landscape\trees\NVCoyoteTobacco.NIF;43;No
VFreeformMcCarran2InterrogationRoomTrigger;000FB328;1;0;Gas Valve;VFreeformMcCarran2InterrogationRoomTriggerSCRIPT;;;351;No
VFreeformMcCarran2InterrogationRoomExitTrigger;000FB4DF;1;0;Gas Valve;VFreeformMcCarran2InterrogationRoomExitTriggerSCRIPT;;;344;No
VMcCarranMonorailWarning1Trigger;000FC201;1;0;Gas Valve;VMcCarranMonorailWarning1TriggerSCRIPT;;;603;No
VMcCarranMonorailWarning2Trigger;000FC202;1;0;Gas Valve;VMcCarranMonorailWarning2TriggerSCRIPT;;;375;No
VMS08CurtisAmbushTrigger;000FD11B;1;0;;VMS08CurtisAmbushTriggerSCRIPT;;;523;No
VFreeformMcCarranContrerasEnableTrigger;000FDA86;1;0;Gas Valve;VFreeformMcCarranContrerasEnableTriggerSCRIPT;;;795;No
McCarranObstacleCourse1;000FE1C6;3;0;;VMcCarranObstacleCourse1Script;;;360;No
VFreeformMcCarran2SilusExitTrigger;000FE95D;1;0;;VFreeformMcCarran2SilusExitTriggerSCRIPT;;;161;No
ElReyMotelRoom01Note;000FE9F5;1;0;Threatening Note;ElReyMotelRoom01NoteScript;;clutter\junk\paper02.nif;11;No
CleanWaterValve;000FEB9F;9;0;Water Valve;;d1PurifiedWater0r30h;Architecture\Wasteland\WaterTowerPipes01.NIF;199;No
trapDukeNeonFactory02;000FED53;1;0;;NeonFactoryDuke02ShotSCRIPT;;;219;No
trapDukeNeonFactory03;000FED54;1;0;;NeonFactoryDuke03ShotSCRIPT;;;277;No
trapDukeNeonFactory01;000FED55;1;0;;NeonFactoryDuke01ShotSCRIPT;;;312;No
trapDukeNeonFactory04;000FED56;1;0;;NeonFactoryDuke04ShotSCRIPT;;;244;No
NellisEntranceActivator;000FF579;1;0;Nellis Entrance Trigger;NellisFrontGateScript;;;864;No
dmgHotSteel;000FFB2E;4;0;;SteelMillHotSteelScript;;;146;No
dmgHotSteel02;000FFCDC;1;0;;SteelMillHotSteelScript02;;;103;No
NellisArtilleryActivatorEntrance;001003B3;3;0;Nellis Artillery;NellisArtilleryScript;;;6316;No
VMS15BallastActivator;00100631;2;0;Ballast Deployable Location;B29BallastScript;;vehicles\B29\B29_BalloonGhost.NIF;87;Yes
VMS15BallastDeployer;00100632;1;0;Ballast Detonator;VMS15BallastDeployerScript;;dungeons\vault\accessories\controlpanelvault01.nif;68;Yes
PowderGangRanchNote;00101CB2;1;0;Powder Ganger Note;BoulderCityNoteScript;;clutter\junk\paper02.nif;11;No
VintageRadioNVStartON;00101F43;26;0;Radio;VintageRadioStartOnSCRIPT;;Clutter\VintageRadio\VintageRadio01.NIF;30;No
NellisGeneratorPowerSwitch;001022D6;1;0;Generator Main Power Switch;NellisGeneratorSwitchesScript;;Clutter\ElectricalSwitch02.NIF;25;Yes
NellisGeneratorPowerSwitch02;001022D7;1;0;Electrical Switch;NellisPowerSwitchScript;;Clutter\ElectricalSwitch02.NIF;25;No
NellisGeneratorPowerSwitch01;001022D8;1;0;Electrical Switch;NellisPowerSwitchScript;;Clutter\ElectricalSwitch02.NIF;25;No
FiendAmbushTrigger;001024C5;1;0;Fiend Ambush Trigger;FiendAmbushTriggerScript;;;357;No
NellisGeneratorSetup;00102AB0;1;0;Nellis Generator Setup;NellisGeneratorSetupScript;;;251;No
NVSignCasaMadridActivator;00104004;2;0;;NewVegasLightScript;;architecture\urban\signage\NV_SignCasaMadrid.NIF;492;No
NVSignElReyActivator;0010415A;1;0;;NewVegasLightScript;;architecture\urban\signage\NV_SignElRey.NIF;288;No
NVSignElReyFLActivator;0010415B;1;0;;NewVegasLightScript;;architecture\urban\signage\NV_SignElRey_FL.NIF;287;No
NVMcCarranSignActivator;0010415C;2;0;;NVMcCarranSignActivatorScript;;architecture\McCarran\NV_McCarran-Sign.NIF;838;No
NVSignCasaMadridFLActivator;0010415D;2;0;;NewVegasLightScript;;architecture\urban\signage\NV_SignCasaMadrid_FL.NIF;492;No
NVSignMonteCarloActivator;0010415F;1;0;;NewVegasLightScript;;architecture\urban\signage\NV_SignMonteCarlo.NIF;327;No
NellisSonicEmitterRadio;0010418C;1;0;Sonic Emitter;NellisSonicEmitterKillScript;;Clutter\HamRadio\hamradio.NIF;40;Yes
NellisGeneratorAntMound;0010418D;1;0;Ant Mound;NellisGeneratorAntMoundScript;;dungeons\caves\doors\antmounddoor01.nif;519;No
VCG01VigorTesterTrigger;00104C07;1;0;Vigor Tester Trigger;VCG01VigorTesterTriggerSCRIPT;;;166;No
VCG01VigorTester;00104C0A;1;0;Vit-o-matic Vigor Tester;VCG01VigorTesterSCRIPT;;architecture\Goodsprings\NV_VitoMaticVigorTester_Cabinet02.NIF;0;No
NellisAFBMissTrigger;0010518F;17;0;;NellisArtilleryMissScript;;Architecture\Wasteland\WaterTowerPipes01.NIF;7448;No
GSJoeCobbTrigger;0010521D;1;0;Joe Cobb Dialogue Trigger;GSJoeCobbTriggerScript;;;204;No
GSBrokenSMG;00105231;1;0;Broken 9mm Submachine Gun;GSBrokenSMGScript;;weapons\2handautomatic\9mmSMG.NIF;19;No
GSChemistrySet;00105234;2;0;Chemistry Set;GSChemistrySetScript;;clutter\lab\chemistryexperiment01.nif;0;No
CGMedLightGenerator;0010548A;1;0;;;;Clutter\ElectricBox\Generator01.NIF;41;No
VCG01DocMitchellCouchTrigger;001055B6;1;0;CouchTrigger;VCG01DocMitchellCouchTriggerSCRIPT;;;161;No
VCG01SkullBrahminActivator;001057EA;1;0;;VCG01BrahminSkullSCRIPT;;clutter\skeleton\brahminskull.nif;27;No
VMS15RisingPlane;00105850;1;0;;VMS15RisingPlaneSCRIPT;;vehicles\B29\B29_RiseAnim.NIF;3393;Yes
SSHQAllenMarksTrigger;00105965;1;0;Gas Valve;SSHQAllenMarksTriggerScript;;;166;No
VCG01DocMitchellChairTrigger;00105BCC;1;0;;VCG01DocMitchellChairTriggerSCRIPT;;;92;No
NellisSolarReflectorActivator;001064D2;5;0;Broken Solar Reflector;NellisBrokenArrayScript;;architecture\HELIOS_One\NV_HeliosOne_SolarBrkSingle01.NIF;176;No
GSDocMitchellExitTrigger;00107232;1;0;Gas Valve;GSDocMitchellExitTriggerScript;;;192;No
GoodspringsRadio;00109085;1;0;Radio;GoodspringsRadioScript;;Clutter\VintageRadio\VintageRadio01.NIF;30;No
HoneyMesquitePickable;001093CE;277;0;Honey Mesquite;HoneyMesquiteScript;;landscape\trees\NVHoneyMesquite.NIF;107;No
BananaYuccaPickable;001093CF;236;0;Banana Yucca;BananaYuccaScript;;landscape\trees\NVBananaYucca.NIF;77;No
NellisResetMarker;001093D0;1;0;Nellis Reset Marker;NellisResetMarkerScript;;;59;No
NellisFireTrigger;001095C3;1;0;Gas Valve;NellisBonfireScript;;;26;No
JukeBoxDirtyNV;0010973F;1;0;Jukebox;VintageRadioStartOnSCRIPT;;clutter\jukebox\jukeboxDirtyNV.nif;83;No
PowderGangerCampNote01;0010A13C;1;0;Powder Ganger Note;PowderGangerCamp01SCRIPT;;clutter\junk\paper02.nif;11;No
PowderGangerCampNote02;0010A143;1;0;Powder Ganger Note;PowderGangerCamp02SCRIPT;;clutter\junk\paper02.nif;11;No
PowderGangerCampNote03;0010A149;1;0;Powder Ganger Note;PowderGangerCamp03SCRIPT;;clutter\junk\paper02.nif;0;No
VCG02SunnyPatrolTrigger;0010A1F5;1;0;;VCG02SunnyPatrolTriggerSCRIPT;;;323;No
CGHouseLights;0010A21F;6;0;;CGHouseLightsScript;;Clutter\ElectricBox\Generator01.NIF;41;No
AttackedCaravanTrigger;0010A728;1;0;AttackedCaravanTrigger;AttackedCaravanTriggerSCRIPT;;;138;No
BarrelCactusPickable;0010AB6D;206;0;Barrel Cactus;BarrelCactusScript;;trees\barrel_cactus\NV_barrelcactus01.NIF;37;No
PricklyPearCactusPickable;0010AB6F;253;0;Prickly Pear Cactus;PricklyPearCactusScript;;trees\prickly_pear_cactus\NV_pricklypearcactus.NIF;77;No
NevadaAgavePickable;0010AB71;253;0;Nevada Agave;NevadaAgaveScript;;trees\nevada_agave\NV_nevadaagave01.NIF;23;No
GSRingoDialogueTrigger;0010ABAE;1;0;Ringo Dialogue Trigger;GSRingoDialogueTriggerScript;;;167;No
RSFoxtrotQuestTRIG;0010E018;1;0;RS Foxtrot Quest Testing Starting Trigger;;;;162;No
VFSNorthGateBodyguardTrigger;0010E70E;2;0;Gas Valve;VFSNorthGateBodyguardScript;;;475;No
PipboyLightTutorialTrigger;001132EA;2;0;Pipboy Light Tutorial Trigger;PipboyLightTutorialTriggerScript;;;218;No
VMS22CamTargetTrigger;001136AF;2;0;;VMS22CamTargetScript;;Effects\ForceFieldFX\ForceFieldRightImpact01.NIF;690;No
VMS22CamTargetTrigger02;001136B1;7;0;;VMS22CamTargetScript;;Effects\ForceFieldFX\ForceFieldRightImpact02.NIF;616;No
BCMonroeDialogueTrigger;00113C0A;1;0;Monroe Dialogue Trigger;;;;417;No
VCG04Activator;001164A2;1;0;VCG04 Activator;VCG04ActivatorScript;;;151;Yes
VMS18InvestigatorTrigger;00116895;1;0;;VMS18InvestigatorTriggerSCRIPT;;;236;No
VFSPacerAttacksSupplyTrigger;00116C5E;1;0;Gas Valve;VFSPacerAttacksSupplyScript;;;167;No
VMS18WhiteGloveAmbushTrigger;00116F14;1;0;Gas Valve;VMS18WhiteGloveAmbushTriggerSCRIPT;;;448;No
VTopsAmbushTrigger;0011750B;2;0;Tops Ambush Trigger;VTopsAmbushTriggerSCRIPT;;;452;No
VMS23StartTrig;00117E75;5;0;;VMS23StartTrigSCRIPT;;;447;No
VMS18CookingStation;0011834A;1;0;Cooking Station;VMS18CookingStationSCRIPT;;furniture\cookingstove.nif;75;No
VMS18Wine;0011834F;2;0;Wine;VMS18WineSCRIPT;;clutter\food\winebottle01.nif;12;No
BoulderCityNote;001188CF;1;0;Ranger Holodisk;PowderGangRanchNoteScript;;clutter\holodisk\holodisk01.nif;10;No
VFSOrrisConcernedTrigger;00118A7D;1;0;Gas Valve;VFSOrrisConcernedScript;;;1232;No
VFSOrrisDetourTrigger02;00118A7E;1;0;Gas Valve;VFSOrrisDetour02Script;;;918;No
VFSOrrisEndTrigger;00118A7F;1;0;Gas Valve;VFSOrrisEndScript;;;1353;No
VFSOrrisAmbushTrigger;00118A80;1;0;Gas Valve;VFSOrrisAmbushScript;;;740;No
VFSVisitorTrigger;00118E7C;2;0;Gas Valve;VFSVisitorScript;;;91;No
VTopsBennyIntroTrigger;001190A4;4;0;Benny Intro Trigger;VTopsBennyIntroTriggerSCRIPT;;;381;No
VMS21SalsTrigger;00119483;1;0;Cachino Trigger;VMS21SalsTriggerScript;;;198;No
VFSWranglerTouristDisableTrigger;001194CD;1;0;Gas Valve;VFSTouristVanishScript;;;323;No
VFSSupplyDropHouseTrigger;001194CE;1;0;Gas Valve;VFSSupplyDropHouseScript;;;199;No
VFSTouristVanishTrigger;001194CF;1;0;Gas Valve;VFSTouristVanishScript;;;505;No
VMS18TedReturnTrigger;00119506;1;0;Gas Valve;VMS18TedReturnTriggerSCRIPT;;;329;No
VFSVegasGateStopCombatVolume;0011978B;1;0;Gas Valve;VFSVegasGateStopCombatSCRIPT;;;7220;No
VFSVegasAnnihilationVolume;0011978C;1;0;Gas Valve;VFSVegasGreeterSCRIPT;;;802;No
VTopsBennysSuiteTrigger;001197B9;2;0;Benny's Suite Trigger;VTopsBennysSuiteTriggerSCRIPT;;;533;No
VFSSecuritronGreeterActivator;00119869;1;0;Gas Valve;VFSSecuritronGreeterActivatorSCRIPT;;;578;Yes
VMS18GourmandAccessTrigger;001199CE;2;0;;VMS18GourmandAccessTriggerSCRIPT;;;183;No
VMS18InvestigatorRoomTrigger;001199E0;1;0;;VMS18InvestigatorRoomTriggerSCRIPT;;;170;No
VFSSquatterAreaTrigger;0011A026;4;0;Gas Valve;VFSSquatterAreaScript;;;2023;No
VMQTopsSecuritonMSGTrgA;0011A067;1;0;;VMQTopsSecuritronMsgTrigASCRIPT;;;257;No
VMQTopsSecuritonMSGTrgB;0011A068;2;0;;VMQTopsSecuritronMsgTrigBSCRIPT;;;263;No
VMS18MortimerSpeakTrigger;0011A10A;1;0;Gas Valve;VMS18MortimerSpeakTriggerSCRIPT;;;171;No
VMS18PhilippeTrappedTrigger;0011A210;1;0;Gas Valve;VMS18PhilippeTrappedTriggerSCRIPT;;;236;No
VFSOrrisConversationTrigger;0011A29C;5;0;Gas Valve;VFSOrrisConversationScript;;;1690;No
VFSOrrisMistakenTrigger;0011A29D;1;0;Gas Valve;VFSOrrisMistakenScript;;;1346;No
VFSOrrisLeavesTrigger;0011A29E;8;0;Gas Valve;VFSOrrisLeavesScript;;;5854;No
MAElecSwitch01;0011A57B;1;0;Light Switch;VMS22LightSwitch01;;clutter\genelecswitch02.nif;14;No
BoulderCityMemorialTriggerDUPLICATE000;0011A8D5;3;0;;BoulderCityMemorialTriggerScript;;effects\forcefieldfx\forcefieldleftimpact01.nif;688;No
Lucky38Lights;0011B03C;1;0;;;;_LasVegasMeshes\Lucky38\lucky38_NULL.nif;0;No
VMS18ToggleKitchenLockTrigger;0011B158;2;0;;VMS18ToggleKitchenLockTriggerSCRIPT;;;166;No
VVault21SwitchPlayerRoom;0011B40F;1;0;Light Switch;VVault21LightSwitch01;;Dungeons\Vault\Accessories\VControlPanel03.NIF;21;No
VMS21Container;0011BC86;4;0;Barrel;VMS21GunRoomTriggerScript;;clutter\crate\cratelarge01.nif;174;Yes
VFSNorthGateExitTrigger;0011BCB4;2;0;Gas Valve;VFSNorthGateExitScript;;;498;No
VFSEncounterControllerTrigger;0011BCB5;1;0;Gas Valve;VFSEncounterControllerScript;;;134;No
VFSEastGateExitTrigger;0011BCB6;3;0;Gas Valve;VFSEastGateExitScript;;;525;No
Lucky38SignGlow;0011BCF9;5;0;;Lucky38LightScript;;architecture\Strip\Lucky38SignGlow.NIF;1829;No
SilverRushSignGlow;0011BEDD;4;0;;Lucky38LightScript;;architecture\Strip\SilverRushSignGlow.NIF;467;No
VMS23SCrockerDialogTrig;0011C0BB;1;0;;VMS23CrockerDialogTrigScript;;;521;No
VMS21BigSalRoomTrigger;0011C238;1;0;Bis Sal Room Trigger;VMS21BigSalRoomTriggerScript;;Architecture\Wasteland\WaterTowerPipes01.NIF;469;No
StripLightBeamAct;0011C902;68;0;;;;effects\ambient\FXLightBeamNVStrip.nif;1216;No
VFSOrrisAfterCombatDialogTrigger;0011CABF;1;0;Gas Valve;;;;801;No
VFSSecuritronWarningActivator;0011CB50;1;0;Gas Valve;VFSSecuritronGreeterWarningSCRIPT;;;730;No
VFSOrrisGamblerLeavingTalkTrigger;0011CD4A;2;0;Gas Valve;VFSOrrisGamblerLeavingTalkScript;;;579;No
UltraLuxSignGlow;0011D231;2;0;;;;architecture\Strip\UltraLuxSignGlow.NIF;241;No
VFreeformTheStreet01SuitCountTrigger;0011D240;2;0;;VFreeformTheStreet01SuitCountScript;;;344;No
VMS18EndPatrollerFollowTrigger;0011D5A8;2;0;;VMS18EndPatrollerFollowTriggerSCRIPT;;;338;No
VMS18KitchenFollowResetTrigger;0011D5AC;2;0;;VMS18KitchenFollowResetTriggerSCRIPT;;;307;No
VMS18KitchenPatrollerMembersOnlyTrigger;0011D7C4;1;0;;VMS18KitchenPatrollerMembersOnlyTriggerSCRIPT;;;205;No
Vault21SignLights;0011E389;4;0;;VVault21LightScript;;architecture\Strip\NV_Vault21_Sign_Lights.NIF;932;No
TheTopsSignLights;0011E498;7;0;;VVault21LightScript;;architecture\Strip\NV_TheTops-Sign_Lights.NIF;1125;No
VCG01RemoveDocCarebearModeTrigger;0011E65F;1;0;;VCG01RemoveDocCarebearModeTriggerSCRIPT;;;188;No
VVault21RoomRentTrigger;0011E6B4;2;0;;VVault21RentedRoomScript;;;217;No
VVault21MartinaBedClothesTrigger;0011E6B5;2;0;;VVault21MartinaBedScript;;;115;No
VMS21SalRoomTrigger;0011E756;1;0;Gas Valve;;;;420;No
VCG01CasualHardcoreMessageActivate;0011F292;1;0;Choose Game Mode;VCG01CasualHardcoreMessageSCRIPT;;clutter\junk\paper02.nif;11;No
VVault21FluffNPCMoveTrigger01;0011F434;6;0;;VVault21FluffNPCTriggerMove01;;;154;No
VVault21FluffNPCMoveTrigger01b;0011F435;6;0;;VVault21FluffNPCTriggerMove01b;;;169;No
VVault21FluffNPCTimeOff;0011F436;1;0;;VVault21FluffNPCTimeOff01;;;199;No
VVault21FluffNPCTimeOn;0011F437;1;0;;VVault21FluffNPCTimeOn01;;;179;No
FistoPod01;0011F8BD;5;0;;;;Clutter\ProtectronPod\ProtectronPod01.NIF;134;No
VFSPacerJet;001205B9;1;0;Pacer's Jet Stash;VFSPacerJetScript;;clutter\junk\cigarettecarton01.nif;20;No
VFSKingStageAreaEnterTrigger;001206FA;1;0;Gas Valve;;;;185;No
VFSKingStageApproachTrigger;001206FB;1;0;Gas Valve;;;;474;No
VMS21ClandenSafeTrigger;00120851;1;0;Gas Valve;VMS21ClandenSafeTriggerScript;;;354;No
VMS21GomorrahMPTrigger;00120852;1;0;Gas Valve;VMS21GomorrahMPTriggerScript;;;413;No
KingsSign;00120DC6;3;0;;Lucky38LightScript;;clutter\Kings\KingsSign.NIF;1182;No
NVRouletteTable02;001210BC;1;0;Roulette Table;NVRouletteTableScript;;clutter\casino\RouletteTable02.NIF;0;No
VStreetFluffNPCMoveTriggerToStation;001228CC;1;0;;VStreetFluffNPCTriggerMoveStation;;;293;No
VStreetFluffNPCMoveTriggerToFreesideGate;001228D0;1;0;;VStreetFluffNPCTriggerMoveFreesideGate;;;468;No
UpgradeSecuritronTrigger;00122C2C;1;0;Upgrade Securitron;SecuritronTrigger2;;;625;No
ActivateEmilyTrigger;001238D5;2;0;;ActivateEmilySCRIPT;;;2015;No
VFSWaterPump;00123C8E;2;0;Water Valve;VFSWaterPumpSCRIPT;d1PurifiedWater0r30h;Architecture\Wasteland\WaterTowerPipes01.NIF;199;No
VFSWaterPumpBarkActivator;00123C92;2;0;Gas Valve;VFSWaterPumpBarkSCRIPT;;;256;No
DefaultDisableLinkTrigger;00124124;1;0;;DefaultDisableLinkOnTriggerEnterSCRIPT;;;292;No
VFSVanGraffIntroTrigger;00124251;1;0;Gas Valve;VFSVanGraffIntroScript;;;578;No
VFSVolunteerPushTrigger;00124252;1;0;Gas Valve;VFSVolunteerPushScript;;;179;No
VFSSilverRushExitTrigger;001251C7;1;0;Gas Valve;VFSSilverRushExitScript;;;177;No
VFSSilverRushPlayerGuardTrigger;001251C8;1;0;Gas Valve;VFSSilverRushPlayerGuardScript;;;120;No
WeatherStationConsole;00125218;1;0;Console;WeatherStationConsoleScript;;Clutter\Consoles\Console01.NIF;80;No
VMS18HeckGundersonBed;00125B1F;1;0;Bed;VMS18HeckGundersonBedSCRIPT;;furniture\hotel\hotelqueenbed01.nif;116;No
VMS18HeckGundersonSinkActivator;00125B29;1;0;Sink;VMS18HeckGundersonSinkSCRIPT;;clutter\bathroom\NV_UltraLuxSink.NIF;52;No
FortHowitzer;00125C2A;1;0;Howitzer;FortHowitzerScript;;vehicles\NVNellisArtillery\NVNellisArtillery.NIF;632;No
VMS21ThermiteDetonator;00125F46;1;0;Detonator;VMS21ThermiteDetonatorScript;;Clutter\GenElecSwitch01.NIF;18;No
GomorrahExitTrigger;00125F4A;1;0;Gas Valve;GomorrahExitTriggerScript;;;363;No
VVMS21aJoanaRoomTriggerVolume;00126400;1;0;;VMS21aJoanaRoomTrigger01;;;283;No
HouseInnerSecretTriggerREF;001264C0;1;0;HouseInnerSecretTrigger;HouseInnerSecretSCRIPT;;;99;No
HouseOuterSecretTriggerREF;001264C2;1;0;HouseOuterSecretTrigger;HouseOuterSecret02SCRIPT;;;190;No
VVMS21aJoanaBedTriggerVolume;001264D4;3;0;;VMS21JoanaBedScript;;;127;No
VVMS21aJoanaCourtyardTriggerVolume;00126F3F;2;0;;VMS21aJoanaCourtyardTrigger01;;;200;No
VFSLegionWHAmbushTrigger;00127095;4;0;Gas Valve;;;;326;No
VFSWarehouseGovernorTrigger;001270A3;1;0;Gas Valve;VFSWarehouseGovernorScript;;;178;No
VMSRSCharlieDestroyedTrigger;001271D9;1;0;VMSRSCharlieDestroyedTrigger;VMSRSCharlieDestryoedTriggerSCRIPT;;;695;No
VVMS21aJoanaEscapeStripTrigger;0012745F;1;0;;VMS21aJoanaFleeTheStripTrigger;;;183;No
VVMS21aCarlitosFSGreetTriggerVolume;00127469;1;0;;VMS21aCarlitosFSGreetTrigger;;;521;No
VVMS21aCarlitosFSAppearTriggerVolume;0012746A;1;0;;VMS21aCarlitosFSAppearTrigger;;;521;No
GomorrahCasinoEnterTrigger;00127952;1;0;Gas Valve;GomorrahCasinoEnterTriggerScript;;;460;No
HanlonSuicideScript;00127B26;1;0;HanlonSuicideScript;VMSRSHanlonSuicideSCRIPT;;;403;No
LonesomeDrifterCampfireTRIGGER;00127D47;1;0;LonesomeDrifterCampfire;LonesomeDrifterCampfireScript;;;36;No
VMS18DumpsterTrigger;00127DC7;1;0;;VMS18DumpsterTriggerSCRIPT;;;347;No
VMS18Dumpster;00127DC8;1;0;Dumpster;VMS18DumpsterActivatorSCRIPT;;clutter\dumpster\dumpster02.nif;116;No
NVGrindingWheelActivator;00127E85;7;0;;NVGrindingWheelActivatorScript;;architecture\TheFort\NV_Grinding_Wheel_All.NIF;70;No
VStreetLightingQuestTrigger;00127EA3;1;0;;VStreetLightingQuestStarterTrigger;;;290;No
TopsFriskingHoldoutTrigger;001287E5;1;0;Tops Frisking Trigger (with holdout weapons);TopsFriskingHoldoutTriggerScript;;;39;No
TopsFriskingTrigger;001287E6;6;0;Tops Frisking Trigger (honest version);TopsFriskingTriggerScript;;;44;No
VMS33OmertaThugTrigger;00128F5C;1;0;VMS33 Omerta Thug Trigger;VMS33OmertaThugTriggerScript;;;120;No
Lucky38OverhangLights;00129008;1;0;;Lucky38LightScript;;architecture\Strip\Lucky38BaseLights.NIF;2488;No
VFSNCRFightPlayerTrigger;00129382;2;0;Gas Valve;VFSNCRFightPlayerScript;;;1560;No
VFSNCRFightInnerTrigger;00129385;2;0;Gas Valve;VFSNCRFightInnerScript;;;1057;No
VFSNCRCombatTrigger;00129386;2;0;Gas Valve;VFSNCRCombatScript;;;104;No
VFreeformForlornHope03TRIG;001295AB;1;0;;vFreeformForlornHope03TriggerScript;;;30;No
VFreeFormForlornHope02TRIG;001295AE;1;0;;vFreeformForlornHope02TriggerScript;;;34;No
DefaultDisableLinkOnSelfTriggerEnter;0012964A;2;0;Gas Valve;DefaultDisableLinkOnSelfTriggerEnterSCRIPT;;;568;No
vGOMAlarmTrigger;001296CE;7;0;Gas Valve;vGOMAlarmTriggerScript;;;886;No
VMS30AssaultTeamTrigger;001298AE;1;0;;VMS30AssaultTeamScript;;;24;No
VMS18HeckArrestTrigger;001299A9;1;0;;VMS18HeckArrestTriggerSCRIPT;;;1316;No
VMS18CompanionFreezerTrigger;00129A39;1;0;Gas Valve;VMS18CompanionFreezerTriggerSCRIPT;;;266;No
UltraLuxeGlows;00129ED3;1;0;;;;architecture\Strip\UltraLuxDome_Glows.NIF;2692;No
SVMainConsole;0012A932;1;0;Securitron Operations Console;SVMainConsoleScript;;clutter\consoles\genericconsolpanelonoff02.nif;116;Yes
SVKlaxonLight;0012AF2C;2;0;;SVKlaxonLightScript;;Dungeons\Vault\RoomU\Klaxon.NIF;77;No
VBSCave1NightStalkerTrigger;0012BD36;1;0;Night Stalker Trigger;VBSCave1NightStalkerTriggerSCRIPT;;;853;No
vHDVertiBirdEncounter01;001300E5;1;1;;vHDNCRRemnantVertibird;;vehicles\vertibirdencount02.nif;14327;No
VHDVertibirdKimballEncount01;00130C72;1;1;Presidental Vertibird;VHDKimballVertibirdScript;;vehicles\BF1Anim01.NIF;17406;No
FortArrivalTrigger;00131F97;2;0;Fort Arrival Trigger;FortArrivalTriggerScript;;;430;Yes
FortGateActivator;00132F42;1;0;;;;landscape\moat\NV_moat-wall-gateDoor01.NIF;383;Yes
vHDSpawner;00133069;1;0;Gas Valve;VHDSpawnerScript;;;523;No
vHDVertibirdSpawnerWest;00133072;1;0;Gas Valve;vHDNCRVertibirdTrigger;;;4613;No
VHDGunConsole;00133082;1;0;Console;VHDGunConsoleScript;;clutter\consoles\console01.nif;80;No
v34AssignKeycards;001330FA;1;0;KeycardVolume;V34Keycards;;;179;No
v34F2GhoulCage;001330FB;2;0;v34F2GhoulCage;v34F2GhoulDoor;;;177;No
v34ReactorRoomAmbush;001330FC;1;0;v34ReactorRoomAmbush;v34ReactorAmbush;;;186;No
v34AmbushVolume;001330FD;14;0;v34AmbushVolume;ambushVolume;;Architecture\Wasteland\WaterTowerPipes01.NIF;147;No
vNelsonRangerMiloActivateTriggerREF;00133CC7;1;0;;ActivateMiloSCRIPT;;;1208;No
SVSecuritronTrigger;00133CD4;1;0;Securitron Default Face Trigger;SVSecuritronTriggerScript;;;303;No
vHDVertiBirdEncounter02;00133F22;1;1;;vHDCLRemnantVertibird;;vehicles\vertibirdencount02.nif;11701;No
vHDVertibirdSpawnerEast;00133F25;1;0;Gas Valve;vHDCLVertibirdTrigger;;;4197;No
vHDNCRKhanTrigger;00133F27;1;0;Gas Valve;vHDKhanTriggerScript;;;1104;No
TecRenoldsDialogueActivator;00133F41;1;0;Renolds Dialogue Activator;NVTechatticupRenoldsDialogueScript;;;1219;No
SVSabotageTrigger01;001340B1;1;0;Sabotage Event 01;SVSabotageTrigger01Script;;;268;No
SVSabotageTrigger02;001340B6;1;0;Sabotage Event 02;SVSabotageTrigger02Script;;;496;No
SVJunctionBox;001340E0;1;0;Door Junction Box;SVJunctionBoxScript;;Clutter\GenElecSwitch01.NIF;18;No
SVSabotageTrigger03;001340EA;1;0;Sabotage Event 03;SVSabotageTrigger03Script;;;496;No
VHDRotateTrigger;00134152;4;0;Gas Valve;VHDRotateScript;;;79;No
NVCCLegionRadio;001343EB;1;0;Legion Radio;NVCCLegionRadioSCRIPT;;Clutter\HamRadio\hamradio.NIF;40;No
SVSabotageTrigger04;001344C7;1;0;Sabotage Event 04;SVSabotageTrigger04Script;;;384;No
SVPowerRegulator;001344CA;3;0;Power Regulator;SVPowerRegulatorScript;;Clutter\ElectricBox\ElectricBox1.NIF;122;No
VPitPositionFight;001347D5;1;0;;VPitFightersPrep;;;160;No
VPitGoFight;001347D6;1;0;;VPitFightersGo;;;398;No
VPitStartFight;001347D7;2;0;;VPitFightersStart;;;159;No
VPitQuestMantisEggs;0013494C;1;0;Giant Mantis Eggs;VMS38MantisEggsPickScript;;clutter\Ootheca1.NIF;39;No
VPitRefresh;0013494D;1;0;;VPitFightersRefresh;;;164;No
VPitPlayerGoFight;00134FDA;1;0;;VPitPlayerFighterGo;;;435;No
VPitPlayerPositionFight;00134FDB;1;0;;VPitPlayerFighterPrep;;;251;No
VPitPlayerStartFight;00134FDC;1;0;;VPitPlayerFighterStart;;;180;No
VPitSealFight1;00134FEA;1;0;;VPitFightersSeal;;;792;No
VPitSealFight2;00134FEC;1;0;;VPitFightersSeal2;;;417;No
VPitFightScriptHolder;00134FF1;1;0;Direct The Show;VPitFightScript;;;493;No
GenericEnableTrigger;00135024;1;0;;GenericTriggerEnableScript;;;0;No
vHDNCRPlantTrigger;00135025;4;0;;vHDNCRPlantSpawnTriggerScript;;;996;No
VHDWaterPushAwayTrigger;00135147;8;0;Gas Valve;VHDWaterPushAwayScript;;;203;No
VHDWaterEntryTrigger;00135149;3;0;Gas Valve;VHDWaterEntryScript;;;347;No
VMS39GraveBarkTrigger;0013568E;2;0;;VMS39GraveBarkTriggerSCRIPT;;;431;No
VMS39RidgeTrigger;0013568F;1;0;;VMS39RidgeTriggerSCRIPT;;;1160;No
vHDOverflowConsole;0013579B;1;0;Overflow Control Console;vHDOverflowConsoleScript;;clutter\consoles\console01.nif;80;Yes
VPitPlayerDoorAccessSeal;00135AD0;2;0;;VPitPlayerDoorPitAccessSeal;;;184;No
VPitSealFight3;00135B41;2;0;;VPitFightersSeal3;;;313;No
vHDBrotherhoodActivator;00136B3A;1;0;Gas Valve;vHDBrotherhoodActivatorScript;;terminals\terminal01.nif;43;No
VDoorSlidingBrokenR01;00136E15;3;0;;;;dungeons\vaultruined\doors\vdoorslidingbrokenR01.nif;217;No
VHDAntiaircraftGun;0013721D;1;0;;;;architecture\HooverDam\NV_HooverDam_AAGun.NIF;3261;No
vNiptonRescueTrigger;0013722A;1;0;vNiptonRescueTrigger;vNiptonRescueSCRIPT;;;359;No
vHDReleaseValve;00137285;1;0;Pressure Release Valve;vHDReleaseValveScript;;Architecture\Wasteland\WaterTowerPipes01.NIF;199;No
vHDBoomerEast;001372AF;1;0;;;;vehicles\B29\B29_BombAnim01.NIF;18395;No
vHDBoomerWest;001377A1;1;0;;;;vehicles\B29\B29_BombAnim02.NIF;18761;No
vHDBoomerWestTrigger;001377A2;1;0;Gas Valve;vHDBoomersWestScript;;Architecture\Wasteland\WaterTowerPipes01.NIF;911;No
vHDBoomerEastTrigger;001377A3;1;0;Gas Valve;vHDBoomersEastScript;;Architecture\Wasteland\WaterTowerPipes01.NIF;911;No
VPitQuestCazadorEggs;001378E1;1;0;Cazador Eggs;VMS38CazadorEggsPickScript;;clutter\anteggclutch02.nif;151;No
VPitQuestDeathclawEggs;001378E2;2;0;Deathclaw Eggs;VMS38DeathclawEggsPickScript;;dlc03\clutter\brahminegg\dlc03brahmineggpile01.nif;100;No
VPitQuestFireGeckoEggs;001378E3;1;0;Fire Gecko Eggs;VMS38FireGeckoEggsPickScript;;clutter\anteggclutch02.nif;151;No
VPitQuestNightStalkerEggs;001378E4;1;0;Night Stalker Eggs;VMS38NightStalkerEggsPickScript;;clutter\anteggclutch02.nif;151;No
VPitQuestScorpionEggs;001378E5;1;0;Radscorpion Eggs;VMS38ScorpionEggsPickScript;;clutter\anteggclutch02.nif;151;No
VMS39BSBarkTrigger;00137A15;4;0;;VMS39BSBarkTriggerSCRIPT;;;3116;No
VHDLegionFlanksTrigger;00137A78;1;0;Gas Valve;VHDLegionFlanksScript;;;645;No
VThornPitAccess01Switch;001380EC;1;0;Door Switch;VPitPlayerDoorPitAccessOpen;;clutter\genelecswitch01.nif;18;No
VHDLegionEastDamUpdateRespawners02Trigger;001382C9;1;0;Gas Valve;VHDLegionEastDamUpdateRespawners02Script;;;776;No
VHDLegionEastDamUpdateRespawners03Trigger;001382CB;1;0;Gas Valve;VHDLegionEastDamUpdateRespawners03Script;;;798;No
VHDLegionEastDamUpdateRespawners04Trigger;001382D0;1;0;Gas Valve;VHDLegionEastDamUpdateRespawners04Script;;;803;No
VHDCombatTestPanel;00138339;1;0;Vault Door Control Pod;VHDCombatTestPanelScript;;Dungeons\Vault\Accessories\ControlPanelVault01.NIF;68;No
VHDLegionNCRAmbushTrigger;001383FD;1;0;Gas Valve;;;;629;No
BCGreatKhanExitTrigger;0013845E;2;0;Great Khan Exit Trigger;BCGreatKhanExitTriggerScript;;;177;No
VBooneWarnFortTrigger;001385A6;1;0;;VBooneWarnFortTriggerSCRIPT;;;304;No
NVCCRadiationDeathActivator;00138A9C;1;0;LegionDeathVolume;NVCCRadiationDeathActivatorSCRIPT;;;2895;No
VHDLegionEastDamUpdateRespawners05Trigger;00139208;1;0;Gas Valve;VHDLegionEastDamUpdateRespawners05Script;;;803;No
VMQ05AssassinHintTrigger;0013937F;1;0;;VMQ05AssassinHintTriggerSCRIPT;;;529;No
NiptonCageTrigger;0013951C;1;0;Nipton Cage Trigger;GenericOpenLinkedOnTriggerScript;;;31;No
VMQ03aBloodStain;00139A7D;1;0;Blood Stain;VMQ03aBloodStainScript;;effects\forcefieldfx\forcefieldrightimpact01.nif;690;No
NVCCPlayerStorageActivator;00139B71;1;0;;NVCCPlayerStorageActivatorScript;;;148;No
vGomorrahSlot01;00139FE2;10;0;Slot Machine;vGomorrahSlot01Script;;clutter\casino\Slot_Machine01Gomorrah.NIF;39;No
VNelsonCompanionReactTrigger;0013A024;1;0;Gas Valve;VNelsonCompanionReactTriggerSCRIPT;;;1099;No
vHDNCRZoneTrigger;0013A355;10;0;Gas Valve;vHDNCRZoneTriggerSCRIPT;;Architecture\Wasteland\WaterTowerPipes01.NIF;3143;No
NVCCSlaveHeadPopper;0013A3B7;4;0;SlaveDeathVolume;NVCCSlaveHeadPopperSCRIPT;;;2638;No
NVCCSlaveDialogueActivator;0013A63C;1;0;SlaveDialogueVolume;NVCCSlaveDialogueActivatorSCRIPT;;;861;No
ControlPanel;0013A6AB;3;0;;;;clutter\ControlPanel\ControlPanel.NIF;108;No
v34F3GhoulCage;0013A725;1;0;v34F3GhoulCage;v34F3GhoulDoor;;;168;No
VHDCheckpointLegionEnableTrigger;0013AC5A;1;0;Gas Valve;VHDCheckpointLegionEnableScript;;;93;No
VHDWestDamStartBattleTrigger;0013AC62;1;0;Gas Valve;VHDWestDamStartBattleScript;;;498;No
VHDLegionWestDamUpdateRespawners01Trigger;0013B157;1;0;Gas Valve;VHDLegionWestDamUpdateRespawners01Script;;;1062;No
VHDLegionWestDamUpdateRespawner03Trigger;0013B158;1;0;Gas Valve;VHDLegionWestDamUpdateRespawners03Script;;;1807;No
VHDWestDamSniperTeamBattleTrigger;0013B159;1;0;Gas Valve;;;;417;No
VHDLegionWestDamUpdateRespawner04Trigger;0013B15A;1;0;Gas Valve;VHDLegionWestDamUpdateRespawners04Script;;;1379;No
VHDLegionWestDamUpdateRespawners02Trigger;0013B15B;1;0;Gas Valve;VHDLegionWestDamUpdateRespawners02Script;;;573;No
vNiptonVulpesTriggerREF;0013BF56;1;0;vNiptonVulpesTrigger;vNiptonVulpesScript;;;761;No
VHDIntakeTowerLegionaryDespawnTrigger;0013CA33;1;0;Gas Valve;VHDIntakeTowerLegionaryDespawnScript;;;147;No
VMQ03RoofWarning1Trigger;0013D483;1;0;;VMQ03RoofWarning1TriggerSCRIPT;;;283;No
VMQ03RoofWarning2Trigger;0013D485;1;0;;VMQ03RoofWarning2TriggerSCRIPT;;;188;No
CampfireCrafting01;0013E3FA;45;1;Campfire;CraftingCampfireRecipesScript;;clutter\camps\campfire01.nif;102;No
CampfireCrafting02;0013E3FC;61;1;Campfire;CraftingCampfireRecipesScript;;clutter\camps\campfire02.nif;104;No
CampfireCrafting03;0013E3FD;74;1;Campfire;CraftingCampfireRecipesScript;;clutter\camps\campfire03.nif;104;No
CampfireCrafting04;0013E3FE;106;1;Campfire;CraftingCampfireRecipesScript;;clutter\camps\campfire04.nif;47;No
VOVNVAndyTurfCodeHolder;0013E53E;1;0;;VOVNVAndyTurfQuestScript;;;158;No
VOVNVAndyNoteHereQuestTrigger;0013E53F;2;0;;VOVNVAndyNotHereTrigger;;;182;No
VHDWatsonsHelmet;0013E5C8;1;0;Watson's Helmet;VHDWatsonsHelmetScript;;clutter\WatsonHelmet\WatsonHelmet.NIF;14;Yes
VFSEastGateBodyguardTrigger;0013EC28;2;0;Gas Valve;VFSEastGateBodyguardScript;;;475;No
VControlPanel01R;0013EF5A;15;0;;;;dungeons\vaultruined\accessories\vcontrolpanelr01.nif;41;No
GenericPurgeCellBufferTrigger;0013F215;7;0;;;;;439;No
vHDNCRSecurityCheckpointTrigger;0013F218;1;0;Gas Valve;vHDNCRSecurityCheckpointTriggerScript;;;639;No
NVCaveInteriorTransitionVolume;0013F327;5;0;;NVCaveInteriorTransitionSCRIPT;;;439;No
VTopsBennysPassageTrigger;0013F5B5;1;0;Gas Valve;VTopsBennysPassageTriggerSCRIPT;;;350;No
VOVNVHostetlerCodeHolder;0013F855;1;0;;VOVNVHostetlerHomeShowdownScript;;;112;No
VHDOliverWallBreakTrigger;0013F8BA;1;0;Gas Valve;VHDOliverWallBreakScript;;;270;No
vSwitch;00140212;6;0;Automatic Door Override;;;Clutter\GenElecSwitch01.NIF;18;No
V03BryceCleanUpTrigger;00140C34;1;0;Vault Door Control Pad;V03BryceAndersCleanUpTrigger;;Dungeons\Vault\Accessories\ControlPanelVault01.NIF;514;No
QJSnufflesCrippleTrigger;00140C35;1;0;Poor Snuffles;QJSnufflesCrippleTriggerScript;;Dungeons\Vault\Accessories\ControlPanelVault01.NIF;50;No
VHDOliverCombatDialogTrigger;00140C9D;1;0;Gas Valve;VHDOliverCombatDialogScript;;;362;No
VHDOliverRangerBattleStartTrigger;00140C9E;1;0;Gas Valve;VHDOliverRangerBattleStartScript;;;840;No
VHDOliverTeleportTrigger;00140C9F;1;0;Gas Valve;VHDOliverTeleportScript;;;220;No
ChompsLewisTriggerNorth;00140E27;1;0;ChompsLewisTriggerNorth;ChompsLewisTriggerNorthScript;;;974;No
VFreeformVault11KillerMarker;0014111F;1;0;Vault 11 Code Killer;VFreeformVault11KillScript;;;191;No
VFreeformVault11TriggerMarker;00141120;1;0;Vault 11 Code Trigger;VFreeformVault11KickerScript;;;249;No
FortMainGateActivator;0014113D;1;0;;FortMainGateActivatorScript;;landscape\moat\NV_moat-wall-gateDoor01.NIF;383;Yes
FortMainGateExteriorTrigger;0014113F;1;0;Fort Main Gate Exterior Trigger;FortMainGateExteriorTriggerScript;;;331;No
FortMainGateInteriorTrigger;00141142;1;0;Fort Main Gate Interior Trigger;FortMainGateInteriorTriggerScript;;;357;No
VHDOliverHeavyTrooperEnableTrigger;0014114B;1;0;Gas Valve;VHDOliverHeavyTrooperEnableScript;;;220;No
VHDOliverPlayerInRoomTrigger;0014114C;10;0;Gas Valve;VHDOliverPlayerInRoomScript;;;388;No
VHDOliverDestroyWallTrigger;0014114D;16;0;Gas Valve;VHDOliverDestroyWallScript;;;252;No
VAutomaticDoorClose;001411B3;4;0;Automatic Door;VAutomaticDoorCloseScript;;;247;No
VHDBattleOptimizerTrigger;001418DC;0;1;Gas Valve;VHDBattleOptimizerScript;;;115;No
VLegateFightTrigger;00142A7E;1;0;Fight The Badass;VLegateFightTriggerScript;;;356;No
vHDNCRPlantRespawnTrigger;0014382B;26;0;;vHDNCRPlantRespawnTriggerScriptNEW;;;673;No
VLegateShowdownCodeHolder;001438CE;1;0;Direct the Show;VLegateShowdownControlScript;;;126;No
MicroclineRock;00143951;2;0;Microcline Rock;VMS42MicroclineRockScript;;dungeons\caves\rocks\NVSulfurRockCaveCrystal.NIF;912;No
VLegateSniperTrigger;00143FB9;2;0;Sniper on the Hills;VLegateSniperFightTriggerScript;;;230;No
VMS41StealthBoyPrototype;001445B0;1;0;Stealth Boy Mark II Prototype;VMS41StealthBoyPrototypeScript;;clutter\health\stealthboy.nif;7;Yes
RegisTalkTrigger;00144680;1;0;Gas Valve;;;;232;No
vHDNCRBattleCellTransition;00144BBD;25;1;Gas Valve;vHDNCRBattleCellTransitionScriptNEW;;;765;No
VRRCKarlAmbushTrigger;00144EB5;2;0;Karl Ambush Trigger;VRRCKarlAmbushTriggerSCRIPT;;;4316;No
BlackjackTableTheTops;00145C84;4;0;Blackjack Table;BlackjackTableTheTopsScript;;clutter\casino\CardTable01.NIF;107;No
VHDAmbushedRangerTrigger;00145EB7;1;0;;VHDAmbushedRangerTriggerSCRIPT;;;387;No
VHDLegateCampSquad02StarterTrigger;0014659F;1;0;Gas Valve;VHDLegateCampSquad02StarterScript;;;990;No
VHDLegionPowerPlant01BattleController;001465A0;1;0;Gas Valve;VHDLegionPowerPlant01BattleControllerScript;;;125;No
VHDLegateCampDisableMarker;001465A1;1;0;Gas Valve;VHDLegateCampDisableScript;;;421;No
VHDLegateCampSquadStarterTrigger;001465A3;0;0;Gas Valve;;;;1657;No
CampSearchlightEdwardsLeaving;00146613;1;0;Edwards is leaving Camp Searchlight;CampSearchlightEdwardsLeavingScript;;;237;No
CampSearchlightEdwardsFindsAstor;00146614;1;0;Edwards Finds Astor;CampSearchlightEdwardsFindsAstorScript;;;198;No
CampSearchlightEdwardsRecruitGhouls;00146615;1;0;Edwards Recruiting Ghouls;CampSearchlightEdwardsAddsGhoulsScript;;;217;No
VHDLegionPowerPlant02BattleController;00146A79;1;0;Gas Valve;VHDLegionPowerPlant02BattleControllerScript;;;95;No
VHDLegionPowerPlant04BattleController;00146C2A;1;0;Gas Valve;VHDLegionPowerPlant04BattleControllerScript;;Architecture\Wasteland\WaterTowerPipes01.NIF;358;No
VHDLegionPowerPlant03BattleController;00146C2C;1;0;Gas Valve;VHDLegionPowerPlant03BattleControllerScript;;;83;No
vHDPowerPlant01LoadTrigger;00146CC2;1;0;Gas Valve;FantasticTransitionScript;;;89;No
LoganInPolice;00146F74;1;0;logan in police;CampSearchlightLoganSearchPolice;;;202;No
vHDNCRDeathTrigger;00147502;1;0;Gas Valve;vHDNCRDeathTriggerScript;;;92;No
vHDCellTransitionController;00147507;1;0;Gas Valve;vHDCellTransitionControllerScript;;;41;No
VMS41DoctorHenryTrigger;0014775A;1;0;Doctor Henry Trigger;VMS41DoctorHenryTriggerScript;;;84;Yes
VHDLegionEastDamZone02EnableTrigger;0014808F;1;0;Gas Valve;VHDLegionEastDamZone02EnableScript;;;1157;No
VHDLegionEastDamUpdateRespawners00Trigger;00148090;1;0;Gas Valve;VHDLegionEastDamUpdateRespawners00Script;;;708;No
VHDLegionEastDamZone03EnableTrigger;00148092;1;0;Gas Valve;VHDLegionEastDamZone03EnableScript;;;617;No
VHDLegionEastDamUpdateRespawners06Trigger;00148095;1;0;Gas Valve;VHDLegionEastDamUpdateRespawners06Script;;;803;No
VHDLegionEastDamUpdateRespawners01Trigger;00148096;1;0;Gas Valve;VHDLegionEastDamUpdateRespawners01Script;;;2110;No
VHDLegionEastDamAdvanceLegionaries01Trigger;00148097;1;0;Gas Valve;VHDLegionEastDamAdvanceLegionaries01Script;;;2224;No
VHDLegionEastDamAdvanceLegionaries02Trigger;00148099;1;0;Gas Valve;VHDLegionEastDamAdvanceLegionaries02Script;;;697;No
VHDLegionEastDamZone01EnableTrigger;0014809A;1;0;Gas Valve;VHDLegionEastDamZone01EnableScript;;;4105;No
VHDLegionEastDamAdvanceLegionaries03Trigger;0014809B;1;0;Gas Valve;VHDLegionEastDamAdvanceLegionaries03Script;;;617;No
CampSearchlightLoganFireSearch;001482F1;1;0;Logan searches Fire Station;CampSearchlightLoganSearchFire;;;195;No
vHDLegateBattleEndTrigger;001483FB;1;0;Gas Valve;vHDLegateBattleEndTriggerScript;;;540;No
NVCaveTransitionController;0014842C;1;0;;NVCaveTransitionControllerSCRIPT;;;623;No
JacobstownMercenaryTrigger;00148A2F;1;0;Jacobstown Mercenary Trigger;JacobstownMercenaryTriggerScript;;;183;No
NVCGRadioActivator;0014ADB7;1;0;Ham Radio;NVCGRadioActivatorSCRIPT;;Clutter\HamRadio\hamradio.NIF;40;No
VHDLegionWestDamUpdateDestination01Trigger;0014AE17;1;0;Gas Valve;VHDLegionWestDamUpdateDestination01Script;;;688;No
VHDLegionWestDamUpdateDestination02Trigger;0014AE1A;1;0;Gas Valve;VHDLegionWestDamUpdateDestination02Script;;;688;No
VHDLegionWestDamZone02EnableTrigger;0014AE1D;1;0;Gas Valve;VHDLegionWestDamZone02EnableScript;;;688;No
VHDLegionWestDamZone03EnableTrigger;0014AE1F;1;0;Gas Valve;VHDLegionWestDamZone03EnableScript;;;688;No
VHDLegionWestDamZone04EnableTrigger;0014AE22;1;0;Gas Valve;VHDLegionWestDamZone04EnableScript;;;688;No
VHDLegionOuterPowerPlantGuardTrigger;0014AEE2;1;0;Gas Valve;;;;3017;No
VeronicaReactionMcCarranTrigger;0014B044;2;0;;VeronicaReactionMcCarranTriggerSCRIPT;;;274;No
VeronicaConfrontElderTrigger;0014B045;1;0;;VeronicaConfrontElderTriggerSCRIPT;;;89;No
VeronicaReactionFiendsTrigger;0014B046;1;0;;VeronicaReactionFiendsTriggerSCRIPT;;;246;No
VeronicaForceGreetTrigger;0014B047;2;0;;VeronicaForceGreetTriggerSCRIPT;;;130;No
VMS41LilyTrigger;0014B0E7;1;0;Lily Trigger;;;;88;No
vHDVintageRadioNVStartON;0014B3ED;6;0;Radio;VintageRadioStartOnSCRIPT;;Clutter\VintageRadio\VintageRadio01.NIF;30;No
VHDLegionOliverForceFieldImpactVolume;0014B67D;8;0;;VHDLegionOliverForceFieldImpactVolumeScript;;Effects\ForceFieldFX\ForceFieldRightImpact01.NIF;690;No
VHDLegionOliverRangerTrapBearTrap;0014B67E;13;2;Bear Trap;VHDLegionOliverRangerTrapBearTrapScript;;Traps\BearTrap01.NIF;59;No
VHDLegionOliverGenerator01;0014B67F;1;0;Fusion Generator;VHDLegionOliverGenerator01Script;;Clutter\FusionGenerator\FusionGenerator01.NIF;53;No
VHDLegionOliverTrapTripwire;0014B681;13;2;Tripwire;VHDLegionOliverRangerTrapTripwireScript;;Traps\Tripwire01.NIF;152;No
LoganEVP;0014BE12;11;0;Logan evaluates packages;LoganEvaluatePackages;;;689;No
RouletteTableTheTops;0014C136;1;0;Roulette Table;RouletteTableTheTopsScript;;clutter\casino\RouletteTable01.NIF;129;No
VHDLegionOliverBattleTrigger;0014C634;1;0;Gas Valve;VHDLegionOliverBattleScript;;;220;No
VHDLegionOliverRetreatTrigger;0014C638;1;0;Gas Valve;VHDLegionOliverRetreatScript;;;220;No
VHDLegionLegateFinalTalkTrigger;0014C651;1;0;Gas Valve;;;;388;No
VHDLegionPowerPlantQuestUpdateTrigger;0014C653;1;0;Gas Valve;VHDLegionPowerPlantQuestUpdateScript;;;897;No
CampSearchlightInChurch;0014C68D;1;0;player in church;CampSearchlightPlayerInChurch;;;177;No
LoganQuestLeavingSearchlight;0014C68E;1;0;Player on Logan's quest leaving Searchlight;CampSearchlightPlayerLeavingScript;;;6699;No
vHDNCROutsideOliver;0014C69A;1;0;Gas Valve;vHDNCROutsideOliverScript;;Architecture\Wasteland\WaterTowerPipes01.NIF;659;No
vHDNCRRadioTransmission;0014C69E;6;0;Gas Valve;vHDNCRRadioTransmissionSCRIPT;;Architecture\Wasteland\WaterTowerPipes01.NIF;2229;No
NVCGBarkEnableTrigger;0014CF67;1;0;;NVCGBarkEnableTriggerSCRIPT;;;599;No
NVCGScorpionEnableTrigger;0014CF68;1;0;;NVCGScorpionEnableTriggerSCRIPT;;;818;No
NVCGRatEnableTrigger;0014CF69;1;0;;NVCGRatEnableTriggerSCRIPT;;;599;No
VHDLegionEnterLegatesTentTrigger;0014DA5B;1;0;Gas Valve;VHDLegionEnterLegatesTentScript;;;318;No
VHDLegionIntakeTowerCenturionBarksTrigger;0014DA5C;1;0;Gas Valve;VHDLegionIntakeTowerCenturionBarksScript;;;776;No
VMS49FilingCabinetTrigger;0014E2AF;1;0;;VMS49FilingCabinetTriggerSCRIPT;;;169;No
AstorPatrol;0014E32B;2;0;Astor Patrol Stop;CampSearchlightAstorPatrolScript;;;420;No
VMS49BeheadedCorpseUpdateTrigger;0014E838;2;0;Gas Valve;VMS49BeheadedCorpseUpdateTriggerSCRIPT;;;483;No
TopsRadioSpeaker;0014E8E6;5;0;;BMVintageRadioBMRScript;;dungeons\vaultruined\accessories\vloudspeakersr01.nif;35;No
VHDLegionPowerPlant02SpawnTrigger;0014E950;18;0;Gas Valve;VHDLegionPowerPlant02SpawnScript;;;355;No
VHDLegionPowerPlant03SpawnTrigger;0014E951;28;0;Gas Valve;VHDLegionPowerPlant03SpawnScript;;;206;No
VHDLegionPowerPlant01SpawnTrigger;0014E952;32;0;Gas Valve;VHDLegionPowerPlant01SpawnScript;;;459;No
VHDLegionPowerPlantLegionaryDisableTrigger;0014E953;9;0;Gas Valve;VHDLegionPowerPlantLegionaryDisableScript;;;265;No
VMS51BottleCapPress;0014EF60;1;0;Bottle Cap Press;VMS51BottleCapPressScript;;architecture\Repcon\Repmactool02.nif;142;Yes
VHDLegionPowerPlant04SpawnTrigger;0014F084;21;0;Gas Valve;VHDLegionPowerPlant04SpawnScript;;;370;No
VLegateEndFailSafe;0014F0DB;1;0;End The Badass;VLegateEndFailsafeTrigger;;;429;No
VMS49HVExitTrigger;0014F0F0;1;0;Gas Valve;VMS49HVExitTriggerSCRIPT;;;222;No
VMS49BunkerConfrontationEnablerTrigger;0014F0F1;1;0;;VMS49BunkerConfrontationEnablerTriggerSCRIPT;;;154;No
VMQ03aTowerRangerTrigger;0014F27E;1;0;;VMQ03aTowerRangerTriggerSCRIPT;;;253;No
VHDOliverRangerSniperRightLaneTrigger;0014F3BB;1;0;Gas Valve;VHDOliverRangerSniperRightLaneScript;;;1311;No
VHDOliverRangerSniperLeftLaneTrigger;0014F3BC;1;0;Gas Valve;VHDOliverRangerSniperLeftLaneScript;;;1300;No
VHDOliverRangerSniperMiddleRightLaneTrigger;0014F3BD;2;0;Gas Valve;VHDOliverRangerSniperMiddleRightLaneScript;;;1312;No
VHDOliverRangerSniperMiddleLaneTrigger;0014F3BE;1;0;Gas Valve;VHDOliverRangerSniperMiddleLaneScript;;;1300;No
VHDOliverRangerSniperRetreatTrigger;0014F3BF;1;0;Gas Valve;VHDOliverRangerSniperRetreatScript;;;774;No
VHDOliverRangerSniperReverseRetreatTrigger;0014F3C0;1;0;Gas Valve;VHDOliverRangerSniperReverseRetreatScript;;;778;No
VHDOliverRangerSniperLeftMiddleLaneTrigger;0014F3C1;1;0;Gas Valve;VHDOliverRangerSniperLeftMiddleLaneScript;;;1312;No
VHDOliverTrapTrigger;0014F487;9;0;Gas Valve;VHDOliverTrapScript;;;163;No
VHDOliverRangerMineLayingTrigger;0014F488;26;0;Gas Valve;VHDOliverRangerMineLayingScript;;;183;No
VMS15ShoreTriggerMarker;0014F50E;1;0;Gas Valve;VMS15ShoreTriggerMarkerScript;;;458;No
VMS53NoteTrigger;00151401;1;0;;VMS53NoteTriggerSCRIPT;;;232;No
VStripSS1CodeHolder;0015181E;2;0;Direct the Show;VStripSS1ControlScript;;;102;No
NelsonLightBeamAct;0015182D;10;0;;;;effects\ambient\fxlightbeamw01dim.nif;1533;No
VStreetSS2StationTrigger;00151E3C;2;0;;VStripSS2StationTriggerScript;;;624;No
TopsPlayersSuiteTrigger;00151EE2;1;0;Player's Suite Trigger;TopsPlayersSuiteTriggerSCRIPT;;;171;No
Lucky38EntSignGlow;0015215B;3;0;;Lucky38LightScript;;architecture\Strip\Lucky38EntSignGlow.NIF;878;No
NelsonGenerator01;00152319;1;0;Generator;NelsonGenerator01SCRIPT;;Clutter\ElectricBox\Generator01.NIF;41;No
NelsonGenerator02;0015231C;1;0;Generator;NelsonGenerator02SCRIPT;;Clutter\ElectricBox\Generator01.NIF;41;No
VNelsonBattlefieldTrigger;00152409;1;0;;VNelsonBattlefieldSCRIPT;;Architecture\Wasteland\WaterTowerPipes01.NIF;157;No
UltraLuxeWindowGlows;0015261A;1;0;;Lucky38LightScript;;architecture\Strip\UltraLuxWindow_Glows.NIF;2440;No
NelsonPCBTrigger01;00152B46;1;0;NelsonPCBTrigger01;NelsonPurgeCellBufferTrigger;;;455;No
NelsonDeadSeaTrigger01REF;00152B47;1;0;NelsonDeadSeaTrigger;NelsonDeadSeaTriggerSCRIPT;;;607;No
VMS52RadioAlpha;00152BEA;1;0;Ham Radio;VMS52RadioAlphaScript;;Clutter\HamRadio\hamradio.NIF;40;No
VMS52RadioBravo;00152BED;1;0;Ham Radio;VMS52RadioBravoScript;;Clutter\HamRadio\hamradio.NIF;40;No
VMS52RadioCharlie;00152BEE;1;0;Ham Radio;VMS52RadioCharlieScript;;Clutter\HamRadio\hamradio.NIF;40;No
VMS52RadioDelta;00152BEF;1;0;Ham Radio;VMS52RadioDeltaScript;;Clutter\HamRadio\hamradio.NIF;40;No
VMS52RadioEcho;00152BF0;1;0;Ham Radio;VMS52RadioEchoScript;;Clutter\HamRadio\hamradio.NIF;40;No
VMS52RadioFoxtrot;00152BF1;1;0;Ham Radio;VMS52RadioFoxtrotScript;;Clutter\HamRadio\hamradio.NIF;40;No
GomorrahLights;00152C88;2;0;;Lucky38LightScript;;architecture\Strip\GomorrahLights.NIF;5860;No
TopsCasinoLights;00152C89;1;0;;CasinoBaseLightScript;;architecture\Strip\NV_TheTops-Casino_Neon.NIF;3980;No
TopsHotelLights;00152C8A;2;0;;Lucky38LightScript;;architecture\Strip\NV_TheTops-Hotel_Neon.NIF;3273;No
VStripMrHoldoutApproachTrigger;0015356B;1;0;;VStripMrHoldoutApproachTriggerScript;;;1915;No
VStripMrHoldoutFailsafeCodeHolder;001535CA;1;0;;VStripHoldoutKillGreetCode;;;159;No
ReloadingBench;0015361F;94;0;Reloading Bench;CraftingReloadingBenchRecipesScript;;clutter\reloadingbench\reloadingbench.NIF;101;No
NewVegasRadio;00153738;8;0;Radio;;;Clutter\VintageRadio\VintageRadio01.NIF;30;No
VHDEastPPConsole;00153FB2;1;0;East Power Electrical Switch;VHDEastPPConsoleSCRIPT;;clutter\electricalswitch02.nif;25;No
VHDWestPPConsole;00153FC6;1;0;West Power Plant Control Box;VHDWestPPConsoleSCRIPT;;clutter\genelecswitch01.nif;18;No
VT74stage10TRIG;00154131;1;0; ;VT74stage10triggerSCRIPT;;;247;No
VT74OverseerOffice;00154137;1;0;OverseersOffice;VT74EndTRIG;;;396;No
VStripSS2TrooperAEndPack;0015421D;1;0;Direct the Show;VStripSS2TravelEndTrooperA;;;208;No
VStripSS2TrooperBEndPack;0015421E;1;0;Direct the Show;VStripSS2TravelEndTrooperB;;;202;No
VStripSS2TrooperCEndPack;0015421F;1;0;Direct the Show;VStripSS2TravelEndTrooperC;;;208;No
VStripSS2TrooperDEndPack;00154220;1;0;Direct the Show;VStripSS2TravelEndTrooperD;;;202;No
VHDSecuritronVaultTRG;00154237;1;0;;VHDSecuritronVaultSCRIPT;;;300;No
VHDMainControlPanelTrigger;0015423B;1;0;;VHDMainControlPanelSCRIPT;;;307;No
GenericWaterPump;00154351;9;0;Water Valve;;d1PurifiedWater0r30h;Architecture\Wasteland\WaterTowerPipes01.NIF;199;No
VHDIndependentStartTrigger;001554E4;1;0;;VHDIndependentStartSCRIPT;;;226;No
VHDIndependentEndingTrigger;001554E7;1;0;;VHDIndependentEndingTriggerSCRIPT;;;1360;No
VFSNCRTroopsLeaveTrigger;001558CA;1;0;Gas Valve;VFSNCRTroopsLeaveTriggerScript;;;167;No
VERT4NightStalkerDenTrigger2;00156761;1;0;Heighten the Show;VERT4NightStalkerDen01Trigger2Script;;;681;No
VERT4NightStalkerDenCodeHolder;00156762;1;0;Direct the Show;VERT4NightStalkerDen01Script;;;158;No
VERT4NightStalkerDenTrigger1;00156763;1;0;Start the Show;VERT4NightStalkerDen01Trigger1Script;;;665;No
VERT1GSCoyoteDenCodeHolder;00156A97;1;0;Direct the Show;VERT1CoyoteDenGSScript;;;233;No
VERT1GSCoyoteDenTrigger1;00156A99;1;0;Start the Show;VERT1CoyoteDenGSTriggerScript;;;217;No
WeatherStationTrigger;00156FB8;1;0;Weather Station Trigger;WeatherStationTriggerScript;;;190;No
PrimmMuseumCase;001572E1;1;0;Vance's Personal Machine Gun;PrimmMuseumPlaqueScript;;architecture\urban\archives\archivesdisplaycases02.nif;0;No
FortCaesarTentTrigger;00157373;1;0;Caesar's Tent Trigger;FortCaesarTentTriggerScript;;;216;No
VHDControlRoomGuardTrigger1;0015799C;1;0;;VHDControlRoomGuardTrigger1SCRIPT;;;559;No
VHDControlRoomGuardTrigger2;0015799E;1;0;;VHDControlRoomGuardTrigger2SCRIPT;;;250;No
FortOthoTrigger;00157CD3;1;0;Otho Trigger;FortOthoTriggerScript;;;149;No
VHDBigGunExplodeTrigger;00157EEF;1;0;;VHDBigGunExplodeTriggerSCRIPT;;;2342;No
VHDIndependentBattleIntTrigger;00157EF2;1;0;;VHDIndependentBattleIntTriggerSCRIPT;;;205;No
VHDIndyIntLegionSpawnEastTrigger;00157F09;1;0;;VHDIndyIntLegionSpawnEastTriggerSCRIPT;;;236;No
CampSearchlightAstorBark;001582F7;6;0;Astor Greets Player;CampSearchlightAstorBarkScript;;;3345;No
CampSearchlightAstorBarkDeActivate;001582F8;6;0;Astor Greets Player Deactivation;CampSearchlightAstorBarkDeActivatorScript;;;3699;No
VESGSGeckomanTrigger01;00158346;1;0;GSGeckomanSpringTrap;VES02GeckomanGSScript;;;755;No
Lucky38CasinoTrigger01;00158353;2;0;Gas Valve;Lucky38CasinoTrigger01SCRIPT;;;226;No
HanlonOfficeTrigger;0015852F;2;0;Chief Hanlon's office trigger.;HanlonOfficeTriggerSCRIPT;;;230;No
VHDIndyIntLegionSpawnWestTrigger;00158640;1;0;;VHDIndyIntLegionSpawnWestTriggerSCRIPT;;;242;No
HanlonBalconyTrigger;00158678;1;0;HanlonBalconyTrigger;HanlonBalconyTriggerSCRIPT;;;539;No
CampGolfRadioSpeaker;00158679;7;0;;VCampGoldLoudspeakerScript;;dungeons\vaultruined\accessories\vloudspeakersr01.nif;35;No
VES1GSVictorNorthTrigger01;00159780;1;0;VicWarnsYouFool;VESVictorGuardTrigger01Script;;;958;No
VFSSilverRushGuardPacerTalksToSimonTrigger;001598B7;1;0;Gas Valve;VFSSilverRushGuardPacerTalksToSimonScript;;;646;No
VFSSilverRushCustomerEnterTrigger;001598B8;1;0;Gas Valve;VFSSilverRushCustomerEnterScript;;;166;No
SafehouseBoSHidden;00159A9A;1;0;;SafehouseBoS02;;;139;No
SafehouseBoSEnterExit;00159A9B;1;0;Enter/Exit Safehouse;SafehouseBoS01;;;88;No
SafehouseNCRSandbox;0015A01F;1;0;;SafehouseNCR03;;;150;No
SafehouseBoSSandbox;0015A020;1;0;;SafehouseBoS03;;;128;No
SafehouseFollowersHidden;0015A021;1;0;;SafehouseFollowers02;;;140;No
SafehouseFollowersEnterExit;0015A022;1;0;;SafehouseFollowers01;;;120;No
SafehouseNCRHidden;0015A023;1;0;;SafehouseNCR02;;;120;No
SafehouseNCREnterExit;0015A024;1;0;;SafehouseNCR01;;;148;No
SafehouseLegionHidden;0015A025;1;0;;SafehouseLegion02;;;154;No
SafehouseLegionEnterExit;0015A026;1;0;;SafehouseLegion01;;;136;No
HVHuntingVirusTrigger;0015A156;1;0;Gas Valve;HVHuntingVirusScript;;;990;No
RegisTalkTrigger2;0015A380;1;0;Gas Valve;;;;235;No
SLRemnantsBunkerPanel;0015A38E;1;0;Door Control Panel;SLRemnantsBunkerPanelScript;;Dungeons\Vault\Accessories\VControlPanel04.NIF;68;No
VMS49OutpostTrigger;0015A813;1;0;;VMS49OutpostTriggerSCRIPT;;;176;No
GenericEvaluatePackageOnLinkedTrigger;0015A814;1;0;Gas Valve;GenericEvaluatePackageOnLinkedTriggerSCRIPT;;;171;No
VRemOrionMorenoTrigger;0015B3A4;1;0;Orion Moreno Dialogue Trigger;VRemOrionMorenoTriggerScript;;;255;No
VRemJudahKregerTrigger;0015B3AB;1;0;Judah Kreger Trigger;;;;202;No
VHiddenValleyVeronicaEnterTrigger;0015B6D6;1;0;;VHiddenValleyVeronicaEnterTriggerSCRIPT;;;727;No
VStripSS00RandomizerTrigger;0015B7A7;2;0;Choose a Show;VStripSS0RandomizerTrigger;;;299;No
WeatherStationTriggerInterior;0015BCA3;1;0;Weather Station Dialogue Trigger;WeatherStationTriggerInteriorScript;;;177;No
TechLegionGateActivator;0015BCA7;1;0;;TecMineLegionGateScript;;;49;No
VES09BlouderCityTrigger02;0015C445;2;0;Going South;VES09BoulderCityTrigger02Script;;;2405;No
VES09BlouderCityTrigger01;0015C446;3;0;Going North;VES09BoulderCityTrigger01Script;;;1676;No
vTopsSlot01;0015CB95;8;0;Slot Machine;SlotMachineTheTopsScript;;clutter\casino\Slot_Machine01TOPS.NIF;39;No
BananaYuccaPickableWestside;0015D433;1;0;Banana Yucca;BananaYuccaScript;;landscape\trees\NVBananaYucca.NIF;0;No
VES04Trigger01DUPLICATE000;0015D44B;1;0;;VES04FactionReactionPrimmGSTrigger01Script;;;1003;No
VES04Trigger02DUPLICATE000;0015D44C;1;0;;VES04FactionReactionPrimmGSTrigger02Script;;;1619;No
RaulAndyConversation;0015D84A;1;0;Raul Andy Conversation;RaulAndyConversationSCRIPT;;;1082;No
VES04Trigger004;0015D87F;1;0;;VES04FactionReactionPrimmGSTrigger04Script;;;761;No
VES04Trigger005;0015D880;1;0;;VES04FactionReactionPrimmGSTrigger05Script;;;249;No
VES04Trigger003DUPLICATE000;0015D881;1;0;;VES04FactionReactionPrimmGSTrigger03Script;;;1325;No
SunnySmilesTrigger;0015D9B9;1;0;Sunny Smiles Trigger;;;;241;No
VCG03CampfireTrigger;0015D9EF;1;0;;VCG03CampfireTriggerSCRIPT;;;215;No
VCG03GatherTrigger;0015D9F0;2;0;;VCG03GatherScript;;;254;No
NVGamSignGlo;0015E35F;6;0;;;;architecture\Strip\NV_Gam_SignGlo.NIF;789;No
RaulJacobstownTrigger;0015E52F;1;0;Gas Valve;RaulJacobstownTriggerSCRIPT;;;3945;No
RaulREPCONTrigger;0015E530;1;0;Gas Valve;RaulRepconTriggerSCRIPT;;;904;No
RaulForlornHopeTrigger;0015E531;2;0;Gas Valve;RaulForlornHopeTriggerSCRIPT;;;4758;No
RaulFestusTrigger;0015E532;1;0;Gas Valve;RaulFestusTriggerSCRIPT;;;252;No
RaulPvtHalfordTrigger;0015E533;2;0;Gas Valve;RaulPvtHalfordTriggerSCRIPT;;;398;No
HVBunkerGuardDisplayTrigger;0015E57F;1;0;Gas Valve;HVBunkerGuardDisplayTriggerScript;;;361;No
VERT3CentaurBMTrigger2;0015E8FC;1;0;Start the Show;VERT3CentaurBMTrigger02Script;;;1756;No
VERT3CentaurBMTrigger1;0015E8FD;5;0;Start the Show;VERT3CentaurBMTrigger01Script;;;2962;No
VERT4AntSVTrigger1;0015E8FE;1;0;Start the Show;VERT4AntSVTriggerScript;;;237;No
VERT3ScorpionGulchCodeHolder;0015E8FF;1;0;Direct the Show;VERT3BarkScorpionGulchScript;;;180;No
VERT3CentaurBMCodeHolder;0015E900;1;0;Direct the Show;VERT3CentaurBMScript;;;266;No
VERT4AntSVCodeHolder;0015E901;1;0;Direct the Show;VERT4AntSVScript;;;186;No
VERT3ScorpionGulchTrigger1;0015E902;1;0;Start the Show;VERT3ScorpionGulchTrigger01Script;;;801;No
VERT3ScorpionGulchTrigger2;0015E903;1;0;Start the Show;VERT3ScorpionGulchTrigger02Script;;;801;No
XanderRootPlant;0015EB41;283;0;Xander Root;XanderRootScript;;clutter\junk\NV\XanderRootPlant.NIF;37;No
WhiteHorseNettle;0015EB42;250;0;White Horse Nettle;WhiteHorseNettleScript;;clutter\junk\NV\WhiteHorseNettle.NIF;64;No
BrocFlowerPlant;0015EB43;313;0;Broc Flower;BrocFlowerScript;;clutter\junk\NV\BrocFlower.NIF;0;No
VES34VaultCodeHolder;0015EC2B;1;0;Direct the Show;VES34AerotechSurvivorsScript;;;180;No
VHDSecuritronZone7StopTRG;0015ECB2;1;0;;VHDSecuritronZone7StopSCRIPT;;;283;No
NellisSolarReflectorHeliosActivator;0015ECD9;5;0;Broken Solar Reflector;NellisSalvageArrayScript;;architecture\HELIOS_One\NV_HeliosOne_SolarBrkSingle01.NIF;176;No
VOVSewerRedLucyLightSwitch;0015ECEE;1;0;Light Switch;VOVSewerRedLucyLightSwitchScript;;clutter\genelecswitch01.nif;18;No
CampSearchlightCaveTrigger;0015EECB;1;0;;CampSearchlightCaveEnter;;;227;No
JalapenoPickable;0015F0ED;78;0;Jalapeno Plant;JalapenoScript;;landscape\plants\NVJalapeno_Fruited.NIF;26;No
PintoPickable;0015F0EE;142;0;Pinto Plant;PintoScript;;landscape\plants\NVPinto_Fruited.NIF;34;No
BuffaloGourdPickable;0015F0EF;88;0;Buffalo Gourd Plant;BuffaloScript;;landscape\plants\NVBuffaloGourd_Fruited.NIF;219;No
VERT2ViperSLTrigger2;0015F18B;1;0;Start the Show;VERT2ViperSLTrigger02Script;;;169;No
VERT2ViperSLTrigger1;0015F18C;1;0;Start the Show;VERT2ViperSLTrigger01Script;;;316;No
VERT2ViperSLCodeHolder;0015F190;1;0;Direct the Show;VERT2ViperSLScript;;;199;No
L38PlayerPod;0015F5B5;0;0;VR Training Pod;L38PlayerPodSCRIPT;;Furniture\TLpodPlayer01.nif;196;No
VHDVidScreenTrigger;0015F986;16;0;;VHDVidScreenSCRIPT;;;368;No
HVHardinWaitsForPlayerTrigger;0015FD55;1;0;;;;;130;No
EDERepconHQTrigger;0015FF6A;1;0;Gas Valve;EDERepconHQTriggerSCRIPT;;;358;No
HVBunkerExplosionTrigger;0016007B;1;0;Gas Valve;HVBunkerExplosionScript;;;1302;No
ElDoradoNCRAttackTrigger02;001600F0;1;0;;ElDoradoSubstationAttackPlayer02;;;195;No
ElDoradoNCRAttackTrigger01;001600F1;1;0;;ElDoradoSubstationAttackPlayer01;;;305;No
ElDoradoSubstationBarkActivator;001600F2;1;0;;ElDoradoNCRBarkActivatorSCRIPT;;;4002;No
VMS18CompanionSacrificeActivator;00160276;1;0;;VMS18CompanionSacrificeActivatorSCRIPT;;;113;No
NellisTLpod01;001602A5;3;0;Nellis Flight Simulator;NellisTLpod01SCRIPT;;Furniture\TLpod01.NIF;203;No
LilyNellisBark;0016078C;1;0;Gas Valve;LilyNellisBarkSCRIPT;;;6526;No
LilyDogsBark;00160790;1;0;Gas Valve;LilyDogBarkSCRIPT;;;1441;No
LilyNovacBark;00160794;1;0;Gas Valve;LilyNovacBarkSCRIPT;;;1433;No
LilyStripBark;00160797;1;0;Gas Valve;LilyStripBarkSCRIPT;;;974;No
LilyVaultBark;0016079A;6;0;Gas Valve;LilyVaultBarkSCRIPT;;;476;No
LilyBlackMountainBark;001607A2;1;0;Gas Valve;LilyBlackMountainBarkSCRIPT;;;891;No
VERT2ViperNiptonCodeHolder;0016122D;1;0;Direct the Show;VERT2ViperNiptonScript;;;162;No
VERT2ViperNiptonTrigger1;00161231;1;0;Start the Show;VERT2ViperNiptonTrigger01Script;;;2358;No
VendMachMag;00161245;9;0;Magazine Vending Machine;VStripMagazineVendingMachineScript;;clutter\VendingMachineMag\VendMachMag.NIF;61;No
MojaveOutpostPlaque;00161436;1;0;Unification Monument;MojaveOutpostPlaqueSCRIPT;;Architecture\Urban\MuseumRotunda\MuseumPlaque01.NIF;50;No
BCHostageTrigger;001614CC;1;0;Boulder City Hostage Trigger;BCHostageTriggerScript;;;262;No
BlackjackTableUltraLuxe;001614D2;6;0;Blackjack Table;BlackjackTableUltraLuxeScript;;clutter\casino\CardTable01.NIF;107;No
RouletteTableUltraLuxe;001614D8;5;0;Roulette Table;RouletteTableUltraLuxeScript;;clutter\casino\RouletteTable01.NIF;129;No
vWranglerSlot02;0016150A;4;0;Slot Machine;SlotMachineWranglerScript;;clutter\casino\Slot_Machine02.NIF;39;No
RouletteTableAtomicWrangler;0016150B;1;0;Roulette Table;RouletteTableAtomicWranglerScript;;clutter\casino\RouletteTable01.NIF;129;No
vWranglerSlot01;0016150C;10;0;Slot Machine;SlotMachineWranglerScript;;clutter\casino\Slot_Machine01.nif;39;No
BlackjackTableAtomicWrangler;0016150D;1;0;Blackjack Table;BlackjackTableAtomicWranglerScript;;clutter\casino\CardTable01.NIF;107;No
VCassCaravan;001618C6;3;0;Cass Caravan Found;VCassCaravnScript;;;890;No
VEFR02NCRBad2DeleteNPCs;00161911;1;0;;VEFR02NCRBad2DeleteNPCsSCRIPT;;;255;No
ScorpionBurrowTrigger1;00161920;1;0;Call the Queen;ScorpionBurrowQueenScript;;;598;No
TheBigOne;0016192B;1;0;The One;TheBigOneSCRIPT;;Architecture\Megaton\MegatonAtomicBomb.NIF;523;No
EndingTrigger;00161DDF;1;0;Ending Trigger;EndingTriggerScript;;;184;No
GomorrahRouletteTable;00161E43;3;0;Roulette Table;GomorrahRouletteTableSCRIPT;;clutter\casino\RouletteTable01.NIF;129;No
BlackjackTableGomorrah;00161E44;4;0;Blackjack Table;vGomorrahBlackjackSCRIPT;;clutter\casino\CardTable01.NIF;107;No
ScorpionBurrowCodeBox;00161E48;1;0;ScorpionQueenDead;ScorpionBurrowDeadScript;;;251;No
VHDPowerPlantBackGateTrig;00161F08;1;0;;VHDPowerPlantBackGateTrigSCRIPT;;;454;No
HVEvilBenefitFightTrigger;00161F70;6;0;Gas Valve;HVEvilBenefitFightScript;;;2005;No
vVikkiAndVanceSlot01;00162026;39;0;Slot Machine;vVikkiVanceSlotScript;;clutter\casino\Slot_Machine01.nif;43;No
vVikkiAndVanceSlot02;00162028;23;0;Slot Machine;vVikkiVanceSlotScript;;clutter\casino\Slot_Machine01.nif;39;No
BlackjackTableVikkiAndVance;0016206C;3;0;Blackjack Table;vVikkiAndVanceBlackjackSCRIPT;;clutter\casino\CardTable01.NIF;107;No
VikkiAndVanceRouletteTable;0016206F;2;0;Roulette Table;VikkiAndVanceRouletteTableSCRIPT;;clutter\casino\RouletteTable01.NIF;129;No
VFSTrapAlleyTrigger01;001628FB;4;0;Gas Valve;VFSTrapAlleyTrigger01Script;;;401;No
VFSTrapAlleyFleeTrigger;001628FC;2;0;Gas Valve;VFSTrapAlleyFleeScript;;;529;No
VFSReputationBenefitsNorthTrigger;001628FD;2;0;Gas Valve;VFSReputationBenefitNorthScript;;;1415;No
VFSTrapAlleyTrigger02;001628FE;2;0;Gas Valve;VFSTrapAlleyTrigger02Script;;;529;No
VFSBenefitNPCDespawnTrigger;001628FF;2;0;Gas Valve;VFSBenefitNPCDespawnScript;;;154;No
VFSThugSpawningTrigger;00162900;18;0;Gas Valve;VFSThugSpawningScript;;;737;No
VFSTrapAlleyTrigger03;00162901;2;0;Gas Valve;VFSTrapAlleyTrigger03Script;;;529;No
VFSReputationBenefitsEastTrigger;00162902;2;0;Gas Valve;VFSReputationBenefitEastScript;;;802;No
VFSTrapAlleyResetTrigger;00162903;2;0;Gas Valve;VFSTrapAlleyResetScript;;;444;No
WWRatCaveSoundTrigger;00162B3A;0;0;;WWRatCaveSoundScript;;;340;No
WWOwenBeruSoundTrigger;00162B3B;1;0;;WWOwenBeruSoundScript;;;185;No
WWHolyFragGrenadeSoundTrigger;00162B3C;0;0;;WWHolyFragGrenadeSoundScript;;;185;No
VMS35AutoDoc;00162C03;1;0;Mk III Auto-Doc;VMS35AutoDocScript;;clutter\Autodoc.NIF;104;Yes
VMS35AutoDocVault34;00162C07;1;0;Broken Mk III Auto-Doc;VMS35AutoDocVault34Script;;clutter\Autodoc.NIF;104;Yes
EdwardsSandboxEchoTrigger;0016307D;1;0;;ActivateEdwardsEchoSandbox;;;176;No
EdwardsCampTrigger;0016307E;1;0;;ActivateEdwardsCamp;;;278;No
HeliosLaserTop;001630BD;1;0;;HELIOSLaserTopSCRIPT;;effects\NV\Helios\HeliosLaserTop.NIF;16384;No
FortCaesarTentExitTrigger;001630CA;1;0;Caesar's Tent Exit Trigger;FortCaesarTentExitTriggerScript;;;467;No
WeatherStationExitTrigger;001630EC;1;0;Weather Station Exit Trigger;WeatherStationExitTriggerScript;;;241;No
VMS38LucyToRoomTrigger01Volume;001631DD;1;0;To your room;VMS38RedLucyToRoomTrigger01;;;290;No
VMS38RedLucyBedTrigger;001631E1;2;0;Off With Your Clothes;VMS38RedLucyBedTriggerScript;;;154;No
VMS38RedLucyRoomCodeHolder;001631E4;1;0;Direct the Show;VMS38RedLucyRoomScript;;;76;No
VMS38RedLucyThornCodeHolder;001631E7;1;0;Direct the Show;VMS38RedLucyCleanupScript;;;79;No
HVSandStormWeatherRemovingTrigger;001632BF;3;0;Gas Valve;HVSandstormWeatherRemovingScript;;;829;No
HVSandStormWeatherAddingTrigger;001632C3;4;0;Gas Valve;HVSandstormWeatherAddingScript;;;2448;No
HVRangerSneakUpTrigger;001632D3;1;0;Gas Valve;HVRangerSneakUpScript;;;510;No
VEFR0xLegionDeleteTrigger;00163401;1;0;;VEFR0xLegionDeleteNPCsSCRIPT;;;171;No
HVBMRadioConsole;001638EE;1;0;Radar Console;HVBmRadioConsoleScript;;Clutter\Consoles\Console02.NIF;122;No
VStationDialogueTrigger;00163971;1;0;;VStationDialogueTriggerSCRIPT;;;242;No
VMS31ObserveSneakTrigger;001639C6;1;0;;VMS31ObserveSneakTriggerSCRIPT;;;171;No
VVMS21aJoanaEscapeStripTrigger2;00163BDE;1;0;;VMS21aJoanaFleeTheStripTrigger2;;;297;No
TumbleweedRanch01;00163C1D;4;0;;VES05NightkinTWRanchTriggerSCRIPT;;;1146;No
VES01bVictorDeleteAtFreeside;00163C1E;1;0;;VES01bVictorDeleteAtFreesideSCRIPT;;;289;No
VStripMQEventHolder;00163E9C;1;0;Direct the Show;VStreetEventStarterScript;;;103;No
VCG03CampfireCrafting03;00164257;1;1;Campfire;VCG03CraftingCampfireRecipesScript;;clutter\camps\campfire03.nif;104;No
HVFastTravelDisableTrigger;001645DF;4;0;Gas Valve;HVFastTravelDisableScript;;;635;No
VMS01LaunchPlatformTrigger;00164734;1;0;Gas Valve;VMS01LaunchPlatformTriggerSCRIPT;;;496;No
VERT2ViperNiptonCodeHolder2;00164A2C;1;0;Direct the Show;VERT2ViperCampNiptonScript;;;162;No
vHDAssassinKeyTrigger;00164F7F;1;0;;VHDAssassinKeyTriggerSCRIPT;;;316;No
VERT2NiptonCaravanCodeHolder;00165076;1;0;Direct the Show;VERT2NiptonCaravanScript;;;162;No
VUltraLuxeFriskingTrigger;0016568C;1;0;Ultra-Luxe Frisking Trigger (honest version);VUltraLuxeFriskingTriggerSCRIPT;;;86;No
VULCashierTrigger;0016568D;1;0;Gas Valve;VULCashierTriggerSCRIPT;;;143;No
VUltraLuxeFriskingHoldoutTrigger;0016568E;1;0;Ultra-Luxe Frisking Trigger (with holdout weapons);VUltraLuxeFriskingHoldoutTriggerScript;;;57;No
VFSInternalTransitionTrigger;001657EF;3;0;Gas Valve;VFSInternalTransitionScript;;;366;No
MedicalClinicAutoDoc;001658BA;1;0;Mk I Auto-Doc;MedicalClinicAutoDocScript;;clutter\Autodoc.NIF;104;No
Lucky38ControlRoomTrigger;00165B03;1;0;L38CRTrigger;HouseInnerSecretSCRIPT;;;195;No
DrinkToiletClean03Purified;00165C3A;165;0;Toilet;;d1PurifiedWater0r30h;Clutter\Bathroom\ToiletClean01.NIF;60;No
DrinkSinkClean03Purified;00165C3B;157;0;Sink;;d1PurifiedWater0r30h;Clutter\Bathroom\SinkClean01.NIF;52;No
MichaelAngelosLights;00165CBF;1;0;;Lucky38LightScript;;architecture\Strip\NV_MAngelos_Sign-Lights.NIF;167;No
FXNellisArtilleryStrike01;0016657C;0;1;;FXNellisArtilleryStrikeScript;;Effects\FXArtilleryStrike01.NIF;0;No
VMS21ClandenRoomTrigger;00166580;1;0;Gas Valve;VMS21ClandenRoomTriggerScript;;Architecture\Wasteland\WaterTowerPipes01.NIF;468;No
VMS11WhiteLockerTrigger;00166668;1;0;;VMS11WhiteLockerTriggerSCRIPT;;;188;No
HVDatastoreElectricalSwitch;00166B50;1;0;Electrical Switch;HVDatastoreElectricalSwitchScript;;Clutter\ElectricalSwitch02.NIF;25;No
VERT4WalkingBoxCodeHolder;00166DE0;1;0;Direct the Show;VERT4WalkingBoxStalkerScript;;;121;No
VERT5SilverPeakCodeHolder;00166DE1;1;0;Direct the Show;VERT5SilverPeakCazadorScript;;;60;No
VERT5SilverPeakTrigger1;00166DE2;1;0;Start the Show;VERT5CazadorSilverPeakTrigger1Script;;;325;No
VFreeformMcCarranMoralesCorpseMessageTrigger;001673DC;1;0;;VFreeformMcCarranMoralesCorpseMessageTriggerSCRIPT;;;317;No
NVCCSetInteriorsActivator;001674A0;2;0;Set Interiors;vCCHQDoorSCRIPT;;;927;No
VMQ03bQuestTimerTrigger;00167689;1;0;;VMQ03bQuestTimerTriggerSCRIPT;;;918;No
VFSOrrisSecondRunTrigger;00167F2F;1;0;Gas Valve;VFSOrrisSecondRunScript;;;1359;No
DrinkUrinal03Purified;001682A0;44;0;Urinal;;d1PurifiedWater0r30h;Clutter\Office\Urinal01.NIF;43;No
VFSOrrisIgnoreTrigger;001682A5;1;0;Gas Valve;VFSOrrisIgnoreScript;;;1346;No
VFSOrrisFollowAdviceTrigger;001682A6;1;0;Gas Valve;VFSOrrisFollowAdviceScript;;;865;No
EdwardsScorpionAttack;0016894C;1;0;Gas Valve;EdwardsScorpionAttackScript;;;90;No
VERT1PrimmAmbush01CodeHolder;00168996;1;0;Direct the Show;VERT1PrimmJackalAmbushScript;;;172;No
VERT4BloodborneCodeHolder;00168997;1;0;Direct the Show;VERT4BloodborneStalkerScript;;;180;No
VERT2IvanpahAmbush01CodeHolder;00168998;1;0;Direct the Show;VERT2IvanpahJackalAmbushScript;;;145;No
VBooneSpotterBarkTrigger;00168A71;1;0;;VBooneSpotterBarkTriggerSCRIPT;;;174;No
VMcCarranMonorailGuardDisarmTrigger;00168A82;3;0;;VMcCarranMonorailGuardDisarmTriggerSCRIPT;;;278;No
VCG02GeckoSoundTrigger;00168A91;1;0;;VCG02GeckoSoundTriggerSCRIPT;;;656;No
ArcadeVault22Conversation;00168AE0;1;0;Arcade Vault 22 Conversation;ArcadeVault22ConversationScript;;;193;No
ArcadeBitterSpringsConversation;00168AE9;1;0;Gas Valve;ArcadeBitterSpringsConversationScript;;;594;No
VERT1IvanpahAntCodeHolder;00168BC8;1;0;Direct the Show;VERIvanpah01ControlScript;;;144;No
VERT3ElDoradoCodeHolder;00168BC9;1;0;Direct the Show;VERElDoradoControlScript;;;128;No
VERT1GSRoadCodeHolder;00168CFF;1;0;Direct the Show;VERT1GeckoAmbushScript;;;153;No
NVFreesideSignLargeLights;001690AF;8;0;;Lucky38LightScript;;architecture\Freeside\NV_FreesideSign-Large_Lights.NIF;1593;No
VMS18HeckReactToTedTrigger;00169556;1;0;;VMS18HeckReactToTedTriggerSCRIPT;;;107;No
FXGlowSimpFillRnd02DayNight;001695D3;8;0;;daynightenable;;effects\ambient\fxglowsimpfillrnd02.nif;450;No
VMS03DeckToExtTrigger;00169880;1;0;;VMS03DeckToExtTriggerSCRIPT;;;170;No
VMS03DeckToTowerTrigger;00169881;1;0;;VMS03DeckToTowerTriggerSCRIPT;;;173;No
VFSAWOffLimitsTrigger;0016988F;2;0;Atomic Wrangler Angry Trigger;VFSAWOffLimitsSCRIPT;;;452;No
NellisPearlSupportTrigger;0016990A;2;0;Pearl Dialogue Trigger;NellisPearlSupportTriggerSCRIPT;;;270;No
AverageWaterValve;001699B6;6;0;Water Valve;;d3AverageWater6r24h;Architecture\Wasteland\WaterTowerPipes01.NIF;199;No
VFSCenterIntersectionHideTrigger;001699FA;2;0;Gas Valve;VFSCenterIntersectionHideScript;;;2795;No
VERT4BonnieShowTrigger;00169B82;1;0;Start the Show;VERShadowsStartScript;;;177;No
VMS49VeronicaPulseGunReactTrigger;00169BFF;1;0;;VMS49VeronicaPulseGunReactTriggerSCRIPT;;;155;No
VMS49FarmTechReactTrigger;00169C01;1;0;;VMS49FarmTechReactTriggerSCRIPT;;;224;No
NVStripLightsPollition;00169D6D;2;0;;Lucky38LightScript;;architecture\Strip\NVStripLightPollution.NIF;16854;No
HVSchulerStandTrigger;0016A227;1;0;Gas Valve;HVSchulerStandScript;;;414;No
VULPenthouseIntTrigger;0016A897;1;0;;VULPenthouseIntTriggerSCRIPT;;;263;No
VStreetSS1StationTrigger02;0016A93F;1;0;;VStripSS1StationTrigger02;;;456;No
Lucky38LightsWL;0016A998;1;0;;;;_LasVegasMeshes\Lucky38\lucky38_NULL.nif;5515;No
VStripSouthCodeHolder;0016A99D;1;0;Set the Show;VStripSouthAreaScript;;;103;No
VStripNorthCodeHolder;0016A99E;1;0;Set the Show;VStripNorthAreaScript;;;253;No
GomorrahLightsWL;0016A9BC;1;0;;Lucky38LightScript;;architecture\Strip\GomorrahLightsWL.NIF;2891;No
SVEntranceTrigger;0016AC6E;1;0;Securitron Vault Entrance Trigger;SVEntranceTriggerScript;;;171;No
SVGalleryTrigger;0016AC71;1;0;Securitron Gallery Trigger;SVGalleryTriggerScript;;;382;No
TopsHotelLightsWL;0016ACA2;1;0;;Lucky38LightScript;;architecture\Strip\NV_TheTops-Hotel_NeonWL.NIF;3641;No
Lucky38LightsWLClose;0016ACA3;9;0;;;;_LasVegasMeshes\Lucky38\lucky38_NULL.nif;0;No
Lucky38PCBTeleportTrigger;0016ACD5;1;0;;Lucky38PCBTeleportTriggerSCRIPT;;;246;No
VCG02CheyenneBarkTrigger;0016AD05;1;0;;SunnySmilesTriggerSCRIPT;;;383;No
UltraLuxeWindowGlowsWL;0016ADDE;1;0;;Lucky38LightScript;;architecture\Strip\UltraLuxDome_GlowsWL.NIF;3221;No
UltraLuxeWindowGlowsWLCloser;0016ADDF;8;0;;Lucky38LightScript;;architecture\Strip\UltraLuxDome_GlowsWL_Closer.NIF;3123;No
UltraLuxeWindowGlowsWLCloser02;0016ADE0;8;0;;Lucky38LightScript;;architecture\Strip\UltraLuxDome_GlowsWL_Closer02.NIF;1980;No
TopsHotelLightsWLCloser;0016ADE1;7;0;;Lucky38LightScript;;architecture\Strip\NV_TheTops-Hotel_NeonWLCloser.NIF;3314;No
GomorrahLightsWLCloser;0016ADE2;7;0;;Lucky38LightScript;;architecture\Strip\GomorrahLightsWLCloser.NIF;2622;No
VFSVaporizationVolume;0016AEF2;1;0;Gas Valve;VFSVaporizationVolumeSCRIPT;;;660;No
EuclidTarget;0016AEF7;0;1;;EuclidTargetSCRIPT;;effects\fxnullexplosionart.nif;0;No
vNiptonShowVulpesTrigger01;0016B090;4;0;Start the Show;VNiptonSceneVulpesTrigger01Script;;;696;No
vNiptonCodeHolder;0016B091;1;0;Direct the Show;VNiptonSceneControlScript;;;180;No
vNiptonShowTrigger01;0016B092;4;0;Start the Show;VNiptonSceneTrigger01Script;;;633;No
VCCBarkActivator;0016B303;1;0;;VCCBarkActivatorSCRIPT;;;304;No
ArcadeWestsideTrigger;0016B41F;2;0;Arcade Westside Trigger;ArcadeWestSideTriggerScript;;;442;No
NVProspectorSaloonNeonLights;0016B5E1;1;0;;;;architecture\Goodsprings\NV_ProspectorSaloon-Neon_Lights.NIF;204;No
NVProspectorSaloonLights;0016B5E7;1;0;;Lucky38LightScript;;architecture\Goodsprings\NV_ProspectorSaloon_Lights.NIF;806;No
VintageRadioNVStartONCountry;0016B668;46;0;Radio;VintageRadioStartOnSCRIPT;;Clutter\VintageRadio\VintageRadio01.NIF;30;No
vCasinoTopsSpeaker;0016B669;12;0;;VintageRadioStartOnSCRIPT;;dungeons\vaultruined\accessories\vloudspeakersr01.nif;35;No
vCasinoUltraLuxeSpeaker;0016B66A;19;0;;VintageRadioStartOnSCRIPT;;dungeons\vaultruined\accessories\vloudspeakersr01.nif;35;No
vCasinoGomorrahSpeaker;0016B66B;20;0;;VintageRadioStartOnSCRIPT;;dungeons\vaultruined\accessories\vloudspeakersr01.nif;35;No
JukeBoxDirtyNVCountry;0016CC0B;4;0;Jukebox;VintageRadioStartOnSCRIPT;;clutter\jukebox\jukeboxDirtyNV.nif;83;No
SLGoldMine01VERT3ACTIVATOR;0016CD21;1;0;Vipers Return;SLGoldMine01VERT3ReturnSCRIPT;;;2273;No
HVLilyWaitTrigger;0016D543;3;0;Gas Valve;HVLilyWaitScript;;;228;No
HVLilyFollowAgainTrigger;0016D544;3;0;Gas Valve;HVLilyFollowAgainScript;;;213;No
FXGlowSimpleFillHalf01Imposter;001711B6;2;0;;Lucky38LightScript;;architecture\Strip\Imposter\FXGlowSimpleFillHalf01Imposter.NIF;10250;No
FXGlowSimpleFillHalf01Imposter02;001711B7;2;0;;Lucky38LightScript;;architecture\Strip\Imposter\FXGlowSimpleFillHalf01Imposter02.NIF;6413;No
TopsHotelLightsWL02;001711B8;1;0;;Lucky38LightScript;;architecture\Strip\NV_TheTops-Hotel_NeonWL02.NIF;2892;No
UltraLuxeWindowGlowsWL02;001711B9;1;0;;Lucky38LightScript;;architecture\Strip\UltraLuxDome_GlowsWL02.NIF;3127;No
TopsHotelLightsWLCloser02;001711BA;8;0;;Lucky38LightScript;;architecture\Strip\NV_TheTops-Hotel_NeonWLCloser02.NIF;3082;No
VFSSilverRushFriskingTrigger;001715B2;1;0;;VFSSilverRushFriskingTriggerSCRIPT;;;139;No
VHDHailToTheChiefTrigger;001715C3;1;0;;VHDHailToTheChiefTriggerSCRIPT;;;261;No
UltraLuxeWindowGlowsWLCloserBackside;00171627;7;0;;Lucky38LightScript;;architecture\Strip\UltraLuxDome_GlowsWL_CloserBackside.NIF;3560;No
UltraLuxeWindowGlowsBackside;00171628;1;0;;Lucky38LightScript;;architecture\Strip\UltraLuxDome_GlowsBackside.NIF;4294;No
Vault22CrewDoorsCloser;001718AD;1;0;Gas Valve;Vault22CrewDoorsCloserSCRIPT;;;143;No
GenericWildWastelandTrigger;001718B9;15;0;Wild Wasteland Trigger;GenericWildWastelandTriggerSCRIPT;;;275;No
VHDLegionHowitzerStartTrigger;00171B7A;1;0;Gas Valve;VHDLegionHowitzerStartScript;;;694;No
VHDLegionHowitzerControlTrigger;00171B7B;1;0;Gas Valve;VHDLegionHowitzerControlScript;;;190;No
FXHooverDamHowitzerArtilleryStrike01;00171B7C;0;1;;FXHooverDamHowitzerArtilleryStrikeScript;;Effects\FXArtilleryStrike01.NIF;0;No
WeatherStationLightTrigger;00171BED;1;0;Weather Station Light Trigger;WeatherStationLightTriggerScript;;;178;No
NVCraftsmanWindowExt;00171CD0;13;0;;WastelandWindowScript;;architecture\Westside\CraftsmanWindowExt.NIF;69;No
NellisPeteStoryActivator;00172090;1;0;Pete Story Deactivator;NellisPeteStoryActivatorSCRIPT;;;271;No
Lucky38Lights02;001726D1;1;0;;;;_LasVegasMeshes\Lucky38\lucky38_NULL.nif;7087;No
TopsLonesomeDrifterTeleportTrigger;001727FF;1;0;;TopsLonesomeDrifterTeleportTriggerSCRIPT;;;2907;No
BruceIsaacTeleportTrigger;00172800;2;0;Gas Valve;BruceIsaacTeleportTriggerSCRIPT;;;96;No
VHDODeckPCBTrigger;00172D11;3;0;;VHDODeckPCBTriggerScript;;;266;No
TopsDrifterRadioSpeaker;00172D1E;1;0;;;;marker_audio.nif;77;No
VRRCPapasDoorClose;00172D21;1;0;Gas Valve;VRRCPapasDoorCloseSCRIPT;;;105;No
TopsBruceRadioSpeaker;00172D27;1;0;;;;marker_audio.nif;77;No
NVMotelWindowExt;00172D2A;14;0;;WastelandWindowScript;;architecture\NoVac\Motel_windowExt.NIF;90;No
NVBungalowWindowExt;00172D2B;2;0;;WastelandWindowScript;;architecture\NoVac\Bungalow_windowExt.NIF;90;No
NVNovacHomeWindowExt;00172D2C;14;0;;WastelandWindowScript;;architecture\NoVac\NoVac_Home_windowExt.NIF;0;No
HVDeathTrackerTrigger;00172DFE;2;0;Gas Valve;HVDeathTrackerScript;;;111;No
GSSaloonExitTrigger;00172FC3;3;0;Prospector Saloon Exit Trigger;GSSaloonExitTriggerScript;;;109;No
TopsRadPackRadioSpeaker;00172FE0;1;0;;;;marker_audio.nif;77;No
GomorrahLightsCourtyard;001730B6;1;0;;Lucky38LightScript;;architecture\Strip\GomorrahLightsCourtyard.NIF;2775;No
TopsHotelLightsCourtyard;001730B7;1;0;;Lucky38LightScript;;architecture\Strip\NV_TheTops-Hotel_NeonCourtyard.NIF;3800;No
SafehouseLegionTimer;001730D5;1;0;;SafehouseLegionTimerScript;;;116;No
BarkScorpionDropTrigger01;001730D6;1;0;;BarkScorpionDropTrigger01Script;;;751;No
SafehouseNCRTimer;001730D7;1;0;;SafehouseNCRTimerScript;;;201;No
SafehouseFollowersTimer;001730D8;1;0;;SafehouseFollowersTimerScript;;;111;No
BarkScorpionDropTrigger02;001730D9;1;0;;BarkScorpionDropTrigger02Script;;;776;No
VStripMonorailWarning1Trigger;00173239;1;0;;VStripMonorailWarning1SCRIPT;;;350;No
VStripMonorailWarning2Trigger;0017323A;1;0;;VStripMonorailWarning2TriggerSCRIPT;;;194;No
Lucky38LightsWL02;00173246;1;0;;;;_LasVegasMeshes\Lucky38\lucky38_NULL.nif;5424;No
Lucky38LightsWLClose02;00173247;9;0;;;;_LasVegasMeshes\Lucky38\lucky38_NULL.nif;0;No
NVNovacHomeWindowExt2;00173253;3;0;;WastelandWindowScript;;architecture\NoVac\NoVac_Home_windowExt2.NIF;122;No
BldgCorner06Windows;001732B4;1;0;;WastelandWindowScript;;architecture\suburban\BldgCorner06_windowsExt.NIF;418;No
NVUltraLuxToiletDrinkPurified;00173360;7;0;Toilet;;d1PurifiedWater0r30h;clutter\bathroom\NV_UltraLuxToilet.NIF;60;No
NVUltraLuxSinkDrinkPurified;00173361;9;0;Sink;;d1PurifiedWater0r30h;clutter\bathroom\NV_UltraLuxSink.NIF;52;No
VVMS21aJoanaRoomCodeHolder;001734F7;1;0;Direct The Show;VMS21JoanaRoomScript;;;111;No
FortCaesarComaTrigger;001735B9;1;0;Caesar Coma Trigger;FortCaesarComaTriggerScript;;;138;No
VHDVeronicaReact;001735C3;6;0;;VHDVeronicaReactSCRIPT;;;170;No
VFSSilverRushRunPastGuardsTrigger;0017371E;2;0;Gas Valve;VFSSilverRushRunPastGuardsScript;;;229;No
VPitInterferenceTrigger;00173EF2;1;0;Stop that player;VPitNoInterferenceTriggerScript;;;1660;No
VERT2PrimmDenEnterTriggerActivator;00173F95;1;0;Start the Show;VERT2PrimmDenEnterTriggerScript;;;505;No
VFSSilverRushCassKillingTrigger;00173FB4;1;0;Gas Valve;VFSSilverRushCassKillingScript;;;177;No
NVStripLightsPollitionDim;0017409E;11;0;;Lucky38LightScript;;architecture\Strip\NVStripLightPollutionDim.NIF;7713;No
NVStripLightsPollitionRoundDim;001740A0;2;0;;Lucky38LightScript;;architecture\Strip\NVStripLightPollutionRoundDim.NIF;9320;No
BarkScorpionDropTrigger04;001740AC;1;0;;BarkScorpionDropTrigger04Script;;;1245;No
BarkScorpionDropTrigger03;001740AD;1;0;;BarkScorpionDropTrigger03Script;;;983;No
EuclidTargetPointer;001740DE;0;1;;EuclidTargetPointerSCRIPT;;effects\fxnullexplosionart.nif;0;No
VERT5AlienCodeHolder;00174365;1;0;Direct the Show;VERT5AlienWWScript;;;117;No
MkIICasinoEnableParent;0017455E;1;0;;MkIIPostUpgradeEnableSCRIPT;;;31;No
UpgradeSecuritronsObject;0017455F;1;0;;Lucky38UpgradeSecuritronsSCRIPT;;;57;No
VFSAtomicWranglerCrierTrigger;001745AF;1;0;Gas Valve;VFSAtomicWranglerCrierScript;;;729;No
VFSMickAndRalphsCrierTrigger;001745B0;2;0;Gas Valve;VFSMickAndRalphsCrierScript;;;603;No
VFSSilverRushCrierTrigger;001745B1;1;0;Gas Valve;VFSSilverRushCrierScript;;;735;No
VCassMojaveAmbianceCodeHolder;001745B9;1;0;Direct the Show;VCassMojaveAmbianceScript;;;78;No
VFSSilverRushWarehouseGasThrowTrigger;0017460C;1;0;Gas Valve;VFSSilverRushWarehouseGasThrowScript;;;110;No
VMQSecuritronMessengerDisableTrigger;0017465B;1;0;;VMQSecuritronMessengerDisableSCRIPT;;;275;No
VFSSilverRushGuardEscapeTrigger;00174920;1;0;Gas Valve;VFSSilverRushGuardEscapeScript;;;443;No
CassLeaveForeverTrigger;0017497E;1;0;Cass Leave Forever Trigger;CassLeaveForeverTriggerScript;;;224;No
NVSilverRushWindowExt;00174D8C;1;0;;WastelandWindowScript;;architecture\Strip\NV_Silverrush01_windows.NIF;990;No
BldgCorner01Windows;00174D8F;4;0;;WastelandWindowScript;;architecture\suburban\bldgcorner01Windows.nif;302;No
NVLiquorStoreWindowExt;00174DAE;3;0;;WastelandWindowScript;;architecture\Westside\NVWestSideLiquorStoreWindows.nif;369;No
NVLiquorStoreWindowExt02;00174DB0;2;0;;WastelandWindowScript;;architecture\Westside\NVWestSideLiquorStoreWindows02.nif;311;No
Lucky38StairLights;00174ECE;1;0;;Lucky38LightScript;;architecture\Strip\Lucky38StairLights.NIF;861;No
McCarranNorthTarmacTrigger;00174F35;4;0;McCarran North Tarmac Trigger;McCarranNorthTarmacTriggerScript;;;272;No
McCarranSouthTarmacTrigger;00174F39;3;0;McCarran South Tarmac Trigger;McCarranSouthTarmacTriggerScript;;;363;No
UltraLuxeDomeGlassGlow;00175099;1;0;;Lucky38LightScript;;architecture\Strip\UltraLuxDomeGlass_Glow.nif;2953;No
TheBigOneSoundActivator;0017509E;1;0;Big One Sound;TheBigOneSoundActivatorSCRIPT;;;1463;No
GomorrahLightsLowerLevel;00175879;2;0;;;;architecture\Strip\GomorrahLightsLowerLevel.nif;2915;No
BldgCorner01Windows02;001759DD;17;0;;WastelandWindowScript;;architecture\suburban\bldgcorner01Windows02.nif;73;No
FreesideLightCone;001759F9;22;0;;FreesideLightsScript;;scol\FreesideLightBeam.NIF;549;No
HVSandStormFastTravelTrigger;00175A55;1;0;Gas Valve;HVSandStormFastTravelScript;;;212;No
NVFreesideSignLargeLightsImposter;00175B94;5;0;;Lucky38LightScript;;architecture\Freeside\NV_FreesideSign-Large_Lights_Imposter.NIF;1210;No
VCompanionWaitVolume;00175D50;3;0;EnterWaitLeaveFollow;VCompanionWaitVolumeSCRIPT;;;1257;No
VLucky38DemoPortCodeHolder;00175D8E;1;0;Start the Show;VLucky38DemoPortScript;;;131;No
VHDLegionOliverForceFieldImpactVolumeNoSound;00175D8F;9;0;;VHDLegionOliverForceFieldImpactVolumeScript;;Effects\ForceFieldFX\ForceFieldRightImpact01.NIF;690;No
VHeliosPasswordTrigger;00175F67;1;0;;VHeliosPasswordTriggerSCRIPT;;;105;No
VVeronicaHelloQuestTrigger;00176268;1;0;;VVeronicaHelloQuestTriggerSCRIPT;;;214;No
ArcadeVertibirdTrigger;00176541;1;0;Arcade Vertibird Trigger;ArcadeVertibirdTriggerScript;;;530;No
ArcadeTestSiteTrigger;00176544;1;0;Arcade Test Site Trigger;ArcadeTestSiteTriggerScript;;;440;No
ArcadeHooverDamTrigger;0017654C;1;0;Arcade Hoover Dam Trigger;ArcadeHooverDamTriggerScript;;;719;No
VHDMooreTeleportTrigger;001768BE;1;0;;VHDMooreTeleportTriggerSCRIPT;;;132;No
VStripStingerTrigger;001768D3;2;0;;VStripStingerTriggerSCRIPT;;;147;No
HVTeleportToRamosTrigger;00176983;1;0;Gas Valve;HVTeleportToRamosScript;;;176;No
HVPlayerLeavingTrigger;00176984;1;0;Gas Valve;HVPlayerLeavingScript;;;46;No
VHDExplosiveGeneratorActivator;00176AB3;4;0;;;;Clutter\ElectricBox\Generator01.NIF;41;No
GeneratorNoSound;00176E46;6;0;;;;Clutter\ElectricBox\Generator01.NIF;41;No
BisonSteveSign;00176ED9;1;0;;Lucky38LightScript;;clutter\SignNV\BSSign.NIF;633;No
TopsCasinoWindowLights;00176EF3;3;0;;Lucky38LightScript;;architecture\Strip\topsWindows.NIF;3249;No
CaesarDialogueTrigger;00176F09;1;0;Caesar Dialogue Trigger;CaesarDialogueTriggerScript;;;325;No
VHDWestDamSniperTeamBattle02Trigger;001771E0;1;0;Gas Valve;VHDWestDamSniperTeamBattle02Script;;;417;No
HVPlayerEscapingTrigger;001774EC;1;0;HV Player Escaping Trigger;HVPlayerEscapingTriggerScript;;;134;No
VHDLegionBattleStartRunningTrigger;00177741;1;0;Gas Valve;VHDLegionBattleStartRunningScript;;;381;No
VULResetGreeterTrigger;001777E1;1;0;;VULResetGreeterTriggerSCRIPT;;;843;No
VULEnablePipBoyFailsafeTrigger;001777E2;1;0;;VULEnablePipBoyFailsafeTriggerSCRIPT;;;1314;No
vaultProtectronPodNoSound;00177B07;4;0;;ProtectronPod01Script;;Clutter\ProtectronPod\ProtectronPod01.NIF;134;No
VBSOscarVelascoTeleportTrigger;00177C0C;1;0;;VBSOscarVelascoTeleportTriggerSCRIPT;;;278;No
REPCONBasementFoundStairsTrigger;001789A1;1;0;Gas Valve;REPCONBasementFoundStairsScript;;;362;No
CrimsonCaravanEntranceTrigger;001790F4;2;0;Crimson Caravan Entrance Trigger;CrimsonCaravanEntranceTriggerScript;;;242;No
BennyIdleTrigger;001791A8;1;0;Gas Valve;BennyIdleTriggerSCRIPT;;;96;No
VHDLegionOliverForceFieldImpactVolume02;0017A299;2;0;;VHDLegionOliverForceFieldImpactVolumeScript;;Effects\ForceFieldFX\ForceFieldRightImpact01.NIF;690;No
DefaultUnlockLinkedOnceTrigger;0017A309;2;0;;DefaultUnlockLinkedOnceTriggerSCRIPT;;;251;No
VSarahBedTriggerVolume;0017A63C;1;0;Off with her clothes;SarahBedClothingScript;;;134;No
VSarahSceneIntroTrigger;0017A63D;1;0;Start the Show;SarahSceneStartTriggerScript;;;352;No
VSarahRoomSexCodeHolder;0017A63E;1;0;Direct the Show;SarahRoomSexScript;;;83;No
vCasinoGomorrahSpeaker02;0017A654;1;0;;;;dungeons\vaultruined\accessories\vloudspeakersr01.nif;35;No
VStripSS00BRandomizerTrigger;0017A817;1;0;Choose a Show;VStripSS0BRandomizerTrigger;;;277;No
TopsPerformerActivator;0017A843;1;0;;TopsPerformerActivatorSCRIPT;;;116;No
StripReputationTRIGGER;0017A849;1;0;;StripReputationSCRIPT;;;792;No
VHDForceFieldRightGlow02;0017AAEA;1;0;;OnLoadPlayForwardSCRIPT;;Effects\ForceFieldFX\ForceFieldRightGlow02.NIF;1003;No
VHDLegionWestDamIntakeTowerDestinationTrigger;0017AF79;1;0;Gas Valve;VHDLegionWestDamIntakeTowerDestinationScript;;;213;No
V22AngelaWilliamsTalkTrigger;0017AF7A;1;0;Gas Valve;V22AngelaWilliamsTalkScript;;;363;No
VFSOrrisThugSleepTrigger;0017AFE8;1;0;Gas Valve;VFSOrrisThugSleepScript;;;137;No
ArcadeGoodbyeTrigger;0017B38A;1;0;ArcadeGoodbyeTrigger;ArcadeGoodbyeTriggerScript;;;291;No
VHDLegionWestDamSendIntakeTowerLegionariesOffTrigger;0017B58B;1;0;Gas Valve;VHDLegionWestDamSendIntakeTowerLegionariesOffScript;;;359;No
VHDLegionPowerPlant01StrategyTrigger;0017B58C;1;0;Gas Valve;VHDLegionPowerPlant01StrategyScript;;;1841;No
HVBunkerToMainUnlockTrigger;0017B5C1;1;0;;HVBunkerToMainUnlockTriggerSCRIPT;;;241;No
VVMS21aJoanaFirstTimeCodeHolder;0017B66A;1;0;Start the Show;VMS21aJoanaFirstMeetScript;;;87;No
VCrimsonCaravanEnterTrigger;0017B791;2;0;;VCrimsonCaravanEnterSCRIPT;;;424;No
HooverDamWestEnableTrigger;0017B792;0;0;Hoover Dam West Enable Trigger;HooverDamWestEnableTriggerSCRIPT;;;484;No
VHDScaffoldingSafetyTrigger02;0017B793;7;0;;VHDScaffoldingSafetyTrigger02SCRIPT;;;708;No
HooverDamEastEnableTrigger;0017B794;0;0;Hoover Dam East Enable Trigger;HooverDamEastEnableTriggerSCRIPT;;;416;No
VHDScaffoldingSafetyTrigger01;0017B795;7;0;;VHDScaffoldingSafetyTrigger01SCRIPT;;;545;No
VMS18CompanionFreezerExitTrigger;0017B796;1;0;;VMS18CompanionFreezerExitSCRIPT;;;227;No
V1ESquatterEnabler;0017B797;1;0;Yeppers;1EWatchControlScript;;;90;No
VLCSafetyTrigger02;0017B798;1;0;;VLCSafetyTrigger02SCRIPT;;;3527;No
VFactionSquadListCodeHolder;0017B799;1;0;Faction Squad List Selection;VFactionSquadListSCRIPT;;;120;No
VLCSafetyTrigger01;0017B79A;2;0;;VLCSafetyTrigger01SCRIPT;;;2221;No
VFactionSquadCodeHolder;0017B79B;25;0;Faction Squad Spawner Box;VFactionSquadCodeHolderScript;;;240;No
VPitPlayerNoLockTrigger;0017B79C;1;0;;VPitPlayerNoLockSafeguardScript;;;197;No
VNorthVegasEnterTrigger;0017B79D;3;0;;VNorthVegasEnterSCRIPT;;;342;No
VDialogueVegasNorthGreaserCodeHolder;0017B79E;1;0;Out With The Greasers;VDialogueVegasNorthGreaserCodeHolderSCRIPT;;;63;No
NVDLC01FountainTrigger;0100130C;1;0;NVDLC01FountainTrigger;NVDLC01FountainTriggerScript;;;764;No
NVDLC01DebugGalaTrigger;01001311;0;0;Debug Gala Trigger;NVDLC01DebugGalaTriggerScript;;;259;No
HoloTestCodeHolder;010029DA;0;0;Direct the Show;NVDLC01HoloBaseCodeHolderSCRIPT;;;119;No
NVDLC01SierraMadreEntryTrigger;01003515;1;0;Sierra Madre Entry Trigger;NVDLC01CasinoKnockoutTriggerScript;;;322;No
NVDLC01TheaterDeanFirstTrigger;01004F08;1;0;Start the Show;NVDLC01TheaterDeanFirstTriggerSCRIPT;;;288;No
NVDLC01ClinicChristinePanel;01005235;0;0;Auto-Doc Control Panel;;;Clutter\Consoles\GenericConsolPanelOnOff04.NIF;61;Yes
NVDLC01ClinicAutoDoc;01005239;6;0;Mark IX Auto-Doc;NVDLC01ClinicAutoDocScript;;NVDLC01\clutter\NVDLC01_AutoDoc\NVDLC01_AutoDoc.NIF;163;No
NVDLC01RadioStartON;01005259;0;0;Radio;NVDLC01RadioSpeakerSCRIPT;;NVDLC01\clutter\ArtDecoRadio\NVDLC01_ArtDecoRadio.NIF;29;No
NVDLC01HologramCodeHolder;0100545C;6;0;Direct the Show;NVDLC01HoloBaseCodeHolderSCRIPT;;;119;No
NVDLC01HireTrigger;01005D13;1;0;Gas Valve;NVDLC01HireScript;;;239;No
NVDLC01FireTrigger;01005D14;1;0;Gas Valve;NVDLC01FireScript;;;285;No
NVDLC01CasinoHoloCodeHolder;0100636C;0;0;Casino Teaching Holograms;NVDLC01HoloCasinoCodeHolderSCRIPT;;;258;No
NVDLC01SuitesSetupVolume;0100661C;1;0;;NVDLC01SuitesSetupSCRIPT;;;56;No
NVDLC01GasValveRepair;0100680E;1;0;Gas Valve;NVDLC01GasValveRepairSCRIPT;;Architecture\Wasteland\WaterTowerPipes01.NIF;199;No
NVDLC01RadioSphereTrigger;01006CA6;6;0;Gas Valve;;;;1703;No
NVDLC01RadioExplosiveTEST;01006E8C;0;0;;NVDLC01RadioSpeakerSCRIPT;;clutter\vintageradio\vintageradio01.nif;30;No
NVDLC01Radio;01006E94;17;1;Radio;NVDLC01RadioSpeakerSCRIPT;;NVDLC01\clutter\ArtDecoRadio\NVDLC01_ArtDecoRadio.NIF;29;No
NVDLC01CollarTestConsole;01006E98;1;0;Collar Test Console;NVDLC01CollarTestConsoleSCRIPT;;Clutter\Consoles\Console01.NIF;80;No
NVDLC01SpeakerINV;01006E9E;24;1;Speaker;NVDLC01RadioSpeakerSCRIPT;;NVDLC01\clutter\Loudspeakers\NVDLC01_LoudSpeakers.NIF;32;No
NVDLC01SpeakerDest;01006E9F;27;1;;NVDLC01RadioSpeakerSCRIPT;;NVDLC01\clutter\Loudspeakers\NVDLC01_LoudSpeakers_Destructable01ANIM.NIF;32;No
NVDLC01VaultHoloTrigger01;01006ED3;1;0;Start the Show;NVDLC01HoloVaultTriggerChallengeSCRIPT;;;163;No
NVDLC01HoloEmitterA;01007401;4;1;Hologram Emitter;NVDLC01HoloEmitterAllScript;;NVDLC01\clutter\HoloEmitter\NVDLC01HoloEmitter.NIF;20;No
NVDLC01HoloEmitterC;01007402;3;1;Hologram Emitter;NVDLC01HoloEmitterAllScript;;NVDLC01\clutter\HoloEmitter\NVDLC01HoloEmitter.NIF;49;No
NVDLC01HoloEmitterB;01007403;3;1;Hologram Emitter;NVDLC01HoloEmitterAllScript;;NVDLC01\clutter\HoloEmitter\NVDLC01HoloEmitter.NIF;49;No
NVDLC01ForceFieldImpactVolume;01008BB4;5;0;;NVDLC01ForceFieldImpactVolumeScript;;Effects\ForceFieldFX\ForceFieldRightImpact01.NIF;690;No
NVDLC01PatrolTrigger;01008FC2;2;0;West Town Patrol Packages;NVDLC01wtPatrolSCRIPT;;;89;No
NVDLC01HologramStopTrigger;0100A53B;10;0;Stop the Show;NVDLC01HoloStopTriggerScript;;;257;No
NVDLC01LobbyCodeHolder;0100A59C;1;0;Lobby Code Holder;NVDLC01LobbyStatesScript;;;244;No
NVDLC01CasinoSwitchCodeBox;0100A59D;0;0;Casino Switch Code Box;;;;223;No
NVDLC01CasinoSwitch01;0100A59E;1;0;Electrical Switch;NVDLC01CasinoSwitchScript;;Clutter\ElectricalSwitch02.NIF;25;No
NVDLC01TrapGasFire;0100A670;1;0;;NVDLC01TrapGasSCRIPT;;Traps\TrapGasFire01.NIF;255;No
NVDLC01TrapTripwire;0100A847;21;1;Tripwire;NVDLC01TrapTripwireSCRIPT;;Traps\Tripwire01.NIF;152;No
NVDLC01VendingArtDeco;0100ABEC;22;0;Vending Machine;CraftingVendingMachineRecipesScript;;NVDLC01\clutter\VendingArtDeco\NVDLC01VendingArtDeco.NIF;83;No
NVDLC01SuitesBarkActivator;0100AD9A;6;0;Christine Intercom Bark Activator;NVDLC01SuitesBarkActivatorSCRIPT;;;208;No
NVDLC01DogGalaTrigger;0100ADC4;1;0;Dog Gala Trigger;NVDLC01DogGalaTriggerScript;;;330;No
NVDLC01VaultCodeHolder;0100AE26;1;0;Direct End Game Show;NVDLC01VaultCodeHolderScript;;;163;No
NVDLC01DeanGalaTrigger;0100AE29;1;0;Dean Gala Trigger;NVDLC01DeanGalaTriggerScript;;;331;No
NVDLC01ChristineGalaTrigger;0100AE2C;1;0;Christine Gala Trigger;NVDLC01ChristineGalaTriggerScript;;;165;No
NVDLC01VistaWestherVolume;0100AE73;0;0;Set Vista Weather;NVDLC01VistaWeatherVolume;;;941;No
NVDLC01VaultTurretCodeHolder;0100BE21;1;0;Turrets Counter;NVDLC01VaultTurretScript;;;90;No
NVDLC01GalaActivator;0100C10B;0;0;Fireworks Control Panel;NVDLC01GalaActivatorScript;;Dungeons\Vault\Accessories\ControlPanelVault01.NIF;68;Yes
NVDLC01VaultMainDoorSealTrigger;0100C14D;1;0;Seal The Vault;NVDLC01VaultMainDoorSealSCRIPT;;;324;No
NVDLC01RouletteTable;0100C4CF;1;0;Roulette Table;NVDLC01RouletteScript;;clutter\casino\RouletteTable01.NIF;129;No
NVDLC01ToxicCloudTrigger;0100C540;46;0;;NVDLC01ToxicCloudTriggerSCRIPT;;;755;No
NVDLC01TrapBearTrap;0100C54E;58;1;Bear Trap;NVDLC01trapBearTrapScript;;Traps\BearTrap01.NIF;59;No
NVDLC01VaultPlayerSafeTrigger;0100C596;2;0;Player Safe Zone;NVDLC01VaultPlayerSafeTriggerScript;;;744;No
NVDLC01VillaTravelTrigger;0100C59C;1;0;Transition to Villa;NVDLC01VillaTravelTriggerScript;;;162;No
NVDLC01StarVanishTrigger;0100C737;2;0;NVDLC01StarVanishTrigger;NVDLC01LobbyStarVanish;;;165;No
NVDLC01SuitesAutoDoc;0100C827;2;0;Mk I Auto-Doc;NVDLC01SuitesAutoDocSCRIPT;;clutter\Autodoc.NIF;104;No
NVDLC01SuitesSurgeryReadyActivator;0100C828;1;0;Christine Surgery Ready Activator;NVDLC01SuitesSurgeryReadySCRIPT;;;127;No
NVDLC01SuitesChristineConvActivator;0100C829;1;0;Christine Intercom Bark Activator;NVDLC01SuitesChristineConvSCRIPT;;;127;No
NVDLC01VaultPlayerBlocksTrigger;0100CDE2;2;0;Player Block Zone;NVDLC01VaultPlayerBlocksTriggerScript;;;279;No
NVDLC01BlackjackTable;0100D95A;1;0;Blackjack Table;NVDLC01BlackjackTableScript;;clutter\casino\CardTable01.NIF;107;No
NVDLC01DogBarkTrigger;0100DFD1;1;0;Dog's Bark Trigger;NVDLC01DogBarkTriggerScript;;;702;No
NVDLC01SpeakerOff;0100E166;11;0;;;;NVDLC01\clutter\Loudspeakers\NVDLC01_LoudSpeakers_OFF.NIF;29;No
NVDLC01ETSGhostDisableTrigger01;0100E16D;2;0;;NVDLC01ETownSGhostDisable01SCRIPT;;;270;No
NVDLC01ETSGhostEnableTrigger01;0100E16E;2;0;;NVDLC01ETownSGhostEnable01SCRIPT;;;156;No
NVDLC01Slot01;0100E1DE;4;0;Slot Machine;NVDLC01SlotMachineScript;;NVDLC01\clutter\casino\NVDLC01_SlotMachine.NIF;39;No
NVDLC01VaultKillTrigger;0100E2AA;1;0;Kill Player;NVDLC01VaultKillTriggerScript;;;1280;No
NVDLC01Gala02Ebox;0100E2CD;1;0;Electric Box;NVDLC01Gala02EboxSCRIPT;;clutter\ebox01.NIF;48;No
NVDLC01HamRadio;0100E424;1;1;Ham Radio;NVDLC01RadioSpeakerSCRIPT;;clutter\hamradio\hamradio.nif;40;No
NVDLC01HamRadioON;0100E426;4;1;Ham Radio;NVDLC01RadioSpeakerSCRIPT;;clutter\hamradio\hamradio.nif;40;No
NVDLC01GodBarkActivator;0100E4E7;1;0;God Basement Bark Activator;NVDLC01GodBarkActivatorSCRIPT;;;212;No
NVDLC01wtCrowdControlN01;0100E545;1;0;WT Crowd Control;NVDLC01wtCrowdControlN01SCRIPT;;;360;No
NVDLC01wtCrowdControlN02;0100E546;1;0;WT Crowd Control;NVDLC01wtCrowdControlN02SCRIPT;;;360;No
NVDLC01TheaterCodeHolder;0100E8A0;1;0;Direct Theater Scene;NVDLC01TheaterCodeHolderScript;;;120;No
NVDLC01TheaterProjector;0100E9F5;1;0;Holotape Projector;NVDLC01TheaterHolotapeProjectorScript;;Clutter\Projector\Projector01.NIF;49;No
NVDLC01Gala02ElevatorTopsideDoor;0100EC92;1;0;Elevator to Switching Station;NVDLC01Gala02ElevatorTopsideDoorSCRIPT;;architecture\urban\hotelroof\hotelelevatordoor02.nif;110;No
NVDLC01Gala02ElevatorDoor;0100EC93;1;0;Elevator;NVDLC01Gala02ElevatorDoorSCRIPT;;architecture\urban\hotelroof\hotelelevatordoor02.nif;110;No
NVDLC01TheaterTapeRecorder;0100ED52;0;0;Holotape Recorder;NVDLC01TheaterHolotapeRecorderScript;;Clutter\Consoles\TapeMachine01.NIF;93;No
NVDLC01KitchenSetupActivator;0100F120;1;0;;NVDLC01KitchenSetupSCRIPT;;;112;No
NVDLC01DeanBarkTrigger;0100F224;1;0;Dean Bark Trigger;NVDLC01DeanBarkTriggerScript;;;352;No
NVDLC01RadioDean;0100F229;0;0;Radio;;;NVDLC01\clutter\ArtDecoRadio\NVDLC01_ArtDecoRadio.NIF;29;No
NVDLC01RestaurantBarkTrigger;0100F37D;0;0;;NVDLC01RestaurantBarkTriggerSCRIPT;;;212;No
NVDLC01StealthTestCodeBox;0100F41F;0;0;Stealth Test Patrol Packages;NVDLC01wtPatrolSCRIPT;;;89;No
NVDLC01RestaurantDogConvTrigger;0100F8FC;0;0;;NVDLC01RestaurantConvTriggerSCRIPT;;;358;No
NVDLC01WTDeanEnterBarkTrigger;0100FE55;1;0;;NVDLC01WTDeanEnterBarkTriggerSCRIPT;;;381;No
NVDLC01VerasPartituresActivator;0100FFD5;1;0;Vera's Partitures;NVDLC01TheaterVeraPartiturActivatorScript;;Effects\ForceFieldFX\ForceFieldRightImpact01.NIF;690;No
NVDLC01ElijahMedicalTrigger;0101009C;3;0;Elijah Medical District Bark Trigger;NVDLC01MedicalTriggerSCRIPT;;;206;No
NVDLC01ElijahResidentialTrigger;0101009F;1;0;Elijah Residential Bark;NVDLC01ElijahResidentialTriggerSCRIPT;;;241;No
NVDLC01ElijahEastTownTrigger;010100A2;1;0;Elijah East Town Trigger;NVDLC01ElijahEastTownTriggerSCRIPT;;;483;No
NVDLC01ElijahWestTownTrigger;010100A6;1;0;Elijah West Town Trigger;NVDLC01ElijahWestTownTriggerSCRIPT;;;375;No
NVDLC01ETPlayerGalaEnableViewTrigger;0101025C;0;0;;NVDLC01ETPlayerGalaEnableViewSCRIPT;;;232;No
NVDLC01ResetBarkTrigger;01010416;2;0;Reset Bark Trigger;NVDLC01ResetBarkTriggerSCRIPT;;;242;No
NVDLC01KitchenDogMoveTrigger;01010625;0;0;;NVDLC01KitchenDogMoveTriggerSCRIPT;;;372;No
NVDLC01KitchenGasValve;01010626;3;0;Gas Valve;NVDLC01KitchenGasValveSCRIPT;;Architecture\Wasteland\WaterTowerPipes01.NIF;199;No
NVDLC01ETNGhostDisableTrigger01;010107F2;2;0;;NVDLC01ETownNGhostDisable01SCRIPT;;;164;No
NVDLC01ETNGhostEnableTrigger01;010107F3;2;0;;NVDLC01ETownNGhostEnable01SCRIPT;;;166;No
NVDLC01ETNGhostDisableTrigger02;010107F4;1;0;;NVDLC01ETownNGhostDisable02SCRIPT;;;344;No
NVDLC01ETNGhostEnableTrigger02;010107F5;1;0;;NVDLC01ETownNGhostEnable02SCRIPT;;;343;No
NVDLC01ETNGalaGauntletGhostTrigger;010107F6;1;0;Gas Valve;NVDLC01ETNGalaGauntletGhostSCRIPT;;;240;No
NVDLC01SpeakerINVOff;010109F5;10;1;Speaker;NVDLC01RadioSpeakerSCRIPT;;NVDLC01\clutter\Loudspeakers\NVDLC01_LoudSpeakers.NIF;32;No
NVDLC01SlideShowTrigger;01010A10;1;0;NVDLC01 Slideshow Trigger;NVDLC01SlideshowTriggerSCRIPT;;;184;No
NVDLC01ETNGGGSwitch01Trigger;01010A20;1;0;Gas Valve;NVDLC01ETNGGGSwitch01SCRIPT;;;394;No
NVDLC01ETNGGGSwitch02Trigger;01010A21;2;0;Gas Valve;NVDLC01ETNGGGSwitch02SCRIPT;;;327;No
DrinkSinkMetal01Avg;01010ABF;7;0;Sink;;d3AverageWater6r24h;Clutter\Bathroom\SinkMetalR01.NIF;56;No
NVDLC01DeanBarkActivateTrigger;01010AF7;1;0;Dean Bark Activate Trigger;NVDLC01DeanBarkActivateTriggerSCRIPT;;;654;No
NVDLC01ClinicBarkTrigger;01010BFD;1;0;Clinic Companion Bark Trigger;NVDLC01ClinicBarkTriggerSCRIPT;;;236;No
NVDLC01KitchenGasTrap;01010DAA;15;0;;NVDLC01KitchenGasTrapSCRIPT;;Traps\TrapGasFire01.NIF;255;No
NVDLC01LobbyElijahBark01;01010DCB;0;0;LobbyElijahBark01;;;;168;No
NVDLC01KitchenGasDamageTrigger;01010DD7;1;0;;NVDLC01KitchenGasDamageTriggerSCRIPT;;;168;No
NVDLC01GhostSpawnTrigger01;01010E06;1;0;Gas Valve;NVDLC01GhostSpawn01SCRIPT;;;127;No
NVDLC01GhostSpawnTrigger02;01010E07;1;0;Gas Valve;NVDLC01GhostSpawn02SCRIPT;;;127;No
NVDLC01GhostSpawnDisable;01010E08;1;0;Gas Valve;NVDLC01GhostSpawnDisableSCRIPT;;;191;No
NVDLC01BunkerRadio;01010E88;1;0;Radio;VintageRadioStartOnSCRIPT;;NVDLC01\clutter\ArtDecoRadio\NVDLC01_ArtDecoRadio.NIF;29;No
NVDLC01HologramFriendCodeHolder;01010ED5;4;0;Direct the Show;NVDLC01HoloFriendCodeHolderSCRIPT;;;128;No
NVDLC01TrapPressurePlate;01010EF2;3;1;Pressure Plate;NVDLC01TrapGenericPressurePlateSCRIPT;;Traps\PressurePlate.NIF;31;No
NVDLC01GhostSpawnTrigger03;01010EF7;1;0;Gas Valve;NVDLC01GhostSpawn03SCRIPT;;;127;No
NVDLC01ClinicElijahBark01Trigger;01010F5C;2;0;Clinic Elijah Bark Trigger;NVDLC01ClinicElijahBark01TriggerSCRIPT;;;197;No
NVDLC01ClinicElijahBark02Trigger;01010F61;1;0;Clinic Elijah Bark Trigger;NVDLC01ClinicElijahBark02TriggerSCRIPT;;;197;No
NVDLC01VillaElijahTrigger;01010F63;0;0;Villa Elijah Bark Trigger;NVDLC01VillaElijahTriggerSCRIPT;;;246;No
NVDLC01CasinoElijahBarkTrigger;01011021;0;0;NVDLC01CasinoElijahBark;;;;159;No
NVDLC01TheaterDeanBark04Trigger;010111BF;1;0;Dean Barks;NVDLC01TheaterDeanBark04TriggerScript;;;215;No
NVDLC01TheaterDeanBark03Trigger;010111C0;1;0;Dean Barks;NVDLC01TheaterDeanBark03TriggerScript;;;301;No
NVDLC01TheaterDeanBark02Trigger;010111C1;1;0;Dean Barks;NVDLC01TheaterDeanBark02TriggerScript;;;371;No
NVDLC01TheaterDeanBark01Trigger;010111C2;1;0;Dean Barks;NVDLC01TheaterDeanBark01TriggerScript;;;261;No
NVDLC01CraftingOven;01011219;13;0;Electric Hot Plate;CraftingCampfireRecipesScript;;NVDLC01\clutter\NVDLC01_CraftingHotPlate\NVDLC01_CraftingHotPlate.NIF;24;No
NVDLC01SuitesElijahElevatorTrigger;01011407;1;0;Elijah's Signal Transmission;NVDLC01SuitesElijahElevatorUpdate01Script;;;220;No
NVDLC01SuitesVaultIntercom;01011408;1;0;Vault Elevator Microphone;NVDLC01SuitesElevatorIntercomScpt;;clutter\consoles\intercom01.nif;21;No
NVDLC01VendingBarkTrigger;01011476;2;0;Companion Vending Machine Bark;NVDLC01VendingBarkTriggerSCRIPT;;;169;No
NVDLC01Gala02FirstDoorBarkTrigger;010118F8;1;0;Gas Valve;NVDLC01Gala02FirstDoorBarkSCRIPT;;;110;No
NVDLC01Gala02ExitingCloudBarkTrigger;010118F9;1;0;Gas Valve;NVDLC01Gala02ExitingCloudBarkSCRIPT;;;182;No
NVDLC01Gala02EnteringCloudBarkTrigger;010118FA;1;0;Gas Valve;NVDLC01Gala02EnteringCloudBarkSCRIPT;;;165;No
NVDLC01Gala02CloudTerminalBarkTrigger;010118FB;1;0;Gas Valve;NVDLC01Gala02CloudTerminalBarkSCRIPT;;;182;No
NVDLC01Gala02BrokenCatwalkBarkTrigger;010118FC;1;0;Gas Valve;NVDLC01Gala02BrokenCatwalkBarkSCRIPT;;;165;No
NVDLC01Gala02UtlRmFan;010118FD;19;0;;NVDLC01Gala02UtlRmFanSCRIPT;;NVDLC01\clutter\NVDLC01utlRmFan.NIF;138;No
NVDLC01SuitesElijahSecondUpTrigger;01011A43;1;0;Elijah's Signal Transmission;NVDLC01SuitesElijahSecondUpdate01Script;;;204;No
NVDLC01SuitesElijahFirstUpTrigger;01011A44;1;0;Elijah's Signal Transmission;NVDLC01SuitesElijahFirstUpdate01Script;;;222;No
NVDLC01Gala02EnterElijahBarkTrigger;01011ADA;1;0;Gas Valve;NVDLC01Gala02EnterElijahBarkSCRIPT;;;166;No
NVDLC01Gala02ChristineJumpBarkTrigger;01011ADB;1;0;Gas Valve;NVDLC01Gala02ChristineJumpBarkSCRIPT;;;165;No
NVDLC01Gala02ElijahCloudBarkTrigger;01011ADC;1;0;Gas Valve;NVDLC01Gala02ElijahCloudBarkSCRIPT;;;165;No
NVDLC01ElijahOfficeTrigger;01011AFE;0;0;Elijah OfficeTrigger;NVDLC01BartoOfficeScript;;;163;No
NVDLC01ETDogGalaBarkTrigger;01011BC4;1;0;Dog near gala bark trigger;NVDLC01ETDogGalaBarkTriggerSCRIPT;;;548;No
NVDLC01ETDeanGasBarkTrigger;01011BC7;1;0;Gas Valve;NVDLC01ETDeanGasBarkTriggerSCRIPT;;;289;No
NVDLC01ETChristineSpeakerBarkTrigger;01011BCA;1;0;;NVDLC01ETChristineSpeakerBarkTriggerSCRIPT;;;474;No
NVDLC01ETDeanHouseBarkTrigger;01011BCD;1;0;;NVDLC01ETDeanHouseBarkTriggerSCRIPT;;;235;No
NVDLC01ETDogEnterBarkTrigger;01011BD0;1;0;;NVDLC01ETDogEnterBarkTriggerSCRIPT;;;212;No
NVDLC01ETDogBoneBarkTrigger;01011BD3;1;0;;NVDLC01ETDogBoneBarkTriggerSCRIPT;;;177;No
NVDLC01ETDeanSierraMadreTrigger;01011BD6;1;0;;NVDLC01ETDeanSierraMadreTriggerSCRIPT;;;210;No
NVDLC01ETDeanBellTowerBarkTrigger;01011BD9;1;0;;NVDLC01ETDeanBellTowerBarkTriggerSCRIPT;;;166;No
NVDLC01TheaterElijahFirstUpTrigger;01011C0E;1;0;Elijah's Signal Transmission;NVDLC01TheaterElijahFirstUpdate01Script;;;419;No
NVDLC01TheaterElijahTapeUpTrigger;01011C11;1;0;Elijah's Signal Transmission;NVDLC01TheaterElijahTapeUpdate01Script;;;419;No
NVDLC01KitchenElijahFirstUpTrigger;01011C34;1;0;Elijah's Signal Transmission;NVDLC01KitchenElijahBarkArrival01Script;;;524;No
NVDLC01KitchenElijahTapeUpTrigger;01011C35;1;0;Elijah's Signal Transmission;NVDLC01KitchenElijahTapeUpdate01Script;;;257;No
NVDLC01SuitesElijahTapeUpTrigger;01011C36;1;0;Elijah's Signal Transmission;NVDLC01SuitesVeraRoomElijahTapeUpdate01Script;;;192;No
NVDLC01WTDeanUmbrellasBarkTrigger;01011CB4;1;0;;NVDLC01WTDeanUmbrellasBarkTriggerSCRIPT;;;192;No
NVDLC01WTDeanTreeBarkTrigger;01011CB5;1;0;;NVDLC01WTDeanTreeBarkTriggerSCRIPT;;;373;No
NVDLC01WTDogInsideBarkTrigger;01011CB6;1;0;;NVDLC01WTDogInsideBarkTriggerSCRIPT;;;208;No
NVDLC01WTChristineRoofBarkTrigger;01011CB7;1;0;;NVDLC01WTChristineRoofBarkTriggerSCRIPT;;;212;No
NVDLC01WTDeanSneakBarkTrigger;01011CB8;1;0;;NVDLC01WTDeanSneakBarkTriggerSCRIPT;;;254;No
NVDLC01WTChristineGalaBarkTrigger;01011CB9;1;0;;NVDLC01WTChristineGalaBarkTriggerSCRIPT;;;342;No
NVDLC01WTChristineSmallSpaceBarkTrigger;01011CBA;7;0;;NVDLC01WTChristineSmallSpaceBarkTriggerSCRIPT;;;364;No
NVDLC01WTDeanGalaBarkTrigger;01011CBB;1;0;;NVDLC01WTDeanGalaBarkTriggerSCRIPT;;;515;No
NVDLC01ETChristineVendBarkTrigger;01011CBC;1;0;;NVDLC01ETChristineVendBarkTriggerSCRIPT;;;178;No
NVDLC01WTDogRoofBarkTrigger;01011CBD;1;0;;NVDLC01WTDogRoofBarkTriggerSCRIPT;;;167;No
NVDLC01ETElijahBark13;01011CFA;1;0;;;;;189;No
NVDLC01ElijahBarkGalaDeanTrigger;01011D0F;1;0;;NVDLC01ElijahBarkGalaDeanTriggerSCRIPT;;;442;No
NVDLC01CloudResidue;01011DDF;154;0;Cloud Residue;NVDLC01CloudResidueSCRIPT;;NVDLC01\clutter\CloudResidue\NVDLC01CloudResidue.NIF;90;No
NVDLC01RadioElijahActivator;01011F4C;2;0;Elijah Radio Activation Volume;NVDLC01RadioElijahActivatorSCRIPT;;;0;No
NVDLC01ClinicAutoDocChristine;01011F66;1;0;Malfunctioning Auto-Doc;NVDLC01ClinicAutoDocChristineSCRIPT;;NVDLC01\clutter\NVDLC01_AutoDoc\NVDLC01_AutoDoc.NIF;163;No
NVDLC01GhostBarkTrigger;010120A8;1;0;Ghost Bark Trigger;NVDLC01GhostBarkTriggerSCRIPT;;;316;No
NVDLC01VaultCollarCodeHolder;01012265;1;0;Bomb Collar Counter;NVDLC01VaultCollarBeepScript;;;90;No
NVDLC01VaultPlayerTroubleTrigger;01012266;3;0;Player Trouble Zone;NVDLC01VaultPlayerTroubleTriggerScript;;;227;No
NVDLC01DogGalaDiagram;0101226D;1;0;Electrical Diagram;NVDLC01DogGalaDiagramSCRIPT;;NVDLC01\clutter\NVDLC01diagram.NIF;46;No
NVDLC01DogGalaElectricalSwitch;0101226E;5;0;Corroded Electrical Switch;NVDLC01DogGalaElectricalSwitchSCRIPT;;Clutter\ElectricalSwitch02.NIF;25;No
NVDLC01ChristineSpeakerDialogueTrigger;010123E5;1;0;Christine Speaker Dialogue Trigger;NVDLC01ChristineSpeakerDialogueTriggerSCRIPT;;;199;No
NVDLC01VendingArtDecoOFF;01012500;1;0;Vending Machine;NVDLC01CraftingMachineRecipeOFFScript;;NVDLC01\clutter\VendingArtDeco\NVDLC01VendingArtDeco.NIF;83;No
NVDLC01VaultExplosionTrigger01;0101266A;12;0;Fireworks!;NVDLC01VaultExplosionTriggerScript;;;152;No
NVDLC01ElijahMojaveBarkTrigger;010126D2;1;0;Elijah Mojave Bark Trigger;NVDLC01ElijahMojaveBarkTriggerSCRIPT;;;302;No
NVDLC01ElijahCasinoGateBarkTrigger;010126D8;1;0;Elijah Casino Gate Bark Trigger;NVDLC01ElijahCasinoGateBarkTriggerSCRIPT;;;326;No
NVDLC01WTChristineTerrifiedSoundBarkTrigger;010127F6;2;0;Gas Valve;NVDLC01WTChristineTerrifiedSoundBarkTriggerSCRIPT;;;229;No
NVDLC01GodTapeActivator;01012BAF;1;0;God Basement Tape Activator;NVDLC01GodTapeActivatorSCRIPT;;;212;No
NVDLC01ETFanAnimationTrigger;01012C03;1;0;;NVDLC01ETFanAnimationTriggerSCRIPT;;;349;No
NVDLC01RadioAMLSpeaker;01012EA8;79;0;;VintageRadioStartOnSCRIPT;;NVDLC01\clutter\Speakers\NVDLC01_SpeakerVuln.NIF;39;No
NVDLC01WTElijahHolorifleBarkTrigger;01012F60;1;0;Gas Valve;NVDLC01WTElijahHolorifleBarkSCRIPT;;;527;No
NVDLC01HologramFriendCodeHolder2;0101302E;2;0;Direct the Show Part Two;NVDLC01HoloFriendCodeHolder02SCRIPT;;;138;No
NVDLC01CollarSpeaker;01013323;0;0;;;;NVDLC01\clutter\Loudspeakers\NVDLC01_LoudSpeakers_Destructable01ANIM.NIF;32;No
NVDLC01Gala02SmallUtlRmFan;0101336A;1;0;;NVDLC01Gala02SmallUtlRmFanSCRIPT;;NVDLC01\clutter\NVDLC01utlRmFan.NIF;138;No
NVDLC01SuitesGasValve;01013551;1;0;Gas Valve;NVDLC01SuitesGasValveSCRIPT;;Architecture\Wasteland\WaterTowerPipes01.NIF;199;No
NVDLC01HoloEmitterVendor;01013780;5;1;Hologram Emitter;NVDLC01HoloEmitterVendorScript;;NVDLC01\clutter\HoloEmitter\NVDLC01HoloEmitter.NIF;20;No
NVDLC01KitchenElijahSecondUpTrigger;01013867;1;0;Elijah's Signal Transmission;NVDLC01KitchenElijahBarkArrival02Script;;;257;No
NVDLC01ElijahsChemistrySet;010138A8;1;0;Elijah's Chemistry Set;NVDLC01ElijahsChemistrySetScript;;clutter\lab\chemistryexperiment01.nif;50;No
NVDLC01VaultTurretBox;0101393A;1;0;Turret Defense Electric Generator;NVDLC01VaultTurretGeneratorScript;;Clutter\ElectricBox\ElectricBox1.NIF;122;No
NVDLC01RadioAMLDean;0101394B;1;0;Radio;VintageRadioStartOnSCRIPT;;clutter\vintageradio\vintageradio01.nif;0;No
NVDLC01VaultElijahScreen;010139BF;1;0;Vault Elijah Screen;;;NVDLC01\dungeons\casino\vault\NVDLC01_VaultScreen-Elijah.NIF;83;No
NVDLC01DrinkUrinal01Avg;010139C4;0;0;Urinal;;d3AverageWater6r24h;Clutter\Office\Urinal01.NIF;0;No
NVDLC01DrinkUrinal03Purified;010139CC;0;0;Urinal;;d1PurifiedWater0r30h;Clutter\Office\Urinal01.NIF;0;No
NVDLC01GlobalToxicBarkTrigger;010139DC;1;0;Elijah Global Toxic Bark;NVDLC01GlobalToxicBarkTriggerSCRIPT;;;175;No
NVDLC01HoloEmitterA25;010139FA;1;2;Hologram Emitter;NVDLC01HoloEmitterAllScript;;NVDLC01\clutter\HoloEmitter\NVDLC01HoloEmitter.NIF;0;No
NVDLC01HoloEmitterA50;010139FB;1;2;Hologram Emitter;NVDLC01HoloEmitterAllScript;;NVDLC01\clutter\HoloEmitter\NVDLC01HoloEmitter.NIF;0;No
NVDLC01HoloEmitterA75;010139FC;1;2;Hologram Emitter;NVDLC01HoloEmitterAllScript;;NVDLC01\clutter\HoloEmitter\NVDLC01HoloEmitter.NIF;0;No
NVDLC01HoloEmitterB25;010139FD;0;2;Hologram Emitter;NVDLC01HoloEmitterAllScript;;NVDLC01\clutter\HoloEmitter\NVDLC01HoloEmitter.NIF;0;No
NVDLC01HoloEmitterB50;010139FE;2;2;Hologram Emitter;NVDLC01HoloEmitterAllScript;;NVDLC01\clutter\HoloEmitter\NVDLC01HoloEmitter.NIF;0;No
NVDLC01HoloEmitterB75;010139FF;1;2;Hologram Emitter;NVDLC01HoloEmitterAllScript;;NVDLC01\clutter\HoloEmitter\NVDLC01HoloEmitter.NIF;0;No
NVDLC01HoloEmitterC25;01013A00;0;2;Hologram Emitter;NVDLC01HoloEmitterAllScript;;NVDLC01\clutter\HoloEmitter\NVDLC01HoloEmitter.NIF;0;No
NVDLC01HoloEmitterC50;01013A01;1;2;Hologram Emitter;NVDLC01HoloEmitterAllScript;;NVDLC01\clutter\HoloEmitter\NVDLC01HoloEmitter.NIF;0;No
NVDLC01HoloEmitterC75;01013A02;2;2;Hologram Emitter;NVDLC01HoloEmitterAllScript;;NVDLC01\clutter\HoloEmitter\NVDLC01HoloEmitter.NIF;0;No
NVDLC01EnableElijahTrigger;01013A05;1;0;Enable Elijah Trigger;NVDLC01EnableElijahTriggerSCRIPT;;;287;No
NVDLC01ElijahProjector;01013A5E;0;0;Elijah Projector;;;NVDLC01\clutter\NVDLC01_Elijah-Projector\NVDLC01_Elijah-Projector.NIF;150;No
NVDLC01PostChristineEnemyEnableTrigger;01013A7B;1;0;Post-Christine Enemy Enable Trigger;NVDLC01PostChristineEnemyEnableTriggerSCRIPT;;;216;No
NVDLC01PoliceStationDoorTrigger;01013A7C;2;0;Gas Valve;NVDLC01PoliceStationDoorTriggerSCRIPT;;;282;No
NVDLC01MQ03aEscapeTrigger;01013C1B;2;0;Kitchen Escape Trigger;NVDLC01MQ03aEscapeTriggerSCRIPT;;;273;No
NVFollowerFireTrigger;01013C64;0;0;New Vegas Companion Fire Trigger;NVFollowerFireTriggerSCRIPT;;;245;No
NVDLC01SuitesEscapeTrigger;01013C66;1;0;Suites Escape Trigger;NVDLC01SuitesEscapeTriggerSCRIPT;;;254;No
NVDLC01ScareHarvesterActivateTrigger;01013C6E;1;0;Gas Valve;NVDLC01ScareHarvesterActivateTriggerSCRIPT;;;275;No
NVDLC01InitialHarvesterTrigger;01013C6F;2;0;Gas Valve;NVDLC01InitialHarvesterTriggerSCRIPT;;;373;No
NVDLC01ScareHarvesterDisableTrigger;01013C70;1;0;Gas Valve;NVDLC01ScareHarvesterDisableTriggerSCRIPT;;;94;No
NVDLC01ElijahFountainActivator;01013C87;1;0;Father Elijah;NVDLC01ElijahFountainActivatorSCRIPT;;NVDLC01\clutter\NVDLC01_Elijah-Projector\NVDLC01_ElijahHologramActivatorCollision.NIF;0;No
NVDLC01WTElijahBarkSwitchingStation;01013D61;1;0;;NVDLC01WTElijahBarkSwitchingStationSCRIPT;;;418;No
NVDLC01WorshipBreakingTrigger;01013D90;0;0;Gas Valve;NVDLC01WorshipBreakingTriggerSCRIPT;;;506;No
NVDLC01HologramWorshipTrigger;01013D91;0;0;Gas Valve;NVDLC01HologramWorshipTriggerSCRIPT;;;1053;No
NVDLC01FountainBlocker;01013E4E;0;0;;;;Effects\ForceFieldFX\ForceFieldRightImpact01.NIF;690;No
NVDLC01RadioElijahSpeaker;01013F5D;0;0;Radio;;;NVDLC01\clutter\Speakers\NVDLC01_SpeakerVuln.NIF;39;No
NVDLC01TheaterEscapeTrigger;01013F78;1;0;Theater Escape Trigger;NVDLC01TheaterEscapeTriggerSCRIPT;;;318;No
NVDLC01ReturnEquipmentTrigger;01013FB2;1;0;Return Player Equipment Trigger;NVDLC01ReturnEquipmentTriggerSCRIPT;;;242;No
NVDLC01LobbyIntercomBarkActivator;01013FB9;3;0;;NVDLC01LobbyIntercomBarkActivatorSCRIPT;;;190;No
NVDLC01CasinoIntroTrigger;01013FCC;3;0;;NVDLC01CasinoIntroTriggerSCRIPT;;;326;No
NVDLC01VaultLockTrigger;01013FD2;1;0;;NVDLC01VaultLockTriggerSCRIPT;;;409;No
NVDLC01SuitesNoSleepTrigger;01013FF5;1;0;Suites No Sleep Trigger;NVDLC01SuitesNoSleepTriggerSCRIPT;;;161;No
NVDLC01FollowerGhostBarkTrigger;01013FFB;1;0;Follower Ghost Bark Trigger;NVDLC01FollowerGhostBarkTriggerSCRIPT;;;229;No
NVDLC01trapShotgun;01014015;11;1;Rigged Shotgun;NVDLC01TrapShotgunSCRIPT;;Traps\ShotgunTrap.NIF;51;No
NVDLC01SprungTrapBearTrap;01014016;1;1;Bear Trap;NVDLC01SprungBearTrapScript;;Traps\BearTrap01.NIF;59;No
NVDLC01StopGodBasementBarkTrigger;01014024;1;0;Stop God Basement Bark Trigger;NVDLC01StopGodBasementBarkTriggerSCRIPT;;;242;No
NVDLC01TheaterKeyTrigger;0101406C;1;0;Theater Key Trigger;NVDLC01TheaterKeyTriggerSCRIPT;;;288;No
NVDLC01ChristineWaitTrigger;0101406E;1;0;Christine Wait Trigger;NVDLC01ChristineWaitTriggerSCRIPT;;;172;No
NVDLC01GotDogTapeTrigger;01014077;1;0;Got Dog Tape Trigger;NVDLC01GotDogTapeTriggerSCRIPT;;;700;No
NVDLC02EasternVirginTrigger;020093C0;1;0;Eastern Virgin Trigger;NVDLC02EasternVirginTriggerSCRIPT;;;506;No
NVDLC02PlayerStartTrigger;020093C8;0;0;Player Start Trigger;NVDLC02PlayerStartTriggerSCRIPT;;;320;No
NVDLC02BighornBluffTrigger;020093CC;0;0;Bighorn Bluff Trigger;NVDLC02BighornBluffTriggerSCRIPT;;;357;No
NVDLC02PineCreekTrigger;020093D0;0;0;Pine Creek Trigger;NVDLC02PineCreekTriggerSCRIPT;;;343;No
NVDLC02VirginRiverTrigger;020093D3;0;0;Virgin River Trigger;NVDLC02VirginRiverTriggerSCRIPT;;;679;No
NVDLC02SacredDaturaPlantLarge;020094B7;0;0;Sacred Datura;NVDLC02SacredDaturaScript;;NVDLC02\landscape\plants\NVDLC02_SacredDatura_Big.NIF;0;No
NVDLC02SacredDaturaPlant;020094B8;132;0;Sacred Datura;NVDLC02SacredDaturaScript;;NVDLC02\landscape\plants\NVDLC02_SacredDatura.NIF;51;No
NVDLC02RockSlideTrigger;020095E7;1;0;RockSlideTrigger;NVDLC02RockslideScript;;;1247;No
NVDLC02PineCreekTunnelTrigger;020096D2;0;0;Pine Creek Tunnel Trigger;NVDLC02PineCreekTunnelTriggerSCRIPT;;;557;No
NVDLC02Campfire01;02009946;16;1;Campfire;CraftingCampfireRecipesScript;;NVDLC02\clutter\NVDLC02Campfire01.NIF;0;No
NVDLC02Campfire02;02009947;12;1;Campfire;CraftingCampfireRecipesScript;;NVDLC02\clutter\NVDLC02Campfire02.NIF;0;No
NVDLC02SaltUponWoundsTrigger;020099AC;0;0;Salt Upon Wounds Trigger;NVDLC02SUWTriggerScript;;;462;No
NVDLC02Massacre01Trigger;020099CC;1;0;Massacre01 Trigger;NVDLC02Massacre01Script;;;860;No
NVDLC02EncCodeHolder;02009B80;10;0;Direct The Show;NVDLC02EncCodeHolderScript;;;187;No
NVDLC02Massacre02Trigger;02009ECC;1;0;Massacre02 Trigger;NVDLC02Massacre02Script;;;860;No
NVDLC02HireTrigger;02009FE2;1;0;Follower Hire Trigger;NVDLC02HireTriggerSCRIPT;;;329;Yes
NVDLC02FireTrigger;02009FE6;1;0;Follower Fire Trigger;NVDLC02FireTriggerSCRIPT;;;329;Yes
NVDLC02EncListCodeHolder;0200A2E9;1;0;Choose The Show;NVDLC02EncListScript;;;457;No
NVDLC02Massacre03Trigger;0200A362;1;0;Massacre03 Trigger;NVDLC02Massacre03Script;;;1360;No
NVDLC023MarysBattleTrigger;0200A4A5;0;0;Marys Battle Trigger;;;;1192;No
NVDLC02EasternVirginCalfDropPointTrigger;0200A6E1;1;0;;NVDLC02EasternVirginCalfDropPointTriggerSCRIPT;;;640;No
NVDLC02JedBarkTrigger;0200A7C3;0;0;Jed Bark Trigger;NVDLC02JedBarkTriggerSCRIPT;;;401;No
NVDLC02AmbushAvoidedTrigger;0200A7C9;3;0;Gas Valve;NVDLC02AmbushAvoidedTriggerSCRIPT;;;999;No
NVDLC023MarysCaveBox;0200A866;1;0;3 Marys Cave Code Box;NVDLC023MarysCaveScript;;;440;No
NVDLC02MQ03MineDetector;0200AE9A;0;0;Mine Detector;NVDLC02MQ03MineDetectorSCRIPT;;;2521;No
NVDLC02MQ03BearTrap;0200B353;6;1;Bear Trap;NVDLC02MQ03BearTrapScript;;Traps\BearTrap01.NIF;59;No
NVDLC02MarysFollowTriggerEnd;0200B3D8;1;0;Marys Follow Trigger 2;NVDLC023MarysFollowScriptEnd;;;1069;No
NVDLC02MarysFollowTrigger;0200B3D9;1;0;Marys Follow Trigger;NVDLC023MarysFollowScript;;;1010;No
NVDLC02MQ05FadeTrigger;0200B4CB;1;0;Gas Valve;NVDLC02MQ05FadeTriggerScript;;;1819;No
NVDLC02MQ05cDisableTrigger;0200B652;1;0;Gas Valve;NVDLC02MQ05cDisableTriggerSCRIPT;;;1266;No
NVDLC02MQ05bDisableTrigger;0200B656;1;0;Gas Valve;NVDLC02MQ05bDisableTriggerSCRIPT;;;1629;No
NVDLC02MQ05aDisableTrigger;0200B65C;1;0;Gas Valve;NVDLC02MQ05aDisableTriggerSCRIPT;;;1300;No
NVDLC02MQ05CodeHolder;0200B666;3;0;MQ03 Objective Controller;;;;187;No
NVDLC02PineCreekEscape01;0200B6A2;1;0;1st trigger;NVDLC02PineCreekEscape01SCRIPT;;;923;No
NVDLC02PineCreekEscape02;0200B753;1;0;2nd trigger;NVDLC02PineCreekEscape02SCRIPT;;;1054;No
NVDLC02NarrowsEnableTrigger02;0200BB45;1;0;Enable Geckos above Sorrows Pond;NVDLC02NarrowsEnableTrigger02SCRIPT;;;1852;No
NVDLC02NarrowsEnableTrigger01;0200BB46;1;0;Enable Geckos above Dead Hose Camp;NVDLC02NarrowsEnableTrigger01SCRIPT;;;2061;No
NVDLC02C4Marker;0200C7C3;3;0;Explosives Marker;NVDLC02C4MarkerSCRIPT;;NVDLC02\Weapons\NVDLC02C4Alpha.NIF;13;No
NVDLC02MQ03cCaveTrigger;0200C7D1;1;0;Gas Valve;NVDLC02MQ03cCaveTriggerSCRIPT;;;394;No
NVDLC02MQ03cDetonationTrigger;0200C7D3;0;0;Gas Valve;NVDLC02MQ03cDetonationTriggerSCRIPT;;;1735;No
NVDLC02Massacre01bTrigger;0200CA4B;1;0;Massacre01 Trigger;NVDLC02Massacre01SecondScript;;;954;No
NVDLC02BearTrap;0200CC84;23;1;Bear Trap;NVDLC02trapBearTrapScript;;Traps\BearTrap01.NIF;59;No
NVDLC02MS02QuestTrigger;0200CCFF;1;0;;NVDLC02MS02QuestTriggerSCRIPT;;;1264;No
NVDLC02MS02CliffTrigger;0200CD14;0;0;;NVDLC02MS02CliffTriggerSCRIPT;;;2721;No
NVDLC02ZionSCaveSGenerator;0200D28F;1;0;Electric Generator;NVDLC02ZionSCaveSElectricGeneratorScript;;Clutter\ElectricBox\Generator01.NIF;41;No
NVDLC02ZionSCaveSElectricWire;0200D32E;1;0;Electric Generator Wiring;NVDLC02ZionSCaveSElectricWiringScript;;clutter\electricalswitch02.nif;25;No
PerkWellStackedCairns01TRIGGER;0200DD68;0;0;;;;;1539;No
PerkWellStackedCairnsTRIGGER;0200DD69;6;0;;PerkWellStackedCairnsTriggerSCRIPT;;;1770;No
NVDLC02EveListCodeHolder;0200E866;1;0;Choose The Show;NVDLC02EveListScript;;;457;No
NVDLC02EveCodeHolder;0200E869;6;0;Direct The Show;NVDLC02EveCodeHolderScript;;;187;No
NVDLC02FollowsChalkTeleportTrigger;0200E8FE;1;0;Gas Valve;NVDLC02FollowsChalkTeleportTriggerSCRIPT;;;781;No
NVDLC02Rain;0200EDE6;1;0;;;;NVDLC02\sky\NVDLC02Rain.nif;1153;No
NVDLC02RainUp;0200EDEA;1;0;;;;NVDLC02\sky\NVDLC02RainUP.nif;1153;No
NVDLC02MS02CalfStopFollowTrigger;0200EE30;2;0;;NVDLC02MS02CalfStopFollowTriggerSCRIPT;;;576;No
NVDLC02JoshuaForceGreet;0200F256;1;0;;NVDLC02JoshuaForceGreetSCRIPT;;;709;No
NVDLC02MQ04JoshuaTeleportTrigger;0200F2BA;0;0;Set up for MQ04 finale;NVDLC02MQ04JoshuaTeleportTriggerSCRIPT;;;595;No
NVDLC02MQ04FinaleTrigger;0200F2C6;2;0;Finale Trigger;NVDLC02MQ04FinaleTriggerSCRIPT;;;288;No
NVDLC02Rain2;0200F32B;1;0;;;;NVDLC02\sky\NVDLC02Rain2.NIF;1498;No
NVDLC02RainUp2;0200F32C;1;0;;;;NVDLC02\sky\NVDLC02RainUp2.NIF;1498;No
NVDLC02WhiteLegTotemActivator;0200F370;2;0;White Legs War Totem;NVDLC02WhiteLegTotemActivatorSCRIPT;;NVDLC02\clutter\NVDLC02_TotemWhiteLegs\NVDLC02_TotemWhiteLegs.NIF;104;No
NVDLC02FollowsChalkLogBarkTrigger;0200F3F4;1;0;Gas Valve;NVDLC02FollowsChalkLogBarkTriggerSCRIPT;;;937;No
NVDLC02MedicalSupplyKitActivator;0200F6FE;1;0;Contaminated Medical Supply Kit;NVDLC02MedicalSupplyKitActivatorScript;;clutter\health\DoctorBag.NIF;16;No
NVDLC02FollowsChalkPineCreekBarkTrigger;0200F869;1;0;Gas Valve;NVDLC02FollowsChalkPineCreekBarkTriggerSCRIPT;;;632;No
NVDLC02FollowsChalkNarrowsBarkTrigger;0200F86D;1;0;Gas Valve;NVDLC02FollowsChalkNarrowsBarkTriggerSCRIPT;;;545;No
NVDLC02FollowsChalkMarysBarkTrigger;0200F871;1;0;Gas Valve;NVDLC02FollowsChalkMarysBarkTriggerSCRIPT;;;627;No
NVDLC02FollowsChalkTabooBarkTrigger;0200F874;3;0;Gas Valve;NVDLC02FollowsChalkTabooBarkTriggerSCRIPT;;;299;No
NVDLC02EncSpecialSporeCamp02Trigger;0200F879;1;0;Start The Show;NVDLC02SpecialSporeCamp02CodeholderScript;;;231;No
NVDLC02ExitTeleportTrigger;0200F899;2;0;;NVDLC02ExitTeleportTriggerSCRIPT;;;448;No
NVDLC02WWTwoBearsTrigger;0200F8A0;1;0;Start The Show;NVDLC02WWTwoBearsTriggerScript;;;778;No
NVDLC02JoshuaGrahamLeaveForceGreetTrigger;0200F8C7;1;0;Gas Valve;NVDLC02JoshuaGrahamLeaveForceGreetTriggerSCRIPT;;;295;No
NVDLC02MQ05JoshuaForceGreetTrigger;0200F8CB;0;0;Gas Valve;;;;777;No
NVDLC02AmbushTrigger;0200F8CF;0;0;NVDLC02 Ambush Trigger;NVDLC02JedBarkTriggerSCRIPT;;;453;No
NVDLC02MQ05SUWTrigger;0200F8D4;1;0;Gas Valve;NVDLC02MQ05SUWTriggerSCRIPT;;;788;No
NVDLC02JoshuaGrahamLeaveForceGreetTriggerDUPLICATE000;0200F8F3;0;0;Gas Valve;NVDLC02JoshuaGrahamLeaveForceGreetTriggerSCRIPT02;;;295;No
NVDLC02AmbushTriggerDUPLICATE000;0200F8F4;0;0;NVDLC02 Ambush Trigger;NVDLC02JedBarkTriggerSCRIPT;;;453;No
NVDLC02MQ05SUWTriggerDUPLICATE000;0200F8F5;0;0;Gas Valve;NVDLC02MQ05SUWTriggerSCRIPT02;;;788;No
NVDLC02MQ05JoshuaForceGreetTriggerDUPLICATE000;0200F8F6;0;0;Gas Valve;;;;777;No
NVDLC02ZionArrivalCodeHolder;02010007;1;0;Direct The Show;NVDLC02ZionArrivalCodeHolderScript;;;143;No
NVDLC02SlideShowTrigger;02010132;1;0;NVDLC02 Slide Show Trigger;NVDLC02SlideShowTriggerSCRIPT;;;204;No
NVDLC02ZionArrivalFailSafeTrigger;0201014B;1;0;Adjust The Show;NVDLC02ZionArrivalFailSafeTriggerSCRIPT;;;1778;No
NVDLC02DrinkToiletMetalR;02010342;4;0;Toilet;;NVDLC02Water;clutter\bathroom\toiletmetalr01.nif;61;No
NVDLC02BrokenCompassActivator;020108C4;1;0;Broken Compass;NVDLC02BrokenCompassActivatorScript;;NVDLC02\clutter\NVDLC02_Compass\NVDLC02_Compass_Broken.NIF;13;No
NVDLC02MS01GhostOfSheTrigger;02010A18;1;0;;NVDLC02MS01GhostOfSheTriggerSCRIPT;;;723;No
NVDLC02rTrailerTrigger;02010B54;10;0;;NVDLC02rTrailerScript;;;263;No
NVDLC02RickyDisableTrigger;02010BCB;1;0;Gas Valve;NVDLC02RickyDisableTriggerSCRIPT;;;313;No
NVDLC02FollowsChalkGuideBark1Trigger;02010C68;1;0;Gas Valve;NVDLC02GuideBark1TriggerSCRIPT;;;2177;No
NVDLC02FollowsChalkGuideBark2Trigger;02010C69;1;0;Gas Valve;NVDLC02GuideBark2TriggerSCRIPT;;;1976;No
NVDLC02FollowsChalkGuideBarkWrongWayTrigger;02010C6A;6;0;Gas Valve;NVDLC02GuideBarkWrongWayTriggerSCRIPT;;;814;No
NVDLC02FollowsChalkGuideBark3Trigger;02010C6B;1;0;Gas Valve;NVDLC02GuideBark3TriggerSCRIPT;;;1037;No
NVDLC02FollowsChalkGuideBark4Trigger;02010C6C;2;0;Gas Valve;NVDLC02GuideBark4TriggerSCRIPT;;;1560;No
NVDLC02FollowsChalkGuideBark5Trigger;02010C6D;1;0;Gas Valve;NVDLC02GuideBark5TriggerSCRIPT;;;1289;No
NVDLC02FollowsChalkGuideBark6Trigger;02010C6E;1;0;Gas Valve;NVDLC02GuideBark6TriggerSCRIPT;;;875;No
NVDLC02FollowsChalkGuideBark7Trigger;02010C6F;1;0;Gas Valve;NVDLC02GuideBark7TriggerSCRIPT;;;410;No
NVDLC02FollowsChalkGuideBark8Trigger;02010C70;1;0;Gas Valve;NVDLC02GuideBark8TriggerSCRIPT;;;602;No
NVDLC02FollowsChalkAerieBarkTrigger;02010CB0;1;0;Gas Valve;NVDLC02FollowsChalkAerieBarkTriggerSCRIPT;;;814;No
NVDLC02FollowsChalkBusBarkTrigger;02010CB1;1;0;Gas Valve;NVDLC02FollowsChalkBusBarkTriggerSCRIPT;;;1008;No
SCNNVDLC02FollowsChalkPlaneBarkTriggerSCRIPT;02010CB2;1;0;Gas Valve;NVDLC02FollowsChalkPlaneBarkTriggerSCRIPT;;;1250;No
NVDLC02FollowsChalkEasternVirginBarkTrigger;02010CB3;1;0;Gas Valve;NVDLC02FollowsChalkEasternVirginBarkTriggerSCRIPT;;;861;No
NVDLC02FollowsChalkVault22BarkTrigger;02010CB4;2;0;Gas Valve;NVDLC02FollowsChalkV22BarkTriggerSCRIPT;;;496;No
NVDLC02FollowsChalkCampgroundBarkTrigger;02010CB5;4;0;Gas Valve;NVDLC02FollowsChalkCampgroundBarkTriggerSCRIPT;;;989;No
NVDLC02FollowsChalkAntBurrowBarkTrigger;02010CB6;4;0;Gas Valve;NVDLC02FollowsChalkAntBurrowBarkTriggerSCRIPT;;;1254;No
SCNNVDLC02FollowsChalkOverlookBarkTriggerSCRIPT;02010CB7;1;0;Gas Valve;NVDLC02FollowsChalkOverlookBarkTriggerSCRIPT;;;809;No
NVDLC02WakingCloudBurialMoundsBarkTrigger;02010CEB;1;0;Gas Valve;NVDLC02WakingCloudBurialMoundsBarkTriggerSCRIPT;;;520;No
NVDLC02WakingCloudDocksBarkTrigger;02010CEC;2;0;Gas Valve;NVDLC02WakingCloudDocksBarkTriggerSCRIPT;;;793;No
NVDLC02WakingCloudGhostofSheBarkTrigger;02010CED;1;0;Gas Valve;NVDLC02WakingCloudGhostofSheBarkTriggerSCRIPT;;;529;No
NVDLC02ZionArrivalBridgeAvoidTrigger;02010D5D;1;0;Adjust The Show;NVDLC02ZionArrivalBridgeAvoidTriggerSCRIPT;;;551;No
NVDLC02YaoGuaiIntroCodeHolder;02010DA8;1;0;Direct The Show;NVDLC02YaoGuaiIntroCodeHolderSCRIPT;;;171;No
NVDLC02MQ05SUWDisableTrigger;02010EAD;1;0;Gas Valve;NVDLC02MQ05SUWDisableTriggerSCRIPT;;;692;No
NVDLC02LunchboxActivator;02010EB6;4;0;Li'l Scout Lunchbox;NVDLC02LunchboxActivatorScript;;NVDLC02\clutter\junk\NVDLC02Lunchbox.NIF;10;No
NVDLC02EncSafeGuardTrigger;02010EFE;2;0;Start The Show;NVDLC02EncSafeGuardTriggerSCRIPT;;;2198;No
NVDLC02WakingCloudSurvivalistCaveBarkTrigger;02011039;1;0;Gas Valve;NVDLC02WakingCloudSurvivalistCaveBarkTriggerSCRIPT;;;326;No
NVDLC02FollowsChalkMuralBarkTrigger;02011160;1;0;Gas Valve;NVDLC02FollowsChalkMuralBarkTriggerSCRIPT;;;937;No
NVDLC02NarrowsFastTravelEnabler;02011161;1;0;Gas Valve;NVDLC02NarrowsFastTravelEnablerSCRIPT;;;628;No
NVDLC02FollowsChalkTabooMarksBarkTrigger;02011162;8;0;Gas Valve;NVDLC02FollowsChalkTabooMarksBarkTriggerSCRIPT;;;880;No
NVDLC02ZionArrivalForceStartTrigger;02011181;1;0;Adjust The Show;NVDLC02ZionArrivalForceIntroStartTriggerSCRIPT;;;1631;No
CaveFungusPlant;020112F8;234;0;Cave Fungus;CaveFungusScript;;NVDLC02\clutter\junk\NVDLC02CaveFungus.NIF;39;No
NVDLC02CraftingOven01;02011304;0;0;Hot Plate;CraftingCampfireRecipesScript;;NVDLC01\clutter\NVDLC01_CraftingHotPlate\NVDLC01_CraftingHotPlate.NIF;0;No
NVDLC02TrapTripwire01;020114F6;12;1;Tripwire;NVDLC02TrapGenericTripwireSCRIPT;;Traps\Tripwire01.NIF;152;No
NVDLC02TrapPressurePlate;020114F7;1;1;Pressure Plate;NVDLC02TrapGenericPressurePlateSCRIPT;;Traps\PressurePlate.NIF;31;No
NVDLC02LostCalfTeleportTrigger;020115E6;5;0;;NVDLC02LostCalfTeleportTriggerSCRIPT;;;382;No
NVDLC02FollowsChalkBighornerWaitTrigger;020115E7;0;0;;NVDLC02FollowsChalkBighornerWaitSCRIPT;;;660;No
NVDLC02EncToggleCodeHolder;02011601;5;0;Toggle The Show;NVDLC02EncToggleCodeHolderSCRIPT;;;163;No
NVDLC02ZionArrivalWaitWarnCodeHolder;02011673;1;0;Hold The Show;NVDLC02WaitWarnZionIntroSCRIPT;;;143;No
NVDLC02MQ04MarkerTrigger;020116DF;1;0;Gas Valve;NVDLC02MQ04MarkerTriggerSCRIPT;;;443;No
NVDLC02ZionArrivalRickyBarkTrigger;0201170C;1;0;Barkie;NVDLC02ZionArrivalRickyBarkTriggerSCRIPT;;;1192;No
NVDLC02ZionArrivalStellaBarkTrigger;0201170D;1;0;Barkie;NVDLC02ZionArrivalStellaBarkTriggerSCRIPT;;;604;No
NVDLC02LostCalfMotherTeleportTrigger;02011738;3;0;;NVDLC02LostCalfMotherTeleportTriggerSCRIPT;;;436;No
NVDLC02YaoGuaiIntroForceTrigger;020117D6;1;0;Adjust The Show;NVDLC02YaoGuaiIntroForceTriggerSCRIPT;;;426;No
NVDLC02GhostOfSheShaderCodeHolder;020117F2;1;0;Shader Tyme;NVDLC02GhostOfSheShaderCodeBox;;;138;No
NVDLC02EndingMarkerTrigger;02011983;2;0;Ending Marker Trigger;NVDLC02EndingMarkerTriggerSCRIPT;;;119;No
NVDLC02MQ05PeaceCodeHolder;0201198F;1;0;Gas Valve;NVDLC02MQ05PeaceCodeHolderSCRIPT;;;245;No
NVDLC02EncSpecialSporeCamp01Trigger;020119A0;1;0;Start The Show;NVDLC02SpecialSporeCamp01CodeholderScript;;;135;No
NVDLC02MS02FoundCalf;020119AA;1;0;;NVDLC02MS02FoundCalfSCRIPT;;;598;No
NVDLC02FollowsChalkResetAITrigger;020119AD;1;0;;NVDLC02FollowsChalkResetAITriggerSCRIPT;;;352;No
NVDLC02JoshuaNarrowsForceGreetTrigger;020119C7;1;0;Gas Valve;NVDLC02JoshuaNarrowsForceGreetTriggerSCRIPT;;;440;No
NVDLC03SlideshowTrigger;0300326E;1;0;NVDLC03 Slide Show Trigger;NVDLC03SlideshowTriggerSCRIPT;;;184;No
NVDLC03PlayerStartTrigger;030038C6;1;0;NVDLC03 Player Start Trigger;NVDLC03PlayerStartTriggerSCRIPT;;;296;No
NVDLC03AutoDoc;03004521;0;0;Prototype Auto-Doc;NVDLC03AutoDocSCRIPT;;NVDLC03\Clutter\AutoDoc\NVDLC01_AutoDoc.NIF;156;No
NVDLC03X13StealthSuitTable;030045CB;0;0;;NVDLC03X13StealthSuitTableSCRIPT;;NVDLC03\Clutter\NVDLC03StealthSuitDiagram01.NIF;118;No
NVDLC03X13TrapLaserTripwire;03006DA4;16;0;;NVDLC03X13LaserTripwireSCRIPT;;NVDLC03\Dungeons\X13\Accessories\NVDLC03X13LaserTripwire01-512.NIF;131;No
NVDLC03X13LaserTripwireEmitter01;03006DA5;16;1;Laser Tripwire Emitter;NVDLC03X13TrapLaserEmitterSCRIPT;;Traps\LaserTripwireEmitter01.NIF;11;No
NVDLC03X8SchoolEntryTrigger;0300711E;1;0;School Entry Trigger;NVDLC03X8SchoolEntryScript;;;204;No
NVDLC03X8TunnelEntryTrigger;0300711F;1;0;X8 Tunnel Entry Trigger;NVDLC03X8TunnelEntryScript;;;183;No
NVDLC03X8MainCodeBox;03009796;1;0;X8 Main Code Box;NVDLC03X8CodeBoxSCRIPT;;;138;No
NVDLC03X13HoloRmTrigger;030097FD;1;0;;NVDLC03X13HoloRmEffectsSCRIPT;;;254;No
NVDLC03X8CaveExitTrigger;03009CE7;1;0;X8 Cave Exit Trigger;NVDLC03X8CaveExitSCRIPT;;;191;No
NVDLC03EncCodeBox;0300A736;11;0;Encounter Code Box;NVDLC03EncCodeHolderSCRIPT;;;332;No
NVDLC03EncList;0300A737;1;0;Encounter Spawn List;NVDLC03EncListSCRIPT;;;0;No
NVDLC03ForbiddenZoneTrigger;0300A930;1;0;NVDLC03 Forbidden Zone Trigger;NVDLC03ForbiddenZoneTriggerSCRIPT;;;325;No
NVDLC03Rain;0300A998;1;0;;;;NVDLC02\sky\NVDLC02Rain.nif;1;No
NVDLC03X8Trigger;0300AC6C;1;0;X8 Trigger;NVDLC03X8TriggerSCRIPT;;;287;Yes
NVDLC03X13Trigger;0300ACF6;1;0;;NVDLC03X13TriggerSCRIPT;;;297;Yes
NVDLC03SatelliteStationTrigger;0300ACF9;2;0;Satellite Station Quest Update Trigger;NVDLC03SatelliteStationTriggerSCRIPT;;;308;No
NVDLC03X8CaveTrigger;0300AD01;1;0;X8 Cave Trigger;NVDLC03X8CaveCodeBoxSCRIPT;;;263;No
NVDLC03DrinkUrinal01Avg;0300BEB6;0;0;Urinal;;d3AverageWater6r24h;Clutter\Office\Urinal01.NIF;43;No
NVDLC03DrinkToilet01Avg;0300BEB7;0;0;Toilet;;d3AverageWater6r24h;Clutter\Bathroom\Toilet01.NIF;0;No
NVDLC03DrinkSink01Avg;0300BEB8;0;0;Sink;;d3AverageWater6r24h;Clutter\Bathroom\Sink01.NIF;0;No
NVDLC03DrinkWaterfountain01Avg;0300BEB9;0;0;Water Fountain;;d3AverageWater6r24h;Clutter\Office\WaterCooler01.NIF;0;No
NVDLC03HotPlate;0300C7DD;12;0;Hot Plate;CraftingCampfireRecipesScript;;NVDLC03\Clutter\NVDLC03_Crafting-HotPlate\NVDLC03_Crafting-HotPlate.NIF;24;No
NVDLC03SinkLightSwitch;0300C8C2;0;0;Light Switch;VVault21LightSwitch01;;Dungeons\Vault\Accessories\VControlPanel03.NIF;21;No
NVDLC03MeetKleinTrigger;0300C8DD;3;0;Player Meets Klein Trigger;NVDLC03MeetKleinTriggerSCRIPT;;;447;No
NVDLC03ArtilleryControls;0300CA13;1;0;Artillery Controls;NVDLC03ArtilleryControlsSCRIPT;;clutter\consoles\consoler02.nif;108;No
NVDLC03SinkJukeBox;0300D36D;0;0;Sound Wave Recalibrator;NVDLC03SinkJukeBoxSCRIPT;;Clutter\JukeBox\JukeBoxClean01.NIF;83;No
NVDLC03ForceField;0300D587;0;0;;;;NVDLC03\Dungeons\X13\Accessories\NVDLC03X13FXForceField02.NIF;153;No
NVDLC03ThinkTankPacifyTrigger;0300D6CE;1;0;Think Tank Pacification Trigger;NVDLC03ThinkTankPacifyTriggerSCRIPT;;;329;No
NVDLC03TTankMonitor01Activator;0300DA2C;12;0;;NVDLC03ThinkTankRedLightSCRIPT;;NVDLC03\Dungeons\NVDLC03_ThinkTank\NVDLC03_TTankMonitor01.NIF;0;No
NVDLC03TTankLight01Activator;0300DA91;24;0;;NVDLC03ThinkTankRedLightSCRIPT;;NVDLC03\Dungeons\NVDLC03_ThinkTank\NVDLC03_TTankLight01.NIF;71;No
NVDLC03TTankPlatformActivator;0300DA93;1;0;;NVDLC03ThinkTankRedLightSCRIPT;;NVDLC03\Dungeons\NVDLC03_ThinkTank\NVDLC03_TTankPlatform.NIF;234;No
NVDLC03TTankWallCorRamp01Activator;0300DA94;1;0;;NVDLC03ThinkTankRedLightSCRIPT;;NVDLC03\Dungeons\NVDLC03_ThinkTank\NVDLC03_TTankWallCorRamp01.NIF;587;No
NVDLC03TTankWallCorRamp02Activator;0300DA95;1;0;;NVDLC03ThinkTankRedLightSCRIPT;;NVDLC03\Dungeons\NVDLC03_ThinkTank\NVDLC03_TTankWallCorRamp02.NIF;583;No
NVDLC03TTankLight04Activator;0300DA96;6;0;;NVDLC03ThinkTankRedLightSCRIPT;;NVDLC03\Dungeons\NVDLC03_ThinkTank\NVDLC03_TTankLight04.NIF;55;No
NVDLC03TTankPitRamp01Activator;0300DA97;1;0;;NVDLC03ThinkTankRedLightSCRIPT;;NVDLC03\Dungeons\NVDLC03_ThinkTank\NVDLC03_TTankPitRamp01.NIF;233;No
NVDLC03TTankPitRamp02Activator;0300DA98;1;0;;NVDLC03ThinkTankRedLightSCRIPT;;NVDLC03\Dungeons\NVDLC03_ThinkTank\NVDLC03_TTankPitRamp02.NIF;233;No
NVDLC03TTankLPillar01Activator;0300DA99;2;0;;NVDLC03ThinkTankRedLightSCRIPT;;NVDLC03\Dungeons\NVDLC03_ThinkTank\NVDLC03_TTankLPillar01.NIF;439;No
NVDLC03TTankLPillarPlat01Activator;0300DA9A;4;0;;NVDLC03ThinkTankRedLightSCRIPT;;NVDLC03\Dungeons\NVDLC03_ThinkTank\NVDLC03_TTankLPillarPlat01.NIF;234;No
NVDLC03TTankBrainStandActivator;0300DA9B;6;0;;NVDLC03ThinkTankRedLightSCRIPT;;NVDLC03\Dungeons\NVDLC03_ThinkTank\NVDLC03_TTankBrainStand.NIF;49;No
NVDLC03TTankWallRamp01Activator;0300DA9C;1;0;;NVDLC03ThinkTankRedLightSCRIPT;;NVDLC03\Dungeons\NVDLC03_ThinkTank\NVDLC03_TTankWallRamp01.NIF;522;No
NVDLC03TTankWallRamp02Activator;0300DA9D;1;0;;NVDLC03ThinkTankRedLightSCRIPT;;NVDLC03\Dungeons\NVDLC03_ThinkTank\NVDLC03_TTankWallRamp02.NIF;522;No
NVDLC03TTankDiagram02Activator;0300DA9E;4;0;;NVDLC03ThinkTankRedLightSCRIPT;;NVDLC03\Dungeons\NVDLC03_ThinkTank\NVDLC03_TTankDiagram02.nif;52;No
NVDLC03TTankDiagram03Activator;0300DAED;5;0;;NVDLC03ThinkTankRedLightSCRIPT;;NVDLC03\Dungeons\NVDLC03_ThinkTank\NVDLC03_TTankDiagram03.nif;86;No
NVDLC03TTankDiagram07Activator;0300DAEE;2;0;;NVDLC03ThinkTankRedLightSCRIPT;;NVDLC03\Dungeons\NVDLC03_ThinkTank\NVDLC03_TTankDiagram07.nif;52;No
NVDLC03TTankDiagram08Activator;0300DAEF;10;0;;NVDLC03ThinkTankRedLightSCRIPT;;NVDLC03\Dungeons\NVDLC03_ThinkTank\NVDLC03_TTankDiagram08.nif;52;No
NVDLC03TTankDiagram09Activator;0300DAF0;9;0;;NVDLC03ThinkTankRedLightSCRIPT;;NVDLC03\Dungeons\NVDLC03_ThinkTank\NVDLC03_TTankDiagram09.nif;43;No
NVDLC03TTankDiagram04Activator;0300DAF1;5;0;;NVDLC03ThinkTankRedLightSCRIPT;;NVDLC03\Dungeons\NVDLC03_ThinkTank\NVDLC03_TTankDiagram04.nif;52;No
NVDLC03TTankDiagram13Activator;0300DAF2;5;0;;NVDLC03ThinkTankRedLightSCRIPT;;NVDLC03\Dungeons\NVDLC03_ThinkTank\NVDLC03_TTankDiagram13.NIF;43;No
NVDLC03TTankDiagram10Activator;0300DAF3;1;0;;NVDLC03ThinkTankRedLightSCRIPT;;NVDLC03\Dungeons\NVDLC03_ThinkTank\NVDLC03_TTankDiagram10.nif;43;No
NVDLC03TTankDiagram11Activator;0300DAF4;1;0;;NVDLC03ThinkTankRedLightSCRIPT;;NVDLC03\Dungeons\NVDLC03_ThinkTank\NVDLC03_TTankDiagram11.nif;43;No
NVDLC03TTankDiagram05Activator;0300DAF5;2;0;;NVDLC03ThinkTankRedLightSCRIPT;;NVDLC03\Dungeons\NVDLC03_ThinkTank\NVDLC03_TTankDiagram05.nif;52;No
NVDLC03TTankDiagram06Activator;0300DAF6;2;0;;NVDLC03ThinkTankRedLightSCRIPT;;NVDLC03\Dungeons\NVDLC03_ThinkTank\NVDLC03_TTankDiagram06.nif;43;No
NVDLC03TTankDiagram01Activator;0300DAF7;3;0;;NVDLC03ThinkTankRedLightSCRIPT;;NVDLC03\Dungeons\NVDLC03_ThinkTank\NVDLC03_TTankDiagram01.nif;86;No
NVDLC03TTankDiagram12Activator;0300DAF8;0;0;;NVDLC03ThinkTankRedLightSCRIPT;;NVDLC03\Dungeons\NVDLC03_ThinkTank\NVDLC03_TTankDiagram12.NIF;0;No
NVDLC03ForceField02;0300DE82;0;0;;;;NVDLC03\Dungeons\X13\Accessories\NVDLC03X13FXForceField01.NIF;658;No
NVDLC03X13BayForceField;0300DE83;38;0;;NVDLC03ForceFieldSCRIPT;;NVDLC03\Dungeons\X13\Accessories\NVDLC03X13FXForceField01.NIF;658;No
NVDLC03X8TurretKillVolume;0300E0DA;1;0;Turret Kill Volume;NVDLC03X8TurretKillVolumeSCRIPT;;Architecture\Wasteland\WaterTowerPipes01.NIF;162;No
NVDLC03X8ForceField;0300E0DB;7;0;;NVDLC03ForceFieldSCRIPT;;NVDLC03\Dungeons\X13\Accessories\NVDLC03X8FXForceField02.NIF;153;No
NVDLC03ForbiddenDiagram01Activator;0300E42B;1;0;;NVDLC03ForbiddenLightSCRIPT;;NVDLC03\Dungeons\ForbiddenZone\NVDLC03_ForbiddenDiagram01.NIF;0;No
NVDLC03ForbiddenDiagram02Activator;0300E42C;3;0;;NVDLC03ForbiddenLightSCRIPT;;NVDLC03\Dungeons\ForbiddenZone\NVDLC03_ForbiddenDiagram02.NIF;52;No
NVDLC03ForbiddenDiagram03Activator;0300E42D;5;0;;NVDLC03ForbiddenLightSCRIPT;;NVDLC03\Dungeons\ForbiddenZone\NVDLC03_ForbiddenDiagram03.NIF;86;No
NVDLC03ForbiddenDiagram04Activator;0300E42E;4;0;;NVDLC03ForbiddenLightSCRIPT;;NVDLC03\Dungeons\ForbiddenZone\NVDLC03_ForbiddenDiagram04.NIF;52;No
NVDLC03ForbiddenDiagram05Activator;0300E42F;2;0;;NVDLC03ForbiddenLightSCRIPT;;NVDLC03\Dungeons\ForbiddenZone\NVDLC03_ForbiddenDiagram05.NIF;52;No
NVDLC03ForbiddenDiagram06Activator;0300E430;2;0;;NVDLC03ForbiddenLightSCRIPT;;NVDLC03\Dungeons\ForbiddenZone\NVDLC03_ForbiddenDiagram06.NIF;43;No
NVDLC03ForbiddenDiagram07Activator;0300E431;2;0;;NVDLC03ForbiddenLightSCRIPT;;NVDLC03\Dungeons\ForbiddenZone\NVDLC03_ForbiddenDiagram07.NIF;52;No
NVDLC03ForbiddenDiagram08Activator;0300E432;4;0;;NVDLC03ForbiddenLightSCRIPT;;NVDLC03\Dungeons\ForbiddenZone\NVDLC03_ForbiddenDiagram08.NIF;52;No
NVDLC03ForbiddenDiagram09Activator;0300E433;8;0;;NVDLC03ForbiddenLightSCRIPT;;NVDLC03\Dungeons\ForbiddenZone\NVDLC03_ForbiddenDiagram09.NIF;43;No
NVDLC03ForbiddenDiagram10Activator;0300E434;1;0;;NVDLC03ForbiddenLightSCRIPT;;NVDLC03\Dungeons\ForbiddenZone\NVDLC03_ForbiddenDiagram10.NIF;43;No
NVDLC03ForbiddenDiagram11Activator;0300E435;1;0;;NVDLC03ForbiddenLightSCRIPT;;NVDLC03\Dungeons\ForbiddenZone\NVDLC03_ForbiddenDiagram11.NIF;43;No
NVDLC03ForbiddenDiagram12Activator;0300E436;0;0;;NVDLC03ForbiddenLightSCRIPT;;NVDLC03\Dungeons\ForbiddenZone\NVDLC03_ForbiddenDiagram12.NIF;43;No
NVDLC03ForbiddenDiagram13Activator;0300E437;5;0;;NVDLC03ForbiddenLightSCRIPT;;NVDLC03\Dungeons\ForbiddenZone\NVDLC03_ForbiddenDiagram13.NIF;43;No
NVDLC03ForbiddenMonitor01Activator;0300E438;12;0;;NVDLC03ForbiddenLightSCRIPT;;NVDLC03\Dungeons\ForbiddenZone\NVDLC03_ForbiddenMonitor01.NIF;60;No
NVDLC03TTankGenPanel01Activator;0300E439;2;0;;NVDLC03ThinkTankRedLightSCRIPT;;NVDLC03\Dungeons\NVDLC03_ThinkTank\NVDLC03_TTankGenPanel01.NIF;146;No
NVDLC03ForbiddenGenPanel01Activator;0300E43A;2;0;;NVDLC03ForbiddenLightSCRIPT;;NVDLC03\Dungeons\ForbiddenZone\NVDLC03_ForbiddenGenPanel01.NIF;146;No
NVDLC03X13Klaxon;0300E555;12;0;;NVDLC03X13KlaxonSCRIPT;;Dungeons\Vault\RoomU\Klaxon.NIF;77;No
NVDLC03ForbiddenLPillar01Activator;0300E69B;2;0;;NVDLC03ForbiddenLightSCRIPT;;NVDLC03\Dungeons\ForbiddenZone\NVDLC03_ForbiddenLPillar01.NIF;439;No
NVDLC03ForbiddenLPillarPlat01Activator;0300E69C;0;0;;NVDLC03ForbiddenLightSCRIPT;;NVDLC03\Dungeons\ForbiddenZone\NVDLC03_ForbiddenLPillarPlat01.NIF;234;No
NVDLC03ForbiddenLight01Activator;0300E69D;10;0;;NVDLC03ForbiddenLightSCRIPT;;NVDLC03\Dungeons\ForbiddenZone\NVDLC03_ForbiddenLight01.NIF;71;No
NVDLC03ForbiddenLight04Activator;0300E69E;6;0;;NVDLC03ForbiddenLightSCRIPT;;NVDLC03\Dungeons\ForbiddenZone\NVDLC03_ForbiddenLight04.NIF;55;No
NVDLC03ForbiddenFXLightBeam01;0300E69F;1;0;;NVDLC03ForbiddenLightSCRIPT;;NVDLC03\Dungeons\ForbiddenZone\NVDLC03_ForbiddenFXLightBeam01.NIF;1346;No
NVDLC03ForbiddenFXLightBeam01Off;0300E6A0;1;0;;NVDLC03ForbiddenLightSCRIPT;;NVDLC03\Dungeons\ForbiddenZone\NVDLC03_ForbiddenFXLightBeam01Off.NIF;1499;No
NVDLC03X13KlaxonStartLit;0300E723;2;0;;NVDLC03X13KlaxonStartLitSCRIPT;;Dungeons\Vault\RoomU\Klaxon.NIF;77;No
NVDLC03FXComputerSparks;0300F030;0;0;;;;Effects\TrapComputerSparksFX.NIF;35;No
NVDLC03X8ScorpionTrigger;0300F085;1;0;X8 Scorpion Trigger;NVDLC03X8ScorpionTriggerSCRIPT;;;233;No
NVDLC03ForbiddenLPillarPlat02Activator;0300F3F7;1;0;;NVDLC03ForbiddenLightSCRIPT;;NVDLC03\Dungeons\ForbiddenZone\NVDLC03_ForbiddenLPillarPlat02.NIF;234;No
NVDLC03ForbiddenScorpionTrigger;0300F44A;1;0;Forbidden Zone Scorpion Trigger;NVDLC03ForbiddenScorpionTriggerSCRIPT;;;340;No
NVDLC03X13TrapLaserTripwireB;0300F46B;16;0;;NVDLC03X13LaserTripwireBSCRIPT;;NVDLC03\Dungeons\X13\Accessories\NVDLC03X13LaserTripwire01-512.NIF;131;No
NVDLC03X13ProximityMine;0300F7F7;8;0;Proximity Detector;NVDLC03X13ProximityMineSCRIPT;;NVDLC03\Weapons\1handminedrop\pulsemine_static.NIF;11;No
NVDLC03CrashedSatelliteOld;030104D7;0;0;Crashed Satellite;;;Dungeons\Vault\Accessories\ControlPanelVault01.NIF;68;No
NVDLC03TTankGrafFloorCor01Activator;03010C94;5;0;;NVDLC03ForbiddenLightSCRIPT;;NVDLC03\Dungeons\NVDLC03_ThinkTank\NVDLC03_TTankGrafFloorCor01.NIF;462;No
NVDLC03TTankGrafFloorCor02Activator;03010C95;4;0;;NVDLC03ForbiddenLightSCRIPT;;NVDLC03\Dungeons\NVDLC03_ThinkTank\NVDLC03_TTankGrafFloorCor02.NIF;462;No
NVDLC03TTankGrafWallRamp01Activator;03010C96;1;0;;NVDLC03ForbiddenLightSCRIPT;;NVDLC03\Dungeons\NVDLC03_ThinkTank\NVDLC03_TTankGrafWallRamp01.NIF;411;No
NVDLC03X13ForceFieldLoot;03011279;2;0;;NVDLC03ForceFieldLootSCRIPT;;NVDLC03\Dungeons\X13\Accessories\NVDLC03X13FXForceField01.NIF;658;No
NVDLC03X13SoundCueTrigger;03011442;7;0;;NVDLC03X13SoundCueTriggerSCRIPT;;;281;No
NVDLC03X13NightstalkerTrigger;03011443;1;0;;NVDLC03X13NightStalkerTriggerScript;;;270;No
NVDLC03X13StealthSuitArmsTable;03011444;1;0;;;;NVDLC03\Clutter\NVDLC03StealthSuitDiagramArms.NIF;118;No
NVDLC03X13StealthSuitBootsTable;03011445;1;0;;;;NVDLC03\Clutter\NVDLC03StealthSuitDiagramBoots.NIF;118;No
NVDLC03X13StealthSuitTorsoTable;03011446;1;0;;;;NVDLC03\Clutter\NVDLC03StealthSuitDiagramTorso.NIF;118;No
NVDLC03Satellite;03011D8C;1;0;Crashed Satellite;NVDLC03CrashedSatelliteActivatorSCRIPT;;NVDLC03\Clutter\NVDLC03_Satellite\NVDLC03_SatelliteActivator.NIF;217;No
NVDLC03SatelliteProjection;03011D8E;1;0;;;;NVDLC03\Clutter\NVDLC03_Satellite\NVDLC03_Satellite-Projection.NIF;634;No
NVDLC03DriveInMovie;03011D8F;1;0;DriveIn Movie;;;NVDLC03\Clutter\NVDLC03_Satellite\NVDLC03_DriveIn-Movie.NIF;554;No
NVDLC03SatelliteActivator;03011D90;1;0;;;;NVDLC03\Clutter\NVDLC03_Satellite\NVDLC03_Satellite.NIF;391;No
NVDLC03ChemistrySet;0301208F;12;0;Deluxe Chemistry Set;NVDLC03ChemistrySetSCRIPT;;clutter\lab\chemistryexperiment01.nif;50;No
NVDLC03CaveFungusACTIVATOR;0301213D;38;0;Mutant Cave Fungus;NVDLC03CaveFungusMutantSCRIPT;;NVDLC03\Clutter\NVDLC03CaveFungusFortified.NIF;39;No
NVDLC03HQBuddySeedBox01;03012D38;1;0;Seed Package;NVDLC03HQBuddySeedBox01SCRIPT;;NVDLC03\Clutter\NVDLC03SeedBox.NIF;0;No
NVDLC03KillVolume;03012D39;0;0;;;;;339;No
NVDLC03HQBuddySeedBox02;03012D3A;1;0;Seed Package;NVDLC03HQBuddySeedBox02SCRIPT;;NVDLC03\Clutter\NVDLC03SeedBox.NIF;0;No
NVDLC03HQBuddySeedBox03;03012D3B;1;0;Seed Package;NVDLC03HQBuddySeedBox03SCRIPT;;NVDLC03\Clutter\NVDLC03SeedBox.NIF;5;No
NVDLC03BrainTankOpenTrigger;03012D58;1;0;Brain Tank Open Trigger;NVDLC03BrainTankOpenTriggerSCRIPT;;;490;No
NVDLC03FakeProtonicInversalAxe;03012F06;0;0;Protonic Inversal Axe;;;NVDLC03\Weapons\Hand2Hand\NVDLC03Corrosiveglovesgo.NIF;0;No
NVDLC03FakeInversalAxeThrown;03012F0B;0;0;Inversal Axe Thrown;;;NVDLC03\Weapons\Hand2Hand\NVDLC03Corrosiveglovesgo.NIF;0;No
NVDLC03FakeSaturnitePowerFist;03012F0C;0;0;Saturnite Power Fist;NVDLC03FakeCorrosiveGloveSCRIPT;;NVDLC03\Weapons\Hand2Hand\NVDLC03Corrosiveglovesgo.NIF;0;No
NVDLC03FakeChristineRifle;03012F0D;1;0;Christine's COS Silencer Rifle;NVDLC03FakeChristineRifleSCRIPT;;weapons\2handrifle\SniperRifleSuppressor.nif;51;No
NVDLC03FakeElijahLAER;03012F1D;1;0;Elijah's Advanced LAER;NVDLC03FakeElijahLAERSCRIPT;;NVDLC03\Weapons\2handautomatic\NVDLC03Laer.NIF;37;No
NVDLC03FakeElijahTeslaCannon;03012F1E;1;0;Elijah's Jury-Rigged Tesla Cannon;NVDLC03FakeElijahTeslaCannonSCRIPT;;weapons\2handlauncher\TeslaCannonProto.NIF;60;No
NVDLC03FakeLAER;03012F1F;0;0;LAER;NVDLC03FakeCorrosiveGloveSCRIPT;;NVDLC03\Weapons\Hand2Hand\NVDLC03Corrosiveglovesgo.NIF;0;No
NVDLC03FakeSterilizerGlove;03012F20;1;0;Sterilizer Glove;NVDLC03FakeSterilizerGloveSCRIPT;;NVDLC03\Weapons\Hand2Hand\NVDLC03Sterilizerglovesgo.NIF;16;No
NVDLC03FakeKleinGlove;03012F21;0;0;Dr. Klein's Glove;NVDLC03FakeCorrosiveGloveSCRIPT;;NVDLC03\Weapons\Hand2Hand\NVDLC03Corrosiveglovesgo.NIF;0;No
NVDLC03FakeMobiusGlove;03012F29;0;0;Dr. Mobius' Glove;NVDLC03FakeCorrosiveGloveSCRIPT;;NVDLC03\Weapons\Hand2Hand\NVDLC03Corrosiveglovesgo.NIF;0;No
NVDLC03AutoDocMedCenter;03012F48;1;0;;MedicalClinicAutoDocScript;;NVDLC03\Clutter\AutoDoc\NVDLC01_AutoDoc.NIF;156;No
NVDLC03CrashedSatelliteTrigger;0301307E;1;0;Satellite Trigger;NVDLC03CrashedSatelliteTriggerSCRIPT;;;434;No
NVDLC03HQLightsEP;03013466;3;0;;;;;13;No
NVDLC03X13SuitBarkActivator;03013491;1;0;;NVDLC03X13SuitBarkActivatorSCRIPT;;;219;No
NVDLC03X13TurretCodeHolder;03013492;1;0;;NVDLC03x13TurretScript;;;193;No
NVDLC03SinkJukeBoxLockedA;03013574;1;0;Disabled Jukebox;NVDLC03SinkJukeboxLockedSCRIPT;;clutter\jukebox\jukeboxDirtyNV.nif;83;No
NVDLC03VendingMachine;03013586;0;0;Holo-Vending Machine;;;NVDLC03\Clutter\VendingArtDeco\NVDLC01VendingArtDeco.NIF;83;No
NVDLC03X8BarkTrigger;0301363B;1;0;X8 Plot Bark Trigger;NVDLC03X8BarkTriggerSCRIPT;;;354;No
NVDLC03X13BarkTrigger;0301363E;1;0;;NVDLC03X13BarkTriggerSCRIPT;;;304;No
NVDLC03X2BarkTrigger;03013641;2;0;X2 Plot Bark Trigger;NVDLC03X2BarkTriggerSCRIPT;;;624;No
NVDLC03EnableControlsTrigger;030137D8;2;0;Enable Controls Trigger;NVDLC03EnableControlsTriggerSCRIPT;;;170;No
NVDLC03X13StealthSuitDiagramPanel;03013A54;3;0;;NVDLC03X13StealthSuitDiagramPanelSCRIPT;;NVDLC03\Clutter\NVDLC03StealthSuitDiagram02.NIF;104;No
NVDLC03EnableTrigger;03013A59;14;0;Enable Linked;NVDLC03EnableTriggerSCRIPT;;;1476;No
NVDLC03BombCollar;03013A5A;4;0;Head Explosion;NVDLC03BombCollarSCRIPT;;;404;No
NVDLC03HazmatField;03014177;1;0;Hazmat Suit Containment Unit;NVDLC03HazmatPodSCRIPT;;dungeons\enclave\custom\ecvplayerstasispodfields01.nif;103;No
NVDLC03HazmatSuit;03014178;1;0;Hazmat Suit;NVDLC03HazmatSuitSCRIPT;;NVDLC03\Armor\NVDLC03Ghost\NVDLC03HazmatSuitSTATIC.NIF;81;No
NVDLC03X8TunnelHoloBox;030141CC;1;0;X8 Tunnel Hologram Code Box;NVDLC03X8CyberDogGunHolgramScript;;;108;No
NVDLC03X8KlaxonLight;030141CD;2;0;;;;Dungeons\Vault\RoomU\Klaxon.NIF;77;No
NVDLC03GenereicWildWasteland;03014373;1;0;Generic Wild Wasteland;GenericWildWastelandTriggerSCRIPT;;;805;No
NVDLC03JukeBoxDirty01;0301474A;2;0;Jukebox;;;Clutter\JukeBox\JukeBoxDirty01.NIF;83;No
NVDLC03BattleBrewStill;03014961;1;0;Strange Still;NVDLC03BattleBrewStillSCRIPT;;dlc04\clutter\moonshine\dlc04moonshinedistillery01.nif;115;No
NVDLC03HangingMeatActivator;03014962;4;0;Hanging Meat;NVDLC03HangingMeatActivatorSCRIPT;;NVDLC03\Clutter\NVDLC03HangingMeat.NIF;80;No
NVDLC03X8SchoolTrigger01;03014AAF;1;0;X8 School Dog Trigger;NVDLC03X8SchoolDogTrigger01SCRIPT;;;165;No
NVDLC03X8SchoolTrigger02;03014AB0;1;0;X8 School Dog Trigger 2;NVDLC03X8SchoolDogTrigger02SCRIPT;;;158;No
NVDLC03UlyssesMap;03014ABE;1;0;Ulysses' Map;NVDLC03UlyssesMapSCRIPT;;clutter\holodisk\holodisk01.nif;0;No
NVDLC03ForceFieldContainer;03014D78;0;0;;;;NVDLC03\Clutter\NVDLC03DisplayCase01Container.NIF;38;No
NVDLC03ElijahsJournal;03014D81;1;0;Elijah's Journal;NVDLC03ElijahsJournalSCRIPT;;clutter\books\burnedbook03.nif;11;No
NVDLC03HologramBeamTrigger;03014EC6;1;0;;NVDLC03HologramBeamTriggerSCRIPT;;;101;No
NVDLC03PitOfDoom;03014ED9;3;0;Pit of Doom;NVDLC03PitOfDoomSCRIPT;;;90;No
NVDLC03X13FailureSwitch;03015007;1;0;;NVDLC03X13FailureSwitchSCRIPT;;Clutter\GenElecSwitch01.NIF;18;No
NVDLC03X13CompSwitch;0301500A;1;0;;NVDLC03X13CompSwitchSCRIPT;;Clutter\GenElecSwitch01.NIF;18;No
NVDLC03X13StealthArmorPants;03015104;0;0;Damaged Prototype;;;NVDLC03\Clutter\NVDLC03StealthArmorPants.NIF;40;No
NVDLC03PerkCodeBox;0301512D;0;0;;;;;15;No
NVDLC03StripeWildWastelandTrigger;03015285;1;0;Stripe Wild Wasteland Trigger;NVDLC03StripeWildWastelandTriggerSCRIPT;;;86;No
NVDLC03PerkRelatedCodeBox;0301529C;0;0;;;;;16;No
NVDLC03LegendaryBloatflyCodeBox;0301530F;1;0;Legendary Bloatfly Code Box;NVDLC03LegendaryBloatflyCodeBoxSCRIPT;;;187;No
NVDLC03SinkTrigger;030154F7;1;0;Sink Trigger;NVDLC03SinkTriggerSCRIPT;;;155;No
NVDLC03x8GabesDeathCodeBox;03015502;1;0;X8 Gabe's Death Code Box;NVDLC03X8GabesDeathSCRIPT;;;321;No
NVDLC03X8ControlPanel01;03015581;1;0;Surgical Saw Control Panel;NVDLC03X8SawControlPanelSCRIPT;;dungeons\vaultruined\clutter\controlpanelvaultr01.nif;68;No
NVDLC03SinkBarksRoom02;0301569C;1;0;;NVDLC03SinkBarksRoom02SCRIPT;;;204;No
NVDLC03SinkBarksRoom01;0301569D;1;0;;NVDLC03SinkBarksRoom01SCRIPT;;;562;No
NVDLC03SinkBarksRoom03;0301569E;1;0;;NVDLC03SinkBarksRoom03SCRIPT;;;294;No
NVDLC03SinkBarksRoom04;0301569F;1;0;;NVDLC03SinkBarksRoom04SCRIPT;;;302;No
NVDLC03X8TunnelBarkTrigger03;030157AB;1;0;X8 Tunnel Bark Trigger;NVDLC03X8TunnelBarkTrigger03SCRIPT;;;163;No
NVDLC03X8TunnelBarkTrigger04;030157AC;1;0;X8 Tunnel Bark Trigger;NVDLC03X8TunnelBarkTrigger04SCRIPT;;;163;No
NVDLC03X8TunnelBarkTrigger02;030157AD;1;0;X8 Tunnel Bark Trigger;NVDLC03X8TunnelBarkTrigger02SCRIPT;;;163;No
NVDLC03X8TunnelBarkTrigger05;030157AE;1;0;X8 Tunnel Bark Trigger;NVDLC03X8TunnelBarkTrigger05SCRIPT;;;163;No
NVDLC03FakeCorrosiveGlove;03015AB8;1;0;Corrosive Glove;NVDLC03FakeCorrosiveGloveSCRIPT;;NVDLC03\Weapons\Hand2Hand\NVDLC03Corrosiveglovesgo.NIF;16;No
NVDLC03HoloBaseCode01Activator;03015AD5;1;0;NVDLC03HoloBaseCode Activator;NVDLC03HoloBaseCodeHolderSCRIPT;;;40;No
NVDLC03X2AntennaActivator;03015B07;1;0;X-2 Antenna;NVDLC03X2AntennaActivatorSCRIPT;;NVDLC03\Weapons\2handmelee\NVDLC031stPersonAntennaStatic.NIF;54;Yes
NVDLC03BodyPartTankSpineActivator;03015DD5;1;0;Tank;NVDLC03BodyPartTankSpineActivatorSCRIPT;;NVDLC03\Clutter\BodyPartTank\NVDLC03PlayerSpineTankSink.NIF;133;No
NVDLC03BodyPartTankHeartActivator;03015DD6;1;0;Tank;NVDLC03BodyPartTankHeartActivatorSCRIPT;;NVDLC03\Clutter\BodyPartTank\NVDLC03PlayerHeartTankSink.NIF;127;No
NVDLC03BodyPartTankBrainActivator;03015DD7;1;0;Tank;NVDLC03BodyPartTankBrainActivatorSCRIPT;;NVDLC03\Clutter\BodyPartTank\NVDLC03PlayerBrainTankSink.NIF;127;No
NVDLC03SinkBarksRoom05;030164EE;1;0;;NVDLC03SinkBarksRoom05SCRIPT;;;390;No
NVDLC03X8TunnelWWCheckTrigger;0301693C;2;0;;NVDLC03X8TunnelWildWastelandCheckSCRIPT;;;174;No
NVDLC03SinkBalconyForceField;03016952;12;0;;NVDLC03SinkBalconyForceFieldSCRIPT;;NVDLC03\Dungeons\X13\Accessories\NVDLC03X13FXForceField01.NIF;658;No
NVDLC03EncCodeBox02;03016A82;1;0;Encounter Code Box for Box #7;NVDLC03EncCodeHolder02SCRIPT;;;332;No
NVDLC04SiloElevatorShaft01;040031C4;1;0;;;;NVDLC04\Dungeons\Silo\Silo_Elevator\NVDLC04_Silo-Elevator-Shaft01.NIF;3391;No
NVDLC04Silo1ElevatorTrigger;04003218;0;0;NVDLC04Silo1ElevatorTrigger;;;NVDLC04\Dungeons\Silo\NVDLC04_SiloControlPanel.NIF;273;No
NVDLC04MQ02aTrigger;04003E28;1;0;Gas Valve;NVDLC04MQ02aTriggerSCRIPT;;;529;No
NVDLC04SiloBlastDoorControls;040046E8;1;0;Silo Blast Door Controls;NVDLC04BlastDoorActivateScript;;NVDLC04\Clutter\consoles\NVDLC04EdEInterfaceConsole.NIF;0;No
NVDLC04Warhead;04007486;25;0;Warhead;NVDLC04WarheadSCRIPT;;NVDLC04\Clutter\Rocket\NVDLC04Warhead.NIF;219;No
NVDLC04SetDivideNormalWeatherTrigger;04007930;2;0;;NVDLC04SetDivideNormalWeatherTriggerSCRIPT;;;348;No
NVDLC04SetDivideCaveWeatherTrigger;04007931;2;0;;NVDLC04SetDivideCaveWeatherTriggerSCRIPT;;;192;No
NVDLC04ForceDivideCaveWeatherTrigger;04007968;1;0;;NVDLC04ForceDivideCaveWeatherTriggerSCRIPT;;;342;No
NVDLC04ForceDivideNormalWeatherTrigger;04007969;1;0;;NVDLC04ForceDivideNormalWeatherTriggerSCRIPT;;;348;No
NVDLC04MissileLaunch;04007CED;1;0;;;;NVDLC04\Effects\NVDLC04_Missile-Launch\NVDLC04_Silo-Launch.NIF;5340;No
NVDLC04DivideDeathclawCaveInTrigger;04007D20;1;0;;NVDLC04DivideDeathclawCaveInTriggerSCRIPT;;;500;No
NVDLC04DivideRumbleTrigger;04007D21;9;0;;NVDLC04DivideRumbleTriggerSCRIPT;;;443;No
NVDLC04Silo1EDETrigger01;04008470;1;0;EDE Powers Silo;NVDLC04Silo1EDETrigger01SCRIPT;;;191;No
NVDLC04LaunchControlActivator;0400868D;1;0;Control Station;NVDLC04LaunchControlActivatorSCRIPT;;NVDLC04\Clutter\consoles\NVDLC04EdEInterfaceConsoleDirty.NIF;121;No
NVDLC04MQ01cTrigger;04008690;1;0;Gas Valve;NVDLC04MQ01cTriggerSCRIPT;;;1073;No
NVDLC04DivideBldgWarhead;04008694;1;0;Warhead;NVDLC04DivideBldgWarheadSCRIPT;;NVDLC04\Clutter\Rocket\NVDLC04Warhead.NIF;199;No
NVDLC04HighRoadEntryTRIGGER;040086BE;1;0;;NVDLC04HighRoadEntrySCRIPT;;;309;No
NVDLC04DivideDeathclawWarhead;04008722;1;0;;NVDLC04DivideDeathclawWarheadSCRIPT;;NVDLC04\Clutter\Rocket\NVDLC04Warhead.NIF;199;No
NVDLC04DeathclawBossTargetTrigger;04008723;1;0;;NVDLC04DeathclawBossTargetTriggerSCRIPT;;;480;No
NVDLC04UlyssesTrigger1;040087E0;1;0;Road01 Ulysses EDE Trigger;NVDLC04UlyssesTrigger1SCRIPT;;;205;No
NVDLC04UlyssesTrigger2;040087E3;1;0;Gas Valve;NVDLC04UlyssesTrigger3SCRIPT;;;320;No
NVDLC04Road01ExitCodeHolder;0400891D;1;0;Direct the Show;NVDLC04Road01ExitBarrierCodeHolderSCRIPT;;;139;No
NVDLC04Silo01Floor02AwakenBotTrigger;0400894D;1;0;Awaken Bot;NVDLC04Silo01Floor02AwakenBotTriggerSCRIPT;;;55;No
NVDLC04Silo01MainframeONOFF;0400894E;1;0;Hopeville Silo Mainframe Controls;NVDLC04Silo01MainframeSCRIPT;;NVDLC04\Clutter\consoles\NVDLC04EdEInterfaceConsoleWall.NIF;41;No
NVDLC04Silo1EDEMainframeActivateTrigger;0400894F;1;0;EDE AddScriptPackage Trigger;NVDLC04Silo01EDEMainframeActivateTriggerSCRIPT;;;285;No
NVDLC04DivideFlares01Trigger;04008958;1;0;;NVDLC04DivideFlares01TriggerSCRIPT;;;753;No
NVDLC04DivideEnableTrigger;04008999;12;0;;NVDLC04DivideEnableTriggerSCRIPT;;;154;No
NVDLC04DivideFlareLaunchTrigger;0400899A;1;0;;NVDLC04DivideFlareLaunchSCRIPT;;;1033;No
NVDLC04KillTrigger;0400899B;20;0;;NVDLC04KillTriggerSCRIPT;;;2172;No
NVDLC04Road01MMCamp01GuardsAwakenTrigger;040089F1;1;0;Awaken Guard Duadz;NVDLC04Road01MMCamp01GuardsAwakenTriggerSCRIPT;;;494;No
NVDLC04Road01Camp01CodeHolder;040089F2;1;0;Direct the Show;NVDLC04Road01MMCamp01CodeHolderSCRIPT;;;139;No
NVDLC04Road01MMCamp01Scout01AwakenTrigger;040089F3;3;0;Awaken Scout Dood;NVDLC04Road01MMCamp01Scout01AwakenTriggerSCRIPT;;;659;No
NVDLC04EDEHappyTrigger;04008A44;2;0;;NVDLC04EDEHappyTriggerSCRIPT;;;309;No
NVDLC04EDESadTrigger;04008A45;1;0;;NVDLC04EDESadTriggerSCRIPT;;;0;No
NVDLC04EDEExcitedTrigger;04008A47;3;0;;NVDLC04EDEExcitedTriggerSCRIPT;;;0;No
NVDLC04EDEScaredTrigger;04008A49;6;0;;NVDLC04EDEScaredTriggerSCRIPT;;;0;No
NVDLC04Silo01RevealCodeHolder;04008BA5;1;0;Direct the Show;NVDLC04Silo01RevealCodeHolderSCRIPT;;;84;No
NVDLC04DivideDisableTrigger;04008C0C;9;0;;NVDLC04DivideDisableTriggerSCRIPT;;;407;No
NVDLC04DivideWPTunnelerTrigger;04008C0D;1;0;;NVDLC04DivideWPTunnelerTriggerSCRIPT;;;371;No
NVDLC04Silo01CodeHolder;04008E0E;1;0;Direct Silo Show;NVDLC04Silo01CodeHolderSCRIPT;;;111;No
NVDLC04Road01EDEWarheadRevealTrigger;04008EF0;2;0;Start the Show;NVDLC04Road01EDEWarheadRevealTriggerSCRIPT;;;828;No
NVDLC04Road01StartCodeHolder;04008EF1;1;0;Direct Hopeville Show;NVDLC04Road01StartCodeHolderSCRIPT;;;139;No
NVDLC04DivideSniperWarhead01;04008FA7;1;0;Warhead;NVDLC04DivideSniperWarhead01SCRIPT;;NVDLC04\Clutter\Rocket\NVDLC04Warhead.NIF;199;No
NVDLC04DivideSniperWarhead03;04008FA8;1;0;Warhead;NVDLC04DivideSniperWarhead03SCRIPT;;NVDLC04\Clutter\Rocket\NVDLC04Warhead.NIF;199;No
NVDLC04DivideSniperWarhead02;04008FA9;1;0;Warhead;NVDLC04DivideSniperWarhead02SCRIPT;;NVDLC04\Clutter\Rocket\NVDLC04Warhead.NIF;199;No
NVDLC04Road01MidCodeHolder;04008FE7;1;0;Direct Hopeville Show;NVDLC04Road01MidCodeHolderSCRIPT;;;139;No
NVDLC04Road01MMCamp02Scout01AwakenTrigger;04008FE8;3;0;Awaken Scout Dood;NVDLC04Road01MMCamp02Scout01AwakenTriggerSCRIPT;;;569;No
NVDLC04DivideStartCombatTrigger;04009072;3;0;;NVDLC04DivideStartCombatTriggerSCRIPT;;;851;No
NVDLC04WarheadSide;04009144;0;0;Warhead;NVDLC04WarheadSCRIPT;;NVDLC04\Clutter\Rocket\NVDLC04WarheadSide.NIF;256;No
NVDLC04SlideShowTrigger;0400923B;1;0;SlideShow Trigger;NVDLC04SlideShowTriggerSCRIPT;;;184;No
NVDLC04Silo01MaintenanceBot01;04009301;1;0;Maintenance Bot;NVDLC04Silo01MaintenanceBotSCRIPT;;NVDLC04\Dungeons\Silo\NVDLC04_Silo_EdeClone01.NIF;0;No
NVDLC04Silo01MaintenanceBot02;04009302;1;0;Maintenance Bot;NVDLC04Silo01MaintenanceBotSCRIPT;;NVDLC04\Dungeons\Silo\NVDLC04_Silo_EdeClone02.NIF;556;No
NVDLC04UlyssesBattleCodebox;04009381;1;0;;NVDLC04UlyssesBattleCodeboxSCRIPT;;;111;No
NVDLC04TempleDoorLockTrigger;04009382;1;0;;NVDLC04TempleDoorLockTriggerSCRIPT;;;309;No
NVDLC04TempleEyebotControl01;04009383;1;0;Eyebot Control Console;NVDLC04TempleEyebotControl01SCRIPT;;Clutter\Consoles\Console02.NIF;122;No
NVDLC04TempleEyebotControl02;04009384;1;0;Eyebot Control Console;NVDLC04TempleEyebotControl02SCRIPT;;Clutter\Consoles\Console02.NIF;122;No
NVDLC04Silo01BowieKnifeCodeHolder;0400941A;1;0;Bowie Knife Fun;NVDLC04Silo01BowieKnifeRobotCodeHolderSCRIPT;;;111;No
NVDLC04TunnelTunnelerScareTrigger;0400941B;1;0;Awaken Tunneler;NVDLC04TunnelTunnelerScareTriggerSCRIPT;;;716;No
NVDLC04TunnelSoundScareTrigger;0400941C;1;0;Creep Out;NVDLC04TunnelSoundScareTriggerSCRIPT;;;595;No
NVDLC04TunnelCodeHolder;0400941D;1;0;Direct the Show;NVDLC04TunnelCodeHolderSCRIPT;;;284;No
NVDLC04TunnelSoundScare02Trigger;04009493;1;0;Creep Out;NVDLC04TunnelSoundScare02TriggerSCRIPT;;;576;No
NVDLC04TunnelSoundCreepTrigger;04009494;4;0;Creep Out;NVDLC04TunnelSoundCreepTriggerSCRIPT;;;756;No
NVDLC04TunnelFinaleTrigger;04009495;1;0;Creep Out;NVDLC04TunnelFinaleTriggerSCRIPT;;;0;No
NVDLC04EDEAccessPoint;0400950C;0;0;ED-E Access Point;NVDLC04EDEAccessPointSCRIPT;;NVDLC04\Clutter\consoles\NVDLC04EdEInterfaceConsoleWall.NIF;41;No
NVDLC04EDEAudioLog02Trigger;04009717;1;0;;NVDLC04EDEAudioLog02TriggerSCRIPT;;;155;No
NVDLC04EDEAudioLog03Trigger;04009718;1;0;;NVDLC04EDEAudioLog03TriggerSCRIPT;;;303;No
NVDLC04EDEAudioLog04Trigger;04009719;1;0;;NVDLC04EDEAudioLog04TriggerSCRIPT;;;731;No
NVDLC04EDEAudioLog05Trigger;0400971A;0;0;;NVDLC04EDEAudioLog05TriggerSCRIPT;;;0;No
NVDLC04EDEAudioLog06Trigger;0400971B;0;0;;NVDLC04EDEAudioLog06TriggerSCRIPT;;;147;No
NVDLC04EDEAudioLog07Trigger;0400971C;1;0;;NVDLC04EDEAudioLog07TriggerSCRIPT;;;198;No
NVDLC04EDEAudioLog08Trigger;0400971D;1;0;;NVDLC04EDEAudioLog08TriggerSCRIPT;;;238;No
NVDLC04EDEAudioLog09Trigger;0400971E;0;0;;NVDLC04EDEAudioLog09TriggerSCRIPT;;;0;No
NVDLC04EDEAudioLog10Trigger;0400971F;0;0;;NVDLC04EDEAudioLog10TriggerSCRIPT;;;0;No
NVDLC04Silo02ElevatorExplosionsCodeHolder;0400974A;1;0;Direct Elevator Explosions;NVDLC04Silo02ElevatorExplosionsCodeHolderSCRIPT;;;249;No
NVDLC04Silo02ElevatorCodeHolder;0400974B;1;0;Direct Elevator Show;NVDLC04Silo02ElevatorCodeHolderSCRIPT;;;249;No
NVDLC04Silo02EntranceTrigger;040099FF;1;0;Gas Valve;NVDLC04Silo02EntranceTriggerSCRIPT;;;392;Yes
NVDLC04Silo2ElevatorControls;04009C2C;1;0;Ashton Silo Lift Controls;NVDLC04Silo1ElevatorScript;;dungeons\vault\accessories\controlpanelvault01.nif;68;No
NVDLC04TempleLaunchTerminal;04009C94;1;0;Missile Launch Terminal;NVDLC04TempleLaunchTerminalSCRIPT;;NVDLC04\Clutter\consoles\NVDLC04EdEInterfaceConsoleDirty.NIF;121;No
NVDLC04DyingBreathNote;04009FEA;0;0;Dying Breath Note;NVDLC04DyingBreathSCRIPT;;clutter\junk\paper01.nif;0;No
NVDLC04TunnelSoundScare03Trigger;0400A32B;1;0;Creep Out;NVDLC04TunnelSoundScare03TriggerSCRIPT;;;595;No
NVDLC04Road02DeathclawTrigger;0400A386;1;0;Road 02 Deathclaw Trigger;NVDLC04Road02DeathclawTriggerSCRIPT;;;489;No
NVDLC04UlyssesGrenadeTrigger;0400A673;2;0;NVDLC04 Ulysses Grenade Trigger;NVDLC04UlyssesGrenadeTriggerSCRIPT;;;315;No
NVDLC04Silo01EDEReleaseCodeHolder;0400A7D3;1;0;Direct EDE's Release Show;NVDLC04Silo01EDEReleaseCodeHolderSCRIPT;;;84;No
NVDLC04SatchelChargeThrowing01;0400A7D7;6;0;;NVDLC04SatchelChargeThrowing01SCRIPT;;;146;No
NVDLC04TrapLaserTripwire;0400A826;5;0;Laser Tripwire;NVDLC04TrapLaserTripwireBeamSCRIPT;;Traps\LaserTripwire01-512.NIF;256;No
NVDLC04TrapLaserTripwireEmitter;0400A82A;5;1;Laser Tripwire Emitter;NVDLC04TrapLaserTripwireEmitterSCRIPT;;Traps\LaserTripwireEmitter01.NIF;11;No
NVDLC04EDECommissary;0400A870;4;1;Commissary Terminal;NVDLC04EDECommissarySCRIPT;;NVDLC04\Clutter\consoles\NVDLC04EdEInterfaceConsoleWall.NIF;41;No
NVDLC04Silo01Floor01AwakenBotTrigger;0400A90B;1;0;Awaken Bot;NVDLC04Silo01Floor01AwakenBotTriggerSCRIPT;;;156;No
NVDLC04EDECommissaryAccessTrigger;0400AB52;6;0;Gas Valve;NVDLC04EDECommissaryAccessTriggerSCRIPT;;;195;No
NVDLC04TunnelDeathclawRushTrigger;0400AC94;1;0;Run Deathclaw Run;NVDLC04TunnelDeathclawRushTriggerSCRIPT;;;439;No
NVDLC04UlyssesLootTrigger;0400B06E;1;0;Ulysses Loot Trigger;NVDLC04UlyssesLootTriggerSCRIPT;;;229;No
NVDLC04Road02TunnelerTrigger;0400B648;1;0;Tunneler Spawn Trigger;NVDLC04Road02TunnelerTriggerSCRIPT;;;380;No
NVDLC04TempleKlaxonLight;0400B657;5;0;;KlaxonLightScript;;Dungeons\Vault\RoomU\Klaxon.NIF;77;No
NVDLC04TempleKillTrigger;0400B658;8;0;Temple Kill Trigger;NVDLC04TempleKillTriggerSCRIPT;;;748;No
NVDLC04Silo02ExplosionTrigger;0400B6B0;4;0;;NVDLC04Silo02ExplosionTriggerSCRIPT;;;388;No
NVDLC04EDECommissaryDirty;0400B8F6;2;1;Commissary Terminal;NVDLC04EDECommissarySCRIPT;;NVDLC04\Clutter\consoles\NVDLC04EdEInterfaceConsoleDirtyWall.NIF;41;No
NVDLC04UlyssesTempleIsPS3;0400B99C;1;0;;NVDLC04UlyssesTempleIsPS3CodeboxSCRIPT;;;111;No
NVDLC04Road01MMCamp03CodeHolder;0400BCFA;1;0;Direct the Show;NVDLC04Road01MMCamp03WarheadFireworksSCRIPT;;;139;No
NVDLC04Road02KlaxonLight;0400BEE4;1;0;;NVDLC04Road02KlaxonLightSCRIPT;;Dungeons\Vault\RoomU\Klaxon.NIF;77;No
NVDLC04RadioTowerStartTrigger;0400C122;1;0;;NVDLC04RadioTowerStartSCRIPT;;;1077;No
NVDLC04EDEMissileLaunchTrigger;0400C1EE;1;0;Gas Valve;NVDLC04EDEMissileLaunchTriggerSCRIPT;;;287;No
NVDLC04NukedLegionBoat;0400C46B;2;0;Boat to Nuked Legion Encampment;NVDLC04NukedLegionBoatSCRIPT;;vehicles\boat03d.nif;141;No
NVDLC04CompletionTrigger;0400C47A;1;0;;NVDLC04CompletionTriggerSCRIPT;;;347;No
NVDLC04RedGlareStatic;0400C60F;1;0;Red Glare;NVDLC04Road01RedGlareActivatorSCRIPT;;NVDLC04\Clutter\NVDLC04_Red-Glare-Static\NVDLC04_Red-Glare-Static.NIF;49;No
NVDLC04EDEFlyAwayTrigger;0400C6AE;0;0;;NVDLC04EDEFlyAwayTriggerSCRIPT;;;337;No
NVDLC04DivideBuildingFallCodebox;0400C75A;1;0;;NVDLC04DivideBuildingFallSCRIPT;;;272;No
NVDLC04SunstoneTriggerREF;0400C7F4;1;0;Gas Valve;NVDLC04SunstoneTriggerREFSCRIPT;;;205;No
NVDLC04MaintenanceTrigger;0400C7F8;1;0;Gas Valve;NVDLC04MaintenanceTriggerSCRIPT;;;263;No
NVDLC04SLWasteDisposalTrigger;0400C828;1;0;Waste Disposal Station Trigger;NVDLC04TunnelerLVLWasteRefTrigger;;Architecture\Wasteland\WaterTowerPipes01.NIF;326;No
NVDLC04DivideSLWasteDisposalTT;0400C82E;1;0;NVDLC04DivideTrigger2;NVDLC04WasteDisposalTrigger2;;;276;No
NVDLC04EntranceSafetyTrigger;0400C867;7;0;;NVDLC04SafetyTriggerSCRIPT;;;427;No
NVDLC04SiloElevatorShaft02;0400C9B6;1;0;;;;NVDLC04\Dungeons\Silo\Silo_Elevator\NVDLC04_Silo-Elevator-Shaft02.NIF;2647;No
NVDLC04SiloElevatorShaft03;0400C9B8;1;0;;;;NVDLC04\Dungeons\Silo\Silo_Elevator\NVDLC04_Silo-Elevator-Shaft03.NIF;3183;No
NVDLC04SiloElevatorShaft04;0400C9BA;1;0;;;;NVDLC04\Dungeons\Silo\Silo_Elevator\NVDLC04_Silo-Elevator-Shaft04.NIF;2816;No
NVDLC04SiloElevatorShaft05;0400C9BC;1;0;;;;NVDLC04\Dungeons\Silo\Silo_Elevator\NVDLC04_Silo-Elevator-Shaft05.NIF;3183;No
NVDLC04SiloElevatorShaft06;0400C9BE;1;0;;;;NVDLC04\Dungeons\Silo\Silo_Elevator\NVDLC04_Silo-Elevator-Shaft06.NIF;1450;No
NVDLC04EDETempleRevealCodeHolder;0400CA79;1;0;Gas Valve;NVDLC04EDETempleRevealCodeHolderSCRIPT;;;110;No
NVDLC04Silo02DoorSwapCodeHolder;0400CB76;1;0;No More Lift For U;NVDLC04Silo02DoorSwapCodeholderSCRIPT;;;66;No
NVDLC04Silo01WelcomeDoorTrigger;0400CB77;1;0;Welcome to Silo01;NVDLC04Silo01WelcomeDoorTriggerSCRIPT;;;288;No
NVDLC04NukedBlastTrigger;0400CB8C;3;0;;NVDLC04NukedBlastSCRIPT;;;5733;No
NVDLC04AutoDoc;0400CBD3;4;0;Auto-Doc;NVDLC04AutoDocSCRIPT;;NVDLC01\clutter\NVDLC01_AutoDoc\NVDLC01_AutoDoc.NIF;156;No
NVDLC04EDEHireTrigger;0400CD4A;1;0;Gas Valve;NVDLC04EDEHireTriggerSCRIPT;;;120;No
NVDLC04UlyssesVistaCodeHolder;0400CDB0;1;0;Direct the Show;NVDLC04UlyssesVistaCodeHolderSCRIPT;;;304;No
NVDLC04PostDLCExplosionTrigger;0400CEE1;0;0;;NVDLC04PostDLCExplosionTriggerSCRIPT;;;167;No
NVDLC04NukeLegionSwimTrigger;0400CF1C;1;0;NVDLC04 Nuke Legion Swim Trigger;NVDLC04NukeLegionSwimTriggerSCRIPT;;;2693;No
NVDLC04Road01MusicTrigger;0400CFE7;1;0;;NVDLC04Road01MusicScript;;;635;No
NVDLC04EDETerminalLever;0400D12A;2;0;Terminal Lever;NVDLC04Silo01BlastDoorLeverSCRIPT;;NVDLC04\Clutter\consoles\NVDLC04EdEInterfaceConsoleButton.NIF;27;No
NVDLC04EDETerminalWallLever;0400D1C7;0;0;;NVDLC04Silo01MainframeLeverSCRIPT;;NVDLC04\Clutter\consoles\NVDLC04EdEInterfaceConsoleWallButton.NIF;13;No
NVDLC04AutoSaveTrigger;0400D285;1;0;;NVDLC04AutoSaveTriggerSCRIPT;;;286;No
NVDLC04Road01WomenBarracksCodeHolder;0400D2B3;1;0;Direct the Show;NVDLC04Road01WomenBarracksCodeHolderSCRIPT;;;121;No
NVDLC04EDETerminalLeverLaunch;0400D2DA;1;0;Terminal Lever;NVDLC04LaunchControlLeverSCRIPT;;NVDLC04\Clutter\consoles\NVDLC04EdEInterfaceConsoleButtonDirty.NIF;27;No
NVDLC04EDETerminalLeverTemple;0400D2DB;0;0;Terminal Lever;;;NVDLC04\Clutter\consoles\NVDLC04EdEInterfaceConsoleButton.NIF;0;No
NVDLC04AudioLogUlyssesWhiteLegs2Trigger;0400D57B;1;0;;NVDLC04AudioLogUlyssesWhiteLegs2TriggerSCRIPT;;;162;No
NVDLC04AudioLogUlyssesBigMT2Trigger;0400D57C;1;0;;NVDLC04AudioLogUlyssesBigMT2TriggerSCRIPT;;;116;No
NVDLC04AudioLogUlyssesBigMT3Trigger;0400D589;1;0;;NVDLC04AudioLogUlyssesBigMT3TriggerSCRIPT;;;183;No
NVDLC04AudioLogUlyssesWhiteLegs3Trigger;0400D58A;1;0;;NVDLC04AudioLogUlyssesWhiteLegs3TriggerSCRIPT;;;224;No
NVDLC04AudioLogUlyssesBigMT1Trigger;0400D58B;1;0;;NVDLC04AudioLogUlyssesBigMT1TriggerSCRIPT;;;209;No
NVDLC04AudioLogUlyssesWhiteLegs1Trigger;0400D58C;1;0;;NVDLC04AudioLogUlyssesWhiteLegs1TriggerSCRIPT;;;180;No
NVDLC04Divide2Ambush01;0400D783;1;0;Gas Valve;NVDLC04Divide2Ambush01SCRIPT;;;148;No
NVDLC04DivideBladeGrenade;0400D784;1;0;Gas Valve;NVDLC04DivideBladeGrenadeSCRIPT;;;285;No
NVDLC04Divide2Ambush02;0400D785;1;0;Gas Valve;NVDLC04Divide2Ambush02SCRIPT;;;208;No
NVDLC04LaserDetonatorActivator;0400D793;1;0;Laser Detonator;NVDLC04Road01LaserDetonatorActivatorSCRIPT;;NVDLC04\Clutter\NVDLC04LaserDetonatorSTATIC.NIF;13;No
NVDLC04SunstoneWave2Trigger;0400D90F;1;0;Sunstone Wave 2 Trigger;NVDLC04SunstoneWave2TriggerSCRIPT;;;214;No
NVDLC04Road01MMRushEVPTrigger;0400D95C;1;0;Snap out of it;NVDLC04Road01MMRushEVPTriggerSCRIPT;;;167;No
NVDLC04RadiationHealTrigger;0400DA81;24;0;;NVDLC04RadiationHealTriggerSCRIPT;;;2236;No
NVDLC04Road01DetonatorOnTrigger;0400DB00;3;0;;NVDLC04Road01MMCamp01DetonatorOnTriggerSCRIPT;;;540;No
NVDLC04UlyssesTrigger4;0400DBF1;1;0;Road01 Ulysses EDE Trigger;NVDLC04UlyssesTrigger4SCRIPT;;;346;No
NVDLC04UlyssesFake1Trigger;0400DC43;1;0;;NVDLC04UlyssesFake1TriggerSCRIPT;;;863;No
NVDLC04RALPHIEPosterActivator;0400DC64;20;0;RALPHIE Poster;NVDLC04RALPHIEPosterTriggerSCRIPT;;NVDLC04\Clutter\Posters\NVDLC04RalphiePoster.NIF;77;No
NVDLC04UlyssesFake2Trigger;0400DC69;1;0;;NVDLC04UlyssesFake2TriggerSCRIPT;;;235;No
NVDLC04TunnelCodeSupport;0400DDC4;1;0;Support the Show;NVDLC04TunnelCodeSupportSCRIPT;;;284;No
NVDLC04Road02AmbushTrigger;0400DDD1;1;0;Deathclaw Ambush Trigger;NVDLC04Road02AmbushTriggerSCRIPT;;;164;No
NVDLC04Road01MMBossCampRavagerAttackTrigger;0400E0F7;1;0;Snap out of it;NVDLC04Road01MMBossCampRavAttackTriggerSCRIPT;;;268;No
NVDLC04BowieKnifeUniqueStatic;0400E105;1;0;Outback Blade;NVDLC04BowieKnifeUniqueStaticSCRIPT;;NVDLC04\Weapons\1handmelee\BowieKnife\NVDLC04BowieKnifeSTATIC.NIF;18;No
NVDLC04Silo02Floor01AwakenBotTrigger;0400E10A;2;0;Awaken Bot;NVDLC04Silo02Floor01AwakenBotTriggerSCRIPT;;;198;No
MQ09SpeechTrigger1;06003403;2;0;;MQ09SpeechTrigger1Script;;;148;No
MS15DeclarationFinal;06003A7A;0;0;Declaration of Independence;MS15DeclarationFinalRefScript;;Clutter\QuestItems\MS15DeclarationofIndependence.NIF;24;No
MS15BillofRightsFinal;06003A7C;0;0;Bill of Rights;;;Clutter\QuestItems\MS15BillofRights.NIF;23;No
MS15MagnaCarta;06003A7D;0;0;Magna Carta;;;Clutter\QuestItems\MS15MagnaCarta.NIF;23;No
MS15Constitution;06003A7E;0;0;Constitution of the United States;;;Clutter\QuestItems\MS15Constitution.NIF;24;No
Terminal01;06003AA8;0;0;Hack Terminal;MS16TerminalSCRIPT;;Terminals\Terminal01.NIF;43;No
Terminal02;06003AAD;0;0;Hack Terminal;MS16TerminalSCRIPT;;Terminals\Terminal02.NIF;76;No
MegatonBomb;06003BC8;1;0;Undetonated Atomic Bomb;MS11BombScript;;Architecture\Megaton\MegatonAtomicBomb.NIF;523;No
DrinkToilet;06014AB3;488;1;Toilet;;d5TerribleWater20r4h;Clutter\Bathroom\Toilet01.NIF;60;No
FallsChurchTrigPlayerBox03;06014FF8;1;0;;FallsChurchTrigPlayerBox03SCRIPT;;;0;No
FallsChurchTrigPlayerBox04;06015594;1;0;;FallsChurchTrigPlayerBox04SCRIPT;;;0;No
ParkingMeter01;06015666;85;0;Parking Meter;ParkingMeter01SCRIPT;;Architecture\Urban\StreetDressing\ParkingMeter01.NIF;65;No
DrinkTowerPipe01;0601566B;11;1;Water Tower Valve;;d4BadWater10r20h;Architecture\Wasteland\WaterTowerPipes01.NIF;199;No
LLBackDoorPulley01;060185D6;1;0;Pulley;LLBackdoorPulleyScript;;Dungeons\Caves\Lamplight\WoodenSwitch.NIF;18;No
LLBackDoorPulley02;060185D7;1;0;Pulley;LLBackdoorPulleyScript;;Dungeons\Caves\Lamplight\WoodenSwitch.NIF;18;No
TenpennyGate;06018648;1;0;;TenpennyGateScript;;Architecture\Urban\TenPenGate01.NIF;238;No
RRExtMainEntranceDoor02;06018E81;1;0;;RRExtMainEntranceDoor02SCRIPT;;Dungeons\Enclave\Custom\EnclaveMainEntranceDoor01.NIF;241;No
TenpennyGateSwitch;06019053;1;0;Intercom;TenpennyGateSwitchScript;;Clutter\Consoles\Intercom01.NIF;21;No
PortaShelter01;06019498;22;0;Pulowski Preservation Shelter;PortaShelter01Script;;Architecture\Urban\StreetDressing\PortaShelter01.NIF;169;No
MQ05FuseBox;06019FF8;2;0;Auxiliary Power Fuse Box;MQ05FuseBoxScript;;Clutter\QuestItems\MQ05Fusebox.NIF;59;Yes
MQ05MainframeControlPanel;06019FFB;2;0;Mainframe Power Switch;MQ05MainframeControlScript;;Clutter\GenElecSwitch01.NIF;18;No
VintageRadioEnclave01;0601A32F;9;0;Radio;;;Clutter\VintageRadio\VintageRadio01.NIF;30;No
MQ09SpeechTrigger2;0601A7FA;3;0;;MQ09SpeechTrigger2Script;;;368;No
EvergreenMillsElectricBox01;0601B466;1;0;;EvergreenMillsElectricBox01SCRIPT;;Clutter\ElectricBox\ElectricBox1.NIF;122;No
ArmoredVaultSuitMountedACTIVATOR;0601C2AD;0;0;Armored Vault Suit;ArmoredVaultSuitMountedSCRIPT;;Armor\VaultSuitArmor\M\ArmorMounted.NIF;76;No
MQ05GarzaTriggerWall;0601D27A;1;0;;MQ05GarzaTriggerWallScript;;Triggers\TrigPlayerWall01.NIF;250;Yes
MQ01LDstageTrig50;0601D43D;1;0;;MQ01cityAmbushSCRIPT;;Triggers\TrigPlayerBox01.NIF;324;No
TrigActorWall01;0601D58E;2;0;;;;Triggers\TrigActorWall01.NIF;0;No
MegatonGateHouse01;0601D6AD;1;0;;MegatonGate01Script;;Architecture\Megaton\MegatonGateHouse01.NIF;952;No
DemoTerminal01;0601D706;0;0;Hack Terminal;;;Terminals\Terminal01.NIF;43;No
DrinkWaterfountain;0601E017;151;0;Water Fountain;;d3AverageWater6r24h;Clutter\Office\WaterCooler01.NIF;53;No
MS09ArefuArrivalTrigger;0601E4F4;1;0;;MS09ArefuArrivalTriggerScript;;;0;No
DrinkSinkCleaner;0601E75F;10;0;Sink;;d1PurifiedWater0r30h;Clutter\Bathroom\SinkCleaner01.NIF;52;No
DrinkToiletCleaner;0601E766;4;0;Toilet;;d1PurifiedWater0r30h;Clutter\Bathroom\ToiletCleaner01.NIF;60;No
MQ01cueGNNattackTrig;0601E9A4;1;0;;MQ01GNNExplosions01SCRIPT;;Triggers\TrigPlayerWall01.NIF;250;No
MQ01LDstageTrig65;0601E9A8;1;0;;MQ01LDStageTrig65SCRIPT;;Triggers\TrigPlayerBox04.NIF;324;No
MS11Detonator;0601E9AA;1;0;Remote Detonator;MS11DetonatorSCRIPT;;Clutter\BriefcaseDetonator\BriefcaseDetonator01.NIF;43;Yes
MS12ArgumentTrigger;0601EE57;1;0;;MS12ArgumentTriggerScript;;;250;No
ProtectronPodLightPanel01;0601EF3F;2;0;;;;Clutter\ProtectronPod\ProtectronPodLightPanel01.NIF;56;No
DemoMetroRoachesEnabler;0601EFE8;1;0;;DemoRoachesEnablerSCRIPT;;Triggers\TrigPlayerBox03.NIF;324;No
MQ01LDstageTrig75;0601F0B1;1;0;;MQ01LDStageTrig75SCRIPT;;Triggers\TrigPlayerWall01.NIF;250;No
DemoMetroTriggerA;0601F495;3;0;;DemoMetroTriggerASCRIPT;;Triggers\TrigPlayerBox01.NIF;324;No
DemoMetroTriggerB;0601F4AB;1;0;;DemoMetroTriggerBSCRIPT;;Triggers\TrigPlayerBox01.NIF;324;No
MQ01LDstageTrig71;0601F570;1;0;;MQ01LDStageTrig71SCRIPT;;Triggers\TrigPlayerBox01.NIF;324;No
MQ05PipeControl;0601FDB2;1;0;Pipe Controls;MQ05PipeControlScript;;Architecture\Wasteland\WaterTowerPipes03.NIF;199;Yes
FFRadioSignal03Switch01;0601FE4B;1;1;Electrical Switch;FFRadioSignalSCRIPT;;Clutter\ElectricalSwitch02.NIF;25;No
MS15TurretGenerator;06020128;1;0;Turret Generator;MS15TurretGeneratorScript;;Clutter\IndustrialMachines\IndustrialMachine02.NIF;368;No
VaultGearDoor;060201E6;3;0;Vault Door;VaultDoorSCRIPT;;Dungeons\Vault\RoomU\VGearDoor01.NIF;528;No
MetTurnstile01;06020265;25;0;;;;Dungeons\Metro\Clutter\MetTurnstile01.NIF;269;No
MS15RotundaEntryTrigger;060205C6;1;0;;MS15RotundaEntryTriggerScript;;Triggers\TrigPlayerWall01.NIF;250;No
MQ01stageTrig81;06020768;1;0;;MQ01StageTrig81SCRIPT;;Triggers\TrigPlayerBox04.NIF;324;No
DemoProtectronPod01;060207E8;1;0;;DemoProtectronPod01Script;;Clutter\ProtectronPod\ProtectronPod01.NIF;134;No
CG04SunBlindDummy;0602147E;1;0;;CG04sunBlindSCRIPT;;Triggers\TrigActorBox03.NIF;324;No
MS15MuseumActivator01;060214DF;0;0;Insert one Cap or Museum Token;MS15MuseumTalkBox01ScriptNEW;;Architecture\Urban\StreetDressing\ParkingMeter01.NIF;65;No
MS15MuseumActivator02;060214E0;0;0;Insert one Cap or Museum Token;MS15MuseumTalkBox02ScriptNEW;;Architecture\Urban\StreetDressing\ParkingMeter01.NIF;65;No
MS15MuseumActivator03;060214E1;0;0;Insert one Cap or Museum Token;MS15MuseumTalkBox03ScriptNEW;;Architecture\Urban\StreetDressing\ParkingMeter01.NIF;65;No
MS15MuseumActivator04;060214E2;0;0;Insert one Cap or Museum Token;MS15MuseumTalkBox04ScriptNEW;;Architecture\Urban\StreetDressing\ParkingMeter01.NIF;65;No
MS15MuseumActivator05;060214E3;0;0;Insert one Cap or Museum Token;MS15MuseumTalkBox05ScriptNEW;;Architecture\Urban\StreetDressing\ParkingMeter01.NIF;65;No
MS15IntercomTrigger01;060214E9;1;0;;MS15IntercomTrigger01Script;;Triggers\TrigPlayerBox01.NIF;324;No
MS15IntercomTrigger02;060214EA;1;0;;MS15IntercomTrigger02Script;;Triggers\TrigPlayerWall01.NIF;250;No
MS15IntercomTrigger03;060214EB;1;0;;MS15IntercomTrigger03Script;;Triggers\TrigPlayerWall01.NIF;250;No
MS15IntercomTrigger04;060214EC;1;0;;MS15IntercomTrigger04Script;;Triggers\TrigPlayerWall01.NIF;250;No
MS15ArchivesIntercom01;060214F5;0;0;Archives Intercom;MS15Intercom01Script;;Clutter\QuestItems\MS17LoudSpeakers01.NIF;142;No
MS15ArchivesIntercom02;060214F6;0;0;Archives Intercom;MS15Intercom02Script;;Clutter\QuestItems\MS17LoudSpeakers01.NIF;142;No
MS15ArchivesIntercom03;060214F7;0;0;Archives Intercom;MS15Intercom03Script;;Clutter\QuestItems\MS17LoudSpeakers01.NIF;142;No
MS15ArchivesIntercom04;060214F8;0;0;Archives Intercom;MS15Intercom04Script;;Clutter\QuestItems\MS17LoudSpeakers01.NIF;142;No
Computer01;0602248D;0;0;;;;Clutter\Food\Apple01.NIF;7;No
MQ08PlayerCaptured;06022FC0;1;0;;MQ08CapturedScript;;;213;No
MQ02Relay;0602393F;1;0;Galaxy News Radio Relay;MQ02RelayBeforeScript;;Clutter\QuestItems\MQ02RadioTower.NIF;513;No
MQ02RelayDone;06023940;0;0;Repaired Relay;;;Clutter\ElectricBox\ElectricBox1.NIF;122;No
FFRadioSignal04Switch01;06023964;1;1;Electrical Switch;FFRadioSignalSCRIPT;;Clutter\ElectricalSwitch02.NIF;25;No
MS16ControlPanelVault01;0602485A;2;0;Vault Door Control Pod;MS16Vault101ControlPodScript;;Dungeons\Vault\Accessories\ControlPanelVault01.NIF;68;No
WashMonumentGate01;06024A24;1;0;;;;Architecture\WashingtonMonument\WashMonumentGate01.NIF;312;No
RadioTower06VertibirdFlyby;06025C3E;1;0;;RadioTower06VertibirdFlybyScript;;;2033;No
NtlGuardDepotWorldElectricalSwitch01;06025F3F;1;0;Electrical Switch;NtlGuardDepotWorldElectricalSwitch01SCRIPT;;Clutter\ElectricalSwitch.NIF;65;No
NtlGuardDepotVaultLightTrig;06025F92;1;0;;NtlguardDepotVaultLightTrigSCRIPT;;;251;No
ControlPanelVault01;060269BC;1;0;Vault Door Control Pod;Vault101ControlPodScript;;Dungeons\Vault\Accessories\ControlPanelVault01.NIF;68;No
FF02CitadelCourtyardTarget;06026C54;1;0;Target;;;Clutter\Barrel01.NIF;63;No
NtlGuardDepotElectricalSwitch01;06026D47;1;0;Electrical Switch;NtlGuardDepot06Switch01RefSCRIPT;;Clutter\GenElecSwitch01.NIF;18;No
DefaultActivateLinkedRef;06026FB5;2;0;;Default1xActivateLinkedRefSCRIPT;;;260;No
MQ02MuseumTourTrigger01;060270C6;1;0;;MQ02MuseumVaultTourTrigger01Script;;;0;No
MQ02MuseumTourTrigger02;060270C9;1;0;;MQ02MuseumVaultTourTrigger02Script;;;0;No
MQ02MuseumTourTrigger03;060270CA;1;0;;MQ02MuseumVaultTourTrigger03Script;;;0;No
MQ02MuseumTourTrigger04;060270CB;1;0;;MQ02MuseumVaultTourTrigger04Script;;;0;No
MQ02MuseumTourTrigger08;060270CF;1;0;;MQ02MuseumVaultTourTrigger08Script;;;0;No
MQ02MuseumTourTrigger09;060270D0;1;0;;MQ02MuseumVaultTourTrigger09Script;;;0;No
MQ02MuseumTourTrigger10;060270D1;1;0;;MQ02MuseumVaultTourTrigger10Script;;;0;No
VProjectorShow01;060274BC;4;0;;VProjectorShow01Script;;Dungeons\Vault\Room\VProjectorShow01.NIF;1057;No
MQ02MuseumPlanetariumTrigger;06027930;2;0;;MQ02MuseumPlanetariumTrigger01Script;;;0;No
ArchivesRotundaPlatform01ACTIVATOR;06027938;1;0;;MS15RotundaFloorActivatorScript;;Architecture\Urban\Archives\ArchivesRotundaPlatform01.NIF;329;No
NPCVenderFollowPlayerTrigger;06027F5A;5;0;;NPCVendorFollowPlayerTriggerScript;;;376;No
CG04GuardStopBox;06028013;1;0;;CG04GuardStopBoxSCRIPT;;;248;No
MS04GiantAntEgg;0602812C;20;0;Strange Ant Egg;;;Clutter\QuestItems\MS04AntEgg01.NIF;14;No
TrapSidewalk;06028710;3;0;;TrapSidewalkGrateSCRIPT;;Traps\SWTrapGrate01.NIF;170;No
DemoVaultMrHandyTriggerBox;060288B9;1;0;;;;Triggers\TrigPlayerWall01.NIF;250;No
JukeBoxClean01;06028FBC;2;0;;;;Clutter\JukeBox\JukeBoxClean01.NIF;83;No
TriggerDisableFastTravel;06029246;3;0;;DefaultDisableFastTravelSCRIPT;;Triggers\TrigPlayerBox01.NIF;324;No
CG04ControlPanelVault01;0602934B;1;0;Vault Door Control Pod;CG04Vault101ControlPodScript;;Dungeons\Vault\Accessories\ControlPanelVault01.NIF;68;No
CG04ReactorSwitch;0602934D;3;0;Reactor Power Switch;CG04ReactorSwitchSCRIPT;;Dungeons\Vault\Accessories\ControlPanelVault01.NIF;68;Yes
trapShotgunCombat;06029438;29;1;Rigged Shotgun;TrapShotgunCombatSCRIPT;;Traps\ShotgunTrap_DC.NIF;47;No
LightCeilingVault03;060296E0;236;0;;;;Dungeons\Vault\Lights\LightCeilingVault03.NIF;34;No
MQ04RockwellDesk;060298DB;1;0;Roger's Desk;MQ04RockwellDeskScript;;Furniture\OfficeRuined\Desk01.NIF;71;No
CG04ButchTriggerWall;0602A170;1;0;;CG04ButchTriggerWallSCRIPT;;Triggers\TrigPlayerWall01.NIF;250;Yes
DrinkToiletSettlement;0602A2B0;32;0;Toilet;;d5TerribleWater20r4h;Clutter\Bathroom\Toilet01.NIF;60;No
DrinkUrinalSettlement;0602A2B1;23;0;Urinal;;d2GoodWater4r30h;Clutter\Office\Urinal01.NIF;43;No
DrinkWaterFoutnainSettlement;0602A2B2;8;0;Water Fountain;;d2GoodWater4r30h;Clutter\Office\WaterCooler01.NIF;53;No
FFRadioSignal05Switch01;0602A3F6;1;1;Electrical Switch;FFRadioSignalSCRIPT;;Clutter\ElectricalSwitch02.NIF;25;No
MQ04PlayerPodActivator;0602A45B;1;0;Tranquility Lounger;MQ04PlayerPodShellScript;;furniture\tlpodplayer01DC.nif;196;No
IntroTrigger;0602AFAC;2;0;;IntroTriggerSCRIPT;;;0;No
DrinkReservoir01;0602B428;2;0;Water Reservoir Access Valve;;d2GoodWater4r30h;Architecture\Wasteland\WaterTowerPipes01.NIF;199;No
MQ04FailsafeObject1;0602B7FB;1;0;Empty Bottle;MQ04FailsafeObject1Script;;Clutter\QuestItems\SodaBottleStatic.NIF;15;No
MQ04FailsafeObject2;0602B7FD;1;0;Cinder Block;MQ04FailsafeObject2Script;;Clutter\Junk\CinderBlock01.NIF;21;No
MQ04FailsafeObject3;0602B7FF;1;0;Glass Pitcher;MQ04FailsafeObject3Script;;Clutter\QuestItems\GlassPitcherStatic.NIF;19;No
MQ04FailsafeObject4;0602B801;1;0;Garden Gnome;MQ04FailsafeObject4Script;;Clutter\QuestItems\GnomeStatic.NIF;30;No
MQ04FailsafeObject5;0602B803;1;0;Broken Radio;MQ04FailsafeObject5Script;;Clutter\VintageRadio\VintageRadio01.NIF;30;No
MQ01CityAmbushFailsafe;0602BFD1;1;0;;MQ01cityAmbushFailsafeSCRIPT;;;0;No
MS18RoofTrigger;0602C253;1;0;;MS18RoofTriggerScript;;;0;Yes
VCeilingFanHallSm01;0602C794;76;0;;;;Dungeons\Vault\Accessories\VCeilingFanHallSm01.NIF;102;No
trigGermPoliceHQMasterScript;0602C9BD;1;0;;GermPoliceHQMasterScript;;;0;No
TrigPlayerEnable;0602CC27;157;0;;TrigPlayerEnableSCRIPT;;;318;No
CG04DoorSwitch;0602CC3F;0;0;Door Switch;;;Clutter\VintageRadio\VintageRadio01.NIF;30;No
trapMinefieldShootCar01Trig;0602CC61;1;0;;MinefieldSniperCar01ShotSCRIPT;;;984;No
MS14DukovSign;0602CD57;0;0;Keep your weapons holstered or get shot;;;Clutter\Signs\Suburban\SignStop01.NIF;79;No
TrigMS18Ambush01;0602D063;1;0;;TrigMS18Ambush01SCRIPT;;;0;No
VControlPanel02;0602D1AD;9;0;;;;Dungeons\Vault\Accessories\VControlPanel02.NIF;37;No
VControlPanel03;0602D1AE;35;0;;;;Dungeons\Vault\Accessories\VControlPanel03.NIF;21;No
CG04RadroachStopBox;0602D4B5;2;0;;CG04RadroachStopBoxSCRIPT;;;0;No
JukeBoxDirtyGNR;0602D671;19;0;Jukebox;;;Clutter\JukeBox\JukeBoxDirty01.NIF;83;No
officeSecretWall;0602D6FA;0;0;;;;Dungeons\Office\Room\OffRmWallONLY01.NIF;214;No
ControlPanelVaultOFF01;0602DB51;2;0;Vault Door Control Pod;;;Dungeons\Vault\Accessories\ControlPanelVault01.NIF;68;No
MS01MutantTrigger;0602DD8F;1;0;;MS01MutantTriggerScript;;;2697;Yes
MS01MutantTrigger2;0602DEAD;1;0;;MS01MutantTrigger2Script;;;284;No
FFRadioSignal07Switch01;0602DF16;1;1;Electrical Switch;FFRadioSignalSCRIPT;;Clutter\ElectricalSwitch02.NIF;25;No
MS04MutagenTank;0602E2B8;1;0;Mutagen Tank;;;Clutter\QuestItems\MS04MutagenTank01.NIF;75;No
MS04MutagenGelGreen;0602E2BA;2;0;Green Liquid;;;Clutter\QuestItems\MS04MutagenGelGreen.NIF;25;No
MS04MutagenTankGlass;0602E2BE;0;0;Mutagen Tank Glass;;;Clutter\QuestItems\MS04MutagenTankGlass01.NIF;35;No
MS04MutagenGelRed;0602E2BF;2;0;Red Liquid;;;Clutter\QuestItems\MS04MutagenGelRed.NIF;25;No
trigRobco01Master;0602E422;0;0;;robco01MasterScript;;;0;No
MS01TriggerJunkyard;0602E737;2;0;;MS01TriggerJunkyardScript;;;191;No
CG01ExitCribTrigger;0602EA40;1;0;;CG01ExitCribTriggerSCRIPT;;Triggers\TrigPlayerWall01.NIF;250;Yes
CG01ToyBoxTrigger;0602EA42;1;0;;CG01ToyBoxTriggerSCRIPT;;Triggers\TrigPlayerWall01.NIF;250;Yes
CG01JumpOnBlockTrigger;0602EA43;1;0;;CG01JumpOnBlockTriggerSCRIPT;;Triggers\TrigPlayerWall01.NIF;250;Yes
VControlPanel04;0602EAB1;43;0;;;;Dungeons\Vault\Accessories\VControlPanel04.NIF;68;No
CG01EndQuestTrigger;0602ECBC;1;0;;CG01EndQuestTriggerSCRIPT;;Triggers\TrigPlayerWall01.NIF;250;Yes
DukovVertibirdFlyoverTrigger;0602EE45;1;0;;DukovVertibirdFlyoverSCRIPT;;;1252;No
MS03MerryGoRoundActivator;0602EF4E;1;0;;MS03MerryGoRoundScript;;Clutter\Playground\Ruined\MerryGoRoundRuined01.NIF;196;No
RHSPod01;0602F584;0;0;RobCo Industries Mister Handy Pod;;;Clutter\ProtectronPod\ProtectronPod01.NIF;134;No
MS03PrintingPress01;06030102;0;0;Pre-War Printing Press;;;Clutter\QuestItems\MQ03PrintingPress01.NIF;432;No
DunwichBuildingNote09Activator;0603023A;1;0;Bloody Sketch;DunwichBuilding01NoteActivator01SCRIPT;;Clutter\junk\Paper01.NIF;12;No
UtlDoorBigActivator;0603045B;1;0;Utility Gate;;;Dungeons\Utility\Rooms\UtlDoorBg01.NIF;150;No
CG02Target;060304DB;5;0;;CG02TargetSCRIPT;;Clutter\QuestItems\CG02TargetPractice01.NIF;65;No
MS03SpawningBall01;060309EF;0;0;Mirelurk Spawning Ball;MS03SpawningBallScript;;Clutter\MirelurkEggClutch01.NIF;148;No
MQ08CellConsole;06030ACD;1;0;Fire Control Console;MQ08CellConsoleScript;;Clutter\Consoles\Console01.NIF;80;No
MQ04Chandellier01;060311CC;1;0;Chandellier;MQ04ChandelierScript;;Clutter\QuestItems\MQ04Chandellier01.NIF;153;No
UnderworldNinthCircleRadio;06031425;1;0;Radio;UnderworldNinthCircleRadioSCRIPT;;Clutter\VintageRadio\VintageRadio01.NIF;30;No
UnderworldCarolsPlaceRadio;06031426;1;0;Radio;UnderworldNinthCircleRadioSCRIPT;;Clutter\VintageRadio\VintageRadio01.NIF;30;No
MQ07ExplodeTrigger;06031856;1;0;;MQ07FenceTriggerScript;;;0;No
MQ07InitialSceneTrigger;06031859;1;0;;MQ07StartTriggerScript;;;0;No
ShalebridgeEggPile;060328FC;1;0;Egg Pile;ShalebridgeEggPileSCRIPT;;Clutter\VintageRadio\VintageRadio01.NIF;30;No
DCworld11TownhouseGenerator;06033579;0;0;;DCworld11TownhouseGeneratorSCRIPT;;Clutter\ElectricBox\ElectricBox1.NIF;122;No
MQ07JunctionBox;06034027;1;0;Cable Junction Box;MQ07JunctionBoxScript;;Clutter\CableJunctionBox01.NIF;62;No
DefaultEnableLinkedRefPlayer;06034780;17;0;;DefaultEnableLink1xSCRIPTplayer;;;388;No
CG03ClassroomTrigger;06034909;1;0;;CG03ClassroomTriggerSCRIPT;;;0;No
AbandonedSewerValve01DC;06034A90;0;0;Gas Valve;TrigPlayerDisableSCRIPT;;Architecture\Wasteland\WaterTowerPipes01.NIF;199;No
CG03FreddieBrotchTrigger;06036AE1;1;0;;CG03FreddieBrotchTriggerScript;;;0;No
tVault106BShrink50;06036ED0;1;0;;scVault106BShrink;;;184;No
tVault106BShrink;06036ED1;12;0;;scVault106BShrink;;;184;No
MS06NoiseMaker01;06036FAD;1;0;Door Bell;TempleUnionNoiseMakerScript;;Dungeons\Office\RubblePiles\OffRmMechBox01.NIF;92;No
RaceSexInterface01;06036FDE;2;0;;;;Terminals\RaceSexInterface01.NIF;25;No
MS09DavisWest;060384AD;1;0;Davis West;MS09CorpseScript;;Clutter\Skeleton\westfathercorpse.NIF;86;No
MS09MatildaWest;060384AF;1;0;Matilda West;MS09CorpseScript;;Clutter\Skeleton\westmothercorpse.NIF;87;No
Crane01;0603877A;2;0;;CitadelCraneScript;;Architecture\Pentagon\Crane01.NIF;3263;No
MegatonPipeJointY01ACT;06038990;1;0;Pipe Joint;MegatonFFLeakingPipeSCRIPT;;Architecture\Megaton\MegatonPipeJointY.NIF;50;No
MegatonPipeJointLrgToLrgACT;06038991;1;0;Pipe Joint;MegatonFFLeakingPipeSCRIPT;;Architecture\Megaton\MegatonPipeJointLrgToLrg.NIF;70;No
MegatonPipeStraightRegSmlACT;06038992;1;0;Leaking Pipe;MegatonFFLeakingPipeSCRIPT;;Architecture\Megaton\MegatonPipeStraightRegSml.NIF;137;No
RCLightRoundedSmall01;06038E9B;63;0;;;;Dungeons\Rivetcity\Lights\RCLightRoundedSmall01 .NIF;26;No
FFRadioSignal06Switch01;06039270;1;1;Electrical Switch;FFRadioSignalSCRIPT;;Clutter\ElectricalSwitch02.NIF;25;No
MQ09RR3Int1Trig1;06039559;1;0;;MQ09RR3IntTrig1Script;;;0;No
MQ09RR3Int1Trig2;0603955C;2;0;;MQ09RRIntercomGenericTriggerScript;;;223;No
MQ09RR3Int1Trig1A;0603955E;1;0;;MQ09RR3IntTrig1AScript;;;0;No
RHSGrenadierTRIG;0603B06B;1;0;;RHSgrenadierTrigSCRIPT;;;0;No
UtlRmHatch;0603BCB0;4;0;;;;Dungeons\Utility\Rooms\UtlRmStairsHatch01.NIF;238;No
MS15MutantWaveActivator;0603C2DC;1;0;;MS15RotundaWaveTriggerScript;;;570;No
TrapLaserTripwire01512;0603C79F;1;0;Laser Tripwire;TrapLaserTripwireBeamSCRIPT;;Traps\LaserTripwire01-512.NIF;256;No
TrigDunwichActivateLinkedRef;0603CCCD;1;0;;Dunwich03ActivateLinkedRefSCRIPT;;;150;No
MQAFiltrationInput;0603D209;2;0;Auxiliary Filtration Input;MQAPanelScript;;Dungeons\Vault\Accessories\ControlPanelVault01.NIF;68;No
FFRadioSignal08Switch01;0603D759;1;1;Electrical Switch;FFRadioSignalSCRIPT;;Clutter\ElectricalSwitch02.NIF;25;No
MQ11ForceSaveTrigger;0603D7E5;1;0;;MQ11ForceSaveTriggerScript;;;238;No
GuardDepotBunkerControl;0603D803;0;0;Bunker Control Panel;;;Dungeons\Vault\Accessories\ControlPanelVault01.NIF;68;No
MS03PrintingPressTread;0603D978;0;0;Printing Press Tread;;;Clutter\QuestItems\MQ03PrintingPressTread01.NIF;336;No
MS03SurvivalGuideBookActivator;0603D97C;0;0;Wasteland Survival Guide;;;Clutter\QuestItems\MQ03PrintingPressBook01.NIF;16;No
MS11LucasGreetTrigger;0603DA27;1;0;;MS11LucasGreetTriggerScript;;;37;Yes
MS10Stage10ExitTrigger;0603E1A1;1;0;;MS10Stage10ExitTriggerScript;;;338;No
NukaCola01DoorSwitch;0603E389;1;0;Door Switch;NukaCola01DoorSwitchSCRIPT;;Clutter\ElectricalSwitch.NIF;65;No
FFHitSquadDCTalonCompanyControl;0603E548;32;1;;FFHitSquadDCTalonCompanyControlSCRIPT;;Triggers\TrigActorBox01.NIF;324;No
FFHitSquadDCRegulatorControl;0603E549;32;1;;FFHitSquadDCRegulatorControlSCRIPT;;Triggers\TrigActorBox01.NIF;324;No
DCWallVertibirdStrafe01Trigger;0603E556;2;0;;DCWallVertibirdStrafe01SCRIPT;;;3146;No
TrapLaserTripwireEmitter01;0603E619;1;1;Laser Tripwire Emitter;TrapLaserTripwireEmitterSCRIPT;;Traps\LaserTripwireEmitter01.NIF;11;No
TrapLaserTripwire01256;0603E62D;0;0;Laser Tripwire;TrapLaserTripwireBeamSCRIPT;;Traps\LaserTripwire01-256.NIF;131;No
FFRadioSignal09Switch01;0603E71B;1;1;Electrical Switch;FFRadioSignalSCRIPT;;Clutter\ElectricalSwitch02.NIF;25;No
DCWallVertibirdStrafe02Trigger;0603EB25;1;0;;DCWallVertibirdStrafe02SCRIPT;;;3340;No
NtlGuardDepotElectricalSwitch02;0603EB52;1;0;Electrical Switch;GenericSwitchActivateLinkedRefSCRIPT;;Clutter\ElectricalSwitch.NIF;65;No
MQPPurityControlPanel;060410BC;2;0;Project Purity Control Panel;MQ11PPurityControlPanelScript;;Dungeons\Vault\Accessories\ControlPanelVault01.NIF;68;No
BobbleheadDisplayMegaton;060416B1;1;0;Bobblehead Collector's Stand;BobbleheadDisplayMegatonScript;;Clutter\BobbleHead\BobbleHeadCase.NIF;190;No
BobbleheadPlacedAGL;060416B3;3;0;Agility Bobblehead;BobbleheadPlacedScriptAGL;;Clutter\BobbleHead\BobbleHeadAGL.NIF;10;No
BobbleheadPlacedBART;060416B4;3;0;Barter Bobblehead;BobbleheadPlacedScriptBART;;Clutter\BobbleHead\BobbleHeadBART.NIF;11;No
BobbleheadPlacedBGUN;060416B5;0;0;Big Guns Bobblehead;BobbleheadPlacedScriptBGUN;;Clutter\BobbleHead\BobbleHeadBGUN.NIF;11;No
BobbleheadPlacedCHA;060416B6;3;0;Charisma Bobblehead;BobbleheadPlacedScriptCHA;;Clutter\BobbleHead\VaultBoy.NIF;9;No
BobbleheadPlacedEND;060416B7;3;0;Endurance Bobblehead;BobbleheadPlacedScriptEND;;Clutter\BobbleHead\BobbleHeadEND.NIF;10;No
BobbleheadPlacedERGW;060416B8;3;0;Energy Weapons Bobblehead;BobbleheadPlacedScriptERGW;;Clutter\BobbleHead\BobbleHeadERGW.NIF;10;No
BobbleheadPlacedEXPL;060416B9;3;0;Explosives Bobblehead;BobbleheadPlacedScriptEXPL;;Clutter\BobbleHead\BobbleHeadEXPL.NIF;10;No
BobbleheadPlacedINT;060416BA;3;0;Intelligence Bobblehead;BobbleheadPlacedScriptINT;;Clutter\BobbleHead\BobbleHeadINT.NIF;10;No
BobbleheadPlacedLOCK;060416BB;3;0;Lockpick Bobblehead;BobbleheadPlacedScriptLOCK;;Clutter\BobbleHead\BobbleHeadLOCK.nif;9;No
BobbleheadPlacedLUK;060416BC;3;0;Luck Bobblehead;BobbleheadPlacedScriptLUK;;Clutter\BobbleHead\BobbleHeadLUK.NIF;10;No
BobbleheadPlacedMEDI;060416BD;3;0;Medicine Bobblehead;BobbleheadPlacedScriptMEDI;;Clutter\BobbleHead\BobbleHeadMEDI.NIF;12;No
BobbleheadPlacedMELE;060416BE;3;0;Melee Weapons Bobblehead;BobbleheadPlacedScriptMELE;;Clutter\BobbleHead\BobbleHeadMELE.NIF;10;No
BobbleheadPlacedPER;060416BF;3;0;Perception Bobblehead;BobbleheadPlacedScriptPER;;Clutter\BobbleHead\BobbleHeadPER.NIF;9;No
BobbleheadPlacedREPR;060416C0;3;0;Repair Bobblehead;BobbleheadPlacedScriptREPR;;Clutter\BobbleHead\BobbleHeadREPR.NIF;9;No
BobbleheadPlacedSCNC;060416C1;3;0;Science Bobblehead;BobbleheadPlacedScriptSCNC;;Clutter\BobbleHead\BobbleHeadSCNC.NIF;9;No
BobbleheadPlacedSGUN;060416C2;3;0;Small Guns Bobblehead;BobbleheadPlacedScriptSGUN;;Clutter\BobbleHead\BobbleHeadSGUN.NIF;10;No
BobbleheadPlacedSNEK;060416C3;3;0;Sneak Bobblehead;BobbleheadPlacedScriptSNEK;;Clutter\BobbleHead\BobbleHeadSNEK.NIF;8;No
BobbleheadPlacedSPCH;060416C4;3;0;Speech Bobblehead;BobbleheadPlacedScriptSPCH;;Clutter\BobbleHead\BobbleHeadSPCH.NIF;9;No
BobbleheadPlacedSTR;060416C5;3;0;Strength Bobblehead;BobbleheadPlacedScriptSTR;;Clutter\BobbleHead\BobbleHeadSTR.NIF;9;No
BobbleheadPlacedUARM;060416C7;3;0;Unarmed Bobblehead;BobbleheadPlacedScriptUARM;;Clutter\BobbleHead\BobbleHeadUARM.NIF;9;No
MuseumTech03Projector;06042CEF;1;0;;MuseumTech03ProjectorSCRIPT;;Dungeons\Neoclassical\Planetarium\PlanetariumProjector.NIF;413;No
MS17SoilStradCase;0604362D;0;0;Soil Stradivarius;MS17SoilStradCaseScript;;Clutter\QuestItems\MS17ViolinCase01.NIF;31;No
MS17SoilStradCaseEmpty;0604362F;0;0;Empty Case;;;Clutter\QuestItems\MS17ViolinCaseEmpty.NIF;31;No
GeneProjectorAnim01;060438D5;1;0;;;;Terminals\GeneProjectorAnim01.NIF;80;No
MS01TemporaryFriendsTrigger;06044532;1;0;;MS01TemporaryFriendsTriggerScript;;;183;Yes
WashingtonMonElevatorShaft01;06044728;1;0;;;;Architecture\WashingtonMonument\WashingtonMonElevatorShaft01.NIF;4628;No
MQ02ElevatorControl01BottomOutside;0604472B;1;0;Elevator Control;WashingtonMonumentElevatorLowerLevelOuterScript;;Architecture\WashingtonMonument\ElevatorControl01.NIF;25;No
WashElevatorDoor01Bottom;0604472D;1;0;;;;Architecture\WashingtonMonument\WashElevatorDoor01.NIF;123;No
MQ02ElevatorControlBottomInside;0604472F;1;0;Elevator Control;WashingtonMonumentElevatorLowerLevelInnerScript;;Architecture\WashingtonMonument\ElevatorControl01.NIF;25;No
MQ02ElevatorControlTopOutside;06044733;1;0;Elevator Control;MQ02ElevatorControlTopOutsideScript;;Architecture\WashingtonMonument\ElevatorControl01.NIF;25;No
MQ02ElevatorControlTopInside;06044734;1;0;Elevator Control;WashingtonMonumentElevatorLowerLevelOuterScript;;Architecture\WashingtonMonument\ElevatorControl01.NIF;25;No
WashElevatorDoor01Top;06044735;1;0;;;;Architecture\WashingtonMonument\WashElevatorDoor01.NIF;123;No
UtlDoorBigSciencePass;06044A35;1;0;Utility Gate;UtlDoorBigSciencePassScript;;Dungeons\Utility\Rooms\UtlDoorBg01.NIF;150;No
LDFFOverpassBattleEnableTrigger;060464A2;1;0;;LDFFOverpassBattleEnableSCRIPT;;;194;No
MQ08FawkesTrigger;0604692C;1;0;;MQ08FawkesTriggerScript;;;177;No
EvergreenMillsRaiderConversationTRIGGER;06048359;1;0;;EvergreenMillsRaiderConversationTriggerScript;;Triggers\TrigPlayerWall01.NIF;250;No
MQ04FailsafeEffects;0604C5A8;1;0;;MQ04FailsafeFXScript;;Effects\TranqMainFrameFX.NIF;233;No
MQ11LDPentagonFlybyTrig01b;0604C602;1;0;;MQ11LDPentagonFlybyTrig01bSCRIPT;;;773;No
MQ11LDVertibirdRoadControlTrig;0604C60A;1;0;;MQ11VertibirdRoadControlTrigSCRIPT;;;239;No
MQ11VertibirdLandingTrigger;0604C67E;1;0;;MQ11GenericVertibirdLandingSCRIPT;;;3376;No
EvergreenMillsBehemothDoorTrig;0604C680;1;0;;EvergreenMillsBehemothDoorTrigSCRIPT;;;287;No
MQ11Gate01ForceFieldRightGlow;0604C6FB;1;0;;MQ11Gate01ForcefieldSCRIPT;;Effects\ForceFieldFX\ForceFieldRightGlow02.NIF;1003;No
MQ11Gate02ForceFieldRightGlow;0604C6FE;1;0;;MQ11Gate02ForcefieldSCRIPT;;Effects\ForceFieldFX\ForceFieldRightGlow02.NIF;1003;No
MQ11Gate03ForceFieldRightGlow;0604C6FF;1;0;;MQ11Gate03ForcefieldSCRIPT;;Effects\ForceFieldFX\ForceFieldRightGlow02.NIF;1003;No
CitadelLookoutTRIG;0604DD62;0;0;;CitadelLookoutBattleSCRIPT;;;453;No
FriendshipChainActivator;0604E046;5;0;Switch;DefaultEnableLinkOnActivateSCRIPT;;Clutter\GenElecSwitch01.NIF;18;No
FriendshipChainActivatorDisable;0604E4BD;2;0;Switch;DefaultDisableLinkOnActivateSCRIPT;;Clutter\GenElecSwitch01.NIF;18;No
FXSprayJetAnim01;0604E4CF;6;0;;FXSprayJetAnimSCRIPT;;Effects\Ambient\FXSprayJetAnim01.NIF;272;No
MS18ElevatorPanel;0604EEFF;2;0;Destroyed Elevator Panel;MS18Statesman02ElevatorPanelSCRIPT;;Architecture\Urban\HotelRoof\HotelElevatorButton01.NIF;23;No
MS10HaroldsHeartNoDD;0604F23B;1;0;Harold's Heart;MS10HaroldsHeartScript;;Effects\FXHaroldHeart01.NIF;124;No
TriggerEnableLinkedRefPlayer;0604F382;16;0;;TrigPlayerEnableSCRIPT;;;455;No
ScavengerBarnPostMQ05;0604FAEF;1;0;;ScavengerBarnPostMQ05Script;;;1436;No
MS18ElevatorPanel02;060506D1;1;0;Destroyed Elevator Panel;MS18Statesman03ElevatorPanelSCRIPT;;Architecture\Urban\HotelRoof\HotelElevatorButton01.NIF;23;No
FFDCRockCreekIntern01;0605215A;0;0;Intern;;;Clutter\Skeleton\SkeletonTorsoMaleClothes.NIF;45;No
FFDCRockCreekIntern02;0605215B;0;0;Intern;;;Clutter\Skeleton\SkeletonWholeBodyClothed.NIF;80;No
FFDCRockCreekIntern03;0605215C;0;0;Intern;;;Clutter\Skeleton\SkeletonFemale50scasual.NIF;80;No
RaiderRaceControlScriptTrigger;060533AB;1;0;;RaiderRaceControlScriptTriggerSCRIPT;;;3057;No
GNRBehemothTrigger;060541D5;1;0;;GNRBehemothTriggerSCRIPT;;;1822;No
ArlingtonLibraryBathroomTrig;06054340;1;0;;ArlingtonLibraryBathroomScript;;;119;No
FFbaseballTRIG;06054465;1;0;;FFBaseballSCRIPT;;;241;No
VintageRadioGNR01;06054E8B;23;0;Radio;;;Clutter\VintageRadio\VintageRadio01.NIF;30;No
EvergreenMillsBehemothDoor02Trig;06054F35;1;0;;EvergreenMillsBehemothDoor02TrigSCRIPT;;;538;No
TLFlickerISMODScriptHolder;060553E7;0;0;;TranqFlickerEffectScript;;MarkerX.NIF;27;No
TranqExitDoorFX;060553EC;1;0;EXIT;TranquilityLaneExitDoorScript;;Effects\TranqExitDoorFX.NIF;157;No
MS10OasisArrivalTrigger;06056344;1;0;;;;;338;No
VDoorSlidingBroken01;060566D5;1;0;;;;Dungeons\Vault\Doors\VDoorSlidingBroken01.NIF;217;No
VSignUpperLevelFLICKER01;060566D6;1;0;;;;Dungeons\Vault\Signage\VSignUpperLevelFLICKER01.NIF;38;No
CG04AllenMackTrigger;060569B0;1;0;;CG04AllenMackTriggerSCRIPT;;;413;No
MQ04PodDad;060572D6;0;0;Tranquility Lounger;MQ04NonPlayerPodScript;;furniture\tlpodplayer01DC.nif;203;No
CG03AmataTeasingTrigger;06057AE6;1;0;;CG03AmataTeasingTriggerScript;;;268;No
CG04OverseersOfficeTrigger;06057E68;1;0;;CG04OverseersOfficeTriggerSCRIPT;;;0;No
DunwichPastTrigger01;060585EA;1;0;Gas Valve;DunwichPastTrigger01SCRIPT;;;187;No
Dunwich02PastManPrepTrig;0605862A;1;0;Gas Valve;Dunwich02PastManPrepTrigSCRIPT;;;108;No
Dunwich02MoverTrig01;06058666;1;0;Gas Valve;Dunwich02MoverTrig01SCRIPT;;;157;No
germPoliceHQ01SideDoorUnlock;06058B6B;1;0;;germPoliceHQ01SideDoorUnlockSCRIPT;;;170;No
PPurityDoorCycler;06058FE9;2;0;;MQ05AirlockSignSCRIPT;;Architecture\Urban\JeffersonMemorial\PPurityDoorCycler.NIF;37;No
Babybook01;060593B3;0;0;;;;Terminals\Babybook01.NIF;104;No
MotionDetector01;06059507;0;1;Motion Detector;TrapMotionSensorSCRIPT;;Traps\MotionDetector01.NIF;27;No
MQ11DummyArtilleryObject02;06059875;1;0;;MQ11DummyArtillery02SCRIPT;;;680;No
t87bLabScare;06059BA3;1;0;;87bLabScareSCRIPT;;;138;No
MQ04ChandelierTrigger;06059BAB;1;0;;MQ04ChandelierTriggerScript;;;80;No
MQ04MabelRadio;06059BB2;1;0;Radio;;;Clutter\VintageRadio\VintageRadio01.NIF;30;No
t87bGalleyRushLeft;06059BC3;1;0;;87bGalleyRushLeftSCRIPT;;;525;No
t87bGalleyRushRight;06059BC6;1;0;;87bGalleyRushRightSCRIPT;;;525;No
trig87bEntranceCharge;06059C56;1;0;;87bEntranceChargeSCRIPT;;;158;No
trig87bRoachRush;0605A47C;1;0;;87bRoachRushSCRIPT;;;154;No
FxFlashGrenade01;0605AC6E;0;1;Flash Bang Grenade;FXFlashBangGrenadeSCRIPT;;Effects\FxFlashGrenade01.NIF;19;No
MQ05CitadelUpdateTrigger;0605AE3D;1;0;;MQ05CitadelUpdateTriggerScript;;;351;No
MS12TenpennyDeadTrigger;0605C2ED;1;0;;MS12TenpennyDeadTriggerScript;;;372;No
MS12CorpseBasementTrigger;0605C2EE;1;0;;MS12TenpennyCorpseBasementTriggerScript;;;763;No
OasisBasinActivator;0605C6D1;1;0;Basin of Purification;MS10BowlScript;;Clutter\Oasis\OasisBasin.NIF;356;No
MQ02VirgoDish;0605CBE7;1;0;Virgo II Communications Dish;MQ02VirgoIIDishScript;;Vehicles\Virgo2Dish.NIF;69;No
LincolnBlock01;0605CC74;1;0;;;;Architecture\Urban\LincolnMemorial\LincolnBlock01.NIF;181;No
LincolnBlockRestored01;0605CC77;1;0;;;;Architecture\Urban\LincolnMemorial\LincolnBlockRestored01.NIF;181;No
RCExBridge1;0605D83B;1;0;;RCExBridge1SCRIPT;;Dungeons\Rivetcity\Exterior\RCExBridge.NIF;3431;No
RCLightRounded02;0605D83C;183;0;;;;Dungeons\Rivetcity\Lights\RCLightRounded02.NIF;14;No
SatCom01BombDelayTrig;0605DEBB;1;0;;SatComDelaySCRIPT;;;1398;No
RCIntCeilingVents;0605E064;3;0;;;;Dungeons\Rivetcity\Accessories\RCIntCeilingVents.NIF;206;No
MS06TempleBorder;0605F6FE;6;0;;MS06TempleBorderScript;;;789;No
MQ11PrimeNukeTrig01;0605FD34;0;1;;MQ11PrimeNukesSCRIPT;;;379;No
MQ11aPylonSmField768;060603E0;3;0;;MQ11EnergyFieldsSCRIPT;;Clutter\MQ11Pylons\MQ11PylonSmField768.NIF;396;No
MuseumTech01InteractiveButton01;06060433;1;0;Interactive Button;MQ02MuseumVaultTourTrigger05Script;;Clutter\GenElecSwitch01.NIF;18;No
MuseumTech01InteractiveButton02;06060439;1;0;Interactive Button;MQ02MuseumVaultTourTrigger06Script;;Clutter\GenElecSwitch01.NIF;18;No
MuseumTech01InteractiveButton03;0606043B;1;0;Interactive Button;MQ02MuseumVaultTourTrigger07Script;;Clutter\GenElecSwitch01.NIF;18;No
MQ02MuseumTourTrigger11;0606043E;2;0;;MuseumTech01TourDoorSCRIPT;;;226;No
BabyBookActivator;06061215;1;0;You're SPECIAL!;CG01SpecialBookSCRIPT;;Clutter\BabyBookSmall01.NIF;8;No
TheMallExplosionsTrigger02;060614D0;1;0;;TheMallExplosionsTrigger02SCRIPT;;;696;No
MuseumTechMainBoss01Enabler;0606185F;1;0;;MuseumTechMainBoss01EnablerSCRIPT;;;269;No
MuseumTechMainBoss02Enabler;06061861;1;0;;MuseumTechMainBoss02EnablerSCRIPT;;;269;No
MQ04RollerskateActivator;06061D95;1;0;Rollerskate;MQ04RollerskateActivatorScript;;Clutter\QuestItems\MQ04RollerSkatesAnimated.NIF;13;Yes
ParadiseFallsWarningTrigger;06061DAD;1;0;;ParadiseFallsWarningTriggerSCRIPT;;;1943;No
MQ11EndGateTrig;06061FA7;1;0;;MQ11EndGateSCRIPT;;;611;No
ShalebridgeAntPileActivator01a;060628DF;9;0;Large Ant Egg Pile;;;Clutter\AntEggClutch01a.NIF;75;No
ShalebridgeAntPileActivator02a;06062918;6;0;Large Ant Egg Pile;;;Clutter\AntEggClutch02a.NIF;83;No
WarringtonStationGuardTrigger;060629EE;1;0;;;;;598;Yes
tlHendSmokeDisable;06062AFD;1;0;;tlHendSmokeDisableSCRIPT;;;107;No
tlHendSmokeEnable;06062AFE;1;0;;tlHendSmokeEnableSCRIPT;;;107;No
MS15SydneyEntryTrigger;06063882;0;0;;MS15SydneyEntryTriggerScript;;Triggers\TrigPlayerWall01.NIF;250;No
MS15SetUpSydneyTrigger;0606416D;1;0;;MS15SydneyEntryTriggerScript;;;323;No
MS16AtriumDoorTrigger;06064170;1;0;;MS16DoorCloseTriggerSCRIPT;;;206;No
GeorgetownWildWestExplosion;0606437B;1;0;;GeorgetownWildWestExplosionSCRIPT;;;831;No
CG04RadroachSpawner;06064919;11;0;;CG04RadroachSpawnerSCRIPT;;;355;No
trigMVSRaiderAmbush;0606494C;1;0;;MVSSuperMutantRuinsSCRIPT;;;493;No
trigMVSRaiderPathers;06064954;1;0;;MVSRaiderSpawnSCRIPT;;;168;No
P51Mustang01;06064E3C;0;0;;;;Vehicles\Mustang.NIF;484;No
MuseumTechPlanetariumAmbushTrigger;060653C6;1;0;;MuseumTechPlanetariumAmbushTriggerSCRIPT;;;972;No
TheMallVertibirdTrigger01;0606596B;1;0;;TheMallVertibirdTrigger01SCRIPT;;;642;No
TheMallVertibirdTrigger02;0606596F;1;0;;TheMallVertibirdTrigger02SCRIPT;;;642;No
CG04ReactorLight1;060660CA;3;0;;CG04ReactorLightScript;;Dungeons\Vault\RoomU\Klaxon.NIF;77;No
MQ09RavenRockPARadio;06066FE3;3;1;Intercom;;;Dungeons\Vault\Accessories\VControlPanel03.NIF;21;No
CG04VaultDoorCloseTrig;06067946;1;0;;CG04VaultDoorCloseTrigScript;;;260;No
V106AppearingHallwayTrig;06068E4C;5;0;;V106AppearingHallwaySCRIPT;;;176;No
V106FlashbackHallTRIG;0606914A;3;0;;V106FlashbackHallSCRIPT;;;160;No
trigSpawnTrigger;0606919F;167;0;;SpawnTriggerSCRIPT;;;98;No
NukaRepairPod;0606934D;1;0;RobCo Industries Repair Pod;;;Clutter\ProtectronPod\ProtectronPod01.NIF;134;No
LLFrontGateFailsafeTrigger;06069CB8;1;0;;LLFrontGateFailsafeTriggerScript;;;260;No
Vault106RIMOD;0606A1F1;5;0;;scVault106RIMODSCRIPT;;;185;No
MQ05LDwaveTrig;0606AA2A;1;0;;MQ05ldEnclaveWaveSCRIPT;;;264;No
trapMinefieldShootCar02Trig;0606B5B5;2;0;;MinefieldSniperCar02ShotSCRIPT;;;322;No
trapMinefieldShootMine03Trig;0606B5C1;1;0;;MinefieldSniperMine03ShotSCRIPT;;;573;No
trapMinefieldShootTire01Trig;0606B5C8;1;0;;MinefieldSniperTire01ShotSCRIPT;;;281;No
trapMinefieldShootCar03Trig;0606B5CF;1;0;;MinefieldSniperCar03ShotSCRIPT;;;979;No
trapMinefieldShootMine05Trig;0606B5D6;1;0;;MinefieldSniperMine04ShotSCRIPT;;;456;No
MS16AmbushTriggerE;0606BC22;1;0;;MS16AmbushTriggerESCRIPT;;;192;No
MS16AmbushTriggerB;0606BC43;2;0;;MS16AmbushTriggerBSCRIPT;;;221;No
FFEU255DogmeatTrigger;0606C5C1;4;0;;FFEU255DogmeatTriggerSCRIPT;;;3874;No
Vault87GasTrapKillFawkes;0606D938;1;0;;Vault87GasTrapKillFawkesSCRIPT;;;405;No
Vault87TrapGasFire;0606DB5F;0;5;;Vault87TrapGasSCRIPT;;Traps\TrapGasFire01.NIF;255;No
CitadelPrimeVoiceEmitter;0606DD8B;0;0;;CitadelPrimeVoiceEmitterScript;;Clutter\Consoles\Intercom01.NIF;21;No
EvergreenMillsSlavePenTrigger;0606DDBA;2;0;;EvergreenMillsSlavePenTriggerSCRIPT;;;224;No
ParadiseFallsAttackTrigger;0606E8EA;3;0;;ParadiseFallsAttackTriggerSCRIPT;;;278;No
MonumentOscilloscope;0606EBF9;1;0;;;;Architecture\WashingtonMonument\Oscilloscope.NIF;44;Yes
MQ04PlayerPodActivationTrigger;0606F27F;1;0;;MQ04PlayerPodActivationTriggerScript;;;110;No
TrapElectrifiedToiletTop01;060707AB;13;1;Micro Fusion Cells;TrapToiletSCRIPT;;Traps\TrapElectrifiedToiletTop01.NIF;40;No
MQ08GECKFailsafe;06070885;1;0;;MQ08GECKFailsafeScript;;;359;No
MQ07RoryExitTrigger;06070BB8;1;0;;MQ07RoryExitTriggerScript;;;401;No
Vault101LoudspeakerDC;0607161C;10;0;Loudspeaker;;;Dungeons\Vault\Accessories\VControlPanel02.NIF;37;No
MQ09DisableControlsTrigger;06071729;1;0;;MQ09DisableControlsTriggerScript;;;245;No
MQ06LockControlsTrigger;06071962;3;0;;MQ06LockControlsTriggerScript;;;240;No
RavenRockExtVertibirdLandingTrigger;06072026;1;0;;RavenRockExteriorVertibirdTakingOffControlSCRIPT;;;196;No
RavenRockExtVertibirdTrigger01;06072028;0;0;;RavenRockExteriorVertibirdTakeOffSCRIPT;;;1475;No
MQ11SarahVoiceTrigger;060723D4;2;0;;MQ11SarahVoiceTriggerScript;;;217;No
MQ11VertibirdLandingJeffersonTrigger;060740A7;0;0;;GenericVertibirdLandingSCRIPT;;;880;No
MQ11JeffersonVertibirdLandingCONTROLTrigger;060740A9;1;0;;MQ11JeffersonVertibirdLandingControlSCRIPT;;;196;No
ForceFieldLeftGlow01NOSCRIPT;060740B3;0;0;;;;Effects\ForceFieldFX\ForceFieldLeftGlow01.NIF;658;No
ForceFieldRightNoGlow01NOSCRIPT;060740B5;0;0;;;;Effects\ForceFieldFX\ForceFieldRightNoGlow01.NIF;641;No
ForceFieldRightGlow01NOSCRIPT;060740B8;0;0;;;;Effects\ForceFieldFX\ForceFieldRightGlow01.NIF;658;No
ForceFieldLeftNoGlow01NOSCRIPT;060740B9;0;0;;;;Effects\ForceFieldFX\ForceFieldLeftNoGlow01.NIF;641;No
Vault106CUpsideDownRoomTRIG;060742A9;1;0;;Vault106CUpsideDownRoomSCRIPT;;;251;No
FFETriggerBNoVertibird;06074F88;13;2;;FFETriggerScript;;;2076;No
trig92bWhiteNoiseTimer;06074FE5;1;0;;vault92bWhiteNoiseTimersSCRIPT;;;43;No
PrintingPress01;06075D24;1;0;Pre-War Printing Press;PrintingPressSCRIPT;;Clutter\QuestItems\MQ03PrintingPress01.NIF;432;No
PrintingPressTread;06075D27;1;0;Printing Press Tread;;;Clutter\QuestItems\MQ03PrintingPressTread01.NIF;336;No
TrigJohnnyWesTarget01;0607602B;1;0;;TrigJohnnyWesTarget01SCRIPT;;;154;No
TrigJohnnyWesStop;06076040;2;0;;TrigJohnnyWesStopSCRIPT;;;206;No
TrigJohnnyWesTarget02;0607604F;1;0;;TrigJohnnyWesTarget02SCRIPT;;;236;No
TrigJohnnyWesTarget03;06076051;1;0;;TrigJohnnyWesTarget03SCRIPT;;;215;No
MuseumTechMainBoss01bEnabler;0607616D;1;0;;MuseumTechMainBoss01bEnablerSCRIPT;;;228;No
VintageRadioEnclave01STARTON;060770C4;40;0;Radio;VintageRadioStartOnSCRIPT;;Clutter\VintageRadio\VintageRadio01.NIF;30;No
YaoGuaiDenAmbusherTrig;060775C5;1;0;;YaoGuaiDenAmbusherScript;;;203;No
FFRaiderCamp01TRIG;06078735;1;0;;FFRaiderCamp01SCRIPT;;;269;No
MQ11PrimeNukeTrig02;06078822;0;1;;MQ11PrimeNukesSCRIPT;;;414;No
HaroldTalkTrigger;06078CAE;1;0;;HaroldTalkTriggerScript;;;100;Yes
MS11and12DialogStartTrigger;0607921B;0;0;;MS11and12DialogStartTriggerScript;;;316;No
TranqExitFailsafeFX;06079220;1;0;;MQ04FailsafeFXScript;;Effects\TranqExitDoorFX.NIF;157;No
MQ04Diary;060792AD;1;0;Janet Rockwell's Diary;MQ04DiaryScript;;Clutter\Books\BookGeneric03.NIF;11;No
MS18AlternateQuestTrigger;06079B22;1;0;;MS18AlternateQuestTriggerScript;;;303;No
MQ11SarahFollowTrigger;0607B6C5;1;0;;MQ11SarahFollowTriggerScript;;;3565;No
CapitolBuildingBehemothHideTrigger01;0607B91B;1;0;Gas Valve;TrigCapitolBuildingBehemothHide01SCRIPT;;;492;No
CapitolBuildingBehemothHideTrigger02;0607B92D;2;0;Gas Valve;TrigCapitolBuildingBehemothHide02SCRIPT;;;435;No
CapitolBuildingBehemothHideTrigger03;0607B94F;1;0;Gas Valve;TrigCapitolBuildingBehemothHide03SCRIPT;;;610;No
CapitolBuildingBehemothHideTrigger04;0607B958;1;0;Gas Valve;TrigCapitolBuildingBehemothHide04SCRIPT;;;541;No
CapitolFatmanShoot02TRIG;0607B9DC;1;0;;CapitolBuildingFatmanShoot02SCRIPT;;;408;No
trigJabscoEquip;0607BDA1;0;0;;fortBJabscoEquipSCRIPT;;;93;No
fortBJabscoAmbushEnd;0607BDA2;0;0;;fortBJabscoAmbushEndSCRIPT;;;431;No
MS16VaultDoorCloseTrigger;0607C30A;1;0;;MS16VaultDoorCloseTrigScript;;;260;No
MQ11LDGate01DummyTrigq;0607C882;1;0;;MQ11Gate01DummySCRIPT;;;634;No
MQ11g02DummyTrig;0607C8F9;1;0;;MQ11Gate02DummySCRIPT;;;337;No
MQ11g03DummyTrig;0607CA2D;1;0;;MQ11Gate03DummySCRIPT;;;455;No
PPTubes01;0607CBFE;9;0;;;;Architecture\Urban\JeffersonMemorial\PPTubes01.NIF;515;No
YaoGuaiDen02Enter01;0607DD43;1;0;;YaoGuaiDen02Enter01Script;;;363;No
YaoGuaiDen02Enter02;0607DDD8;1;0;;YaoGuaiDen02Enter02Script;;;363;No
YaoGuaiDenRunnerTrig;0607E1D4;1;0;;YaoGuaiDenRunnerScript;;;434;No
MS09FamilyFailsafeTrigger;0607E1D9;1;0;;MS09FamilyFailsafeTriggerScript;;;171;No
TrigJohnnyWesTarget04;0607E366;1;0;;TrigJohnnyWesTarget04SCRIPT;;;336;No
TrigGeorgetownMutantDisable;0607E423;1;0;;TrigGeorgetownMutantDisableScript;;;646;No
TrigGeorgetownMutantEnable;0607E426;1;0;;TrigGeorgetownMutantEnableScript;;;928;No
Vault106BossMods;0607E455;0;0;;scVault106RIMODSCRIPT;;;230;No
vault106BossRoomiMods;0607E456;1;0;;vault106BossRoomiModsSCRIPT;;;237;No
MQ11CitCraneTrigger;0607E48D;1;0;;MQ11CitCraneTriggerScript;;;449;No
CG03AmataMoveTrigger;0607E494;1;0;;CG03AmataMoveTriggerScript;;;197;No
FFRadioSignal01Switch01;0607E5DF;1;1;Electrical Switch;FFRadioSignalSCRIPT;;Clutter\ElectricalSwitch.NIF;65;No
EvergreenMillsElectricalSwitch01;0607E646;1;0;Electrical Switch;EvergreenMillsElectricalSwitch01SCRIPT;;Clutter\ElectricalSwitch02.NIF;25;No
MQ07SlaverPenTrigger;0607E6D2;1;0;;MQ07SlaverPenTriggerScript;;;368;No
HubrisComics02DoorUnlockTrig;0607E6F9;1;0;Gas Valve;HubrisComics02DoorUnlockTrigSCRIPT;;;511;No
MQ11LDtrigGeneral;0607FC29;48;0;;MQ11LDMasterTriggerSCRIPT;;;659;No
CG01DadTrigger;06081984;1;0;;CG01DadTriggerSCRIPT;;Triggers\TrigPlayerWall01.NIF;250;Yes
FFHamRadio02;060842BC;1;1;Radio Signal Oscar Zulu;FFRadioSignalSCRIPT;;Clutter\HamRadio\hamradio.NIF;40;No
FFHamRadio03;060842CA;1;1;Radio Signal Alfa Lima;FFRadioSignalSCRIPT;;Clutter\HamRadio\hamradio.NIF;40;No
FFHamRadio04;060842FC;1;1;Radio Signal Echo Foxtrot;FFRadioSignalSCRIPT;;Clutter\HamRadio\hamradio.NIF;40;No
FFHamRadio05;060842FD;1;1;Radio Signal Oscar Tango;FFRadioSignalSCRIPT;;Clutter\HamRadio\hamradio.NIF;40;No
FFHamRadio06;060842FE;1;1;Radio Signal Sierra Romeo;FFRadioSignalSCRIPT;;Clutter\HamRadio\hamradio.NIF;40;No
FFHamRadio07;060842FF;1;1;Radio Signal Yankee Bravo;FFRadioSignalSCRIPT;;Clutter\HamRadio\hamradio.NIF;40;No
FFHamRadio08;06084303;1;1;Radio Signal Sierra Victor;FFRadioSignalSCRIPT;;Clutter\HamRadio\hamradio.NIF;40;No
FFHamRadio09;06084304;1;1;Radio Signal Papa November;FFRadioSignalSCRIPT;;Clutter\HamRadio\hamradio.NIF;40;No
EcvControlRoomZaxFEVPanel01;0608443F;1;0;ZAX Panel;MQ09RRFEVPanelScript;;Dungeons\Enclave\Custom\EcvControlRoomZaxFEVPanel01.NIF;83;No
IndRmSmMechanistEntranceGear2;060864A5;0;0;Mechanist Gear 2;;;Dungeons\Industrial\Rooms\IndRmSmMechanistEntranceGear2.NIF;17;No
IndRmSmMechanistEntranceGear1;060864A6;1;0;Door Gear;;;Dungeons\Industrial\Rooms\IndRmSmMechanistEntranceGear1.NIF;17;No
MS17VaultTecMainframe01;06086813;1;0;Vault-Tec Mainframe;MS17MainframeScript;;Clutter\Consoles\Mainframe01.NIF;207;No
SatCom01BossTrig;060889E7;1;0;;SatCom01BossSCRIPT;;;153;Yes
MQ11DummyArtilleryObjectDC;06088AE9;1;0;;MQ11DummyArtillerySCRIPT;;;850;No
vault106FatherWalk1;06088FEB;1;0;;vault106FatherWalk1SCRIPT;;;132;No
Vault106CBossFightFacesTRIG;06089040;1;0;;Vault106CBossFightFacesSCRIPT;;;202;No
vault106FatherWalk3;060892BC;1;0;;vault106FatherWalk3SCRIPT;;;161;No
vault106FatherWalk1DoorClose;060892C1;3;0;;vault106FatherWalk1DoorCloseSCRIPT;;;127;No
vault106MushRoomSignsOfLife;060892CA;1;0;;vault106MushRoomSignsOfLifeSCRIPT;;;185;No
MQ11Vertibird01Dummy;06089C4E;2;0;;MQ11Vertibird01DummySCRIPT;;;591;No
CG01Toy01;0608A3C4;1;0;;CG01TeddyBear01SCRIPT;;Clutter\QuestItems\CG01Rattle01.NIF;10;No
CG01Toy02;0608A3C5;1;0;;CG01TeddyBear01SCRIPT;;Clutter\TeddyBear\TeddyBear01.NIF;19;No
CG01Toy03;0608A3C6;1;0;;CG01TeddyBear01SCRIPT;;Clutter\Junk\ToyCar01.NIF;9;No
CG01Toy04;0608A3C7;1;0;;CG01TeddyBear01SCRIPT;;Clutter\QuestItems\CG02ToyBlocks.NIF;8;No
MQ11PrimeCraneTriggerThing;0608C6B4;1;0;;MQ11PrimeCraneTriggerScript;;Architecture\Urban\Block01.NIF;86;No
ForceFieldLeftGlow01;0608C7E1;15;0;;MQ11FieldFXDaisyChainSCRIPT;;Effects\ForceFieldFX\ForceFieldLeftGlow01.NIF;658;No
ForceFieldLeftImpact01;0608C7E3;42;0;;ForceFieldImpactReactionScript;;Effects\ForceFieldFX\ForceFieldLeftImpact01.NIF;688;No
ForceFieldRightImpact01;0608C7E4;51;0;;ForceFieldImpactReactionScript;;Effects\ForceFieldFX\ForceFieldRightImpact01.NIF;690;No
ForceFieldRightGlow01;0608C7E5;13;0;;MQ11FieldFXDaisyChainSCRIPT;;Effects\ForceFieldFX\ForceFieldRightGlow01.NIF;658;No
ForceFieldLeftNoGlow01;0608C7E6;6;0;;MQ11FieldFXDaisyChainSCRIPT;;Effects\ForceFieldFX\ForceFieldLeftNoGlow01.NIF;641;No
ForceFieldRightNoGlow01;0608C7E7;8;0;;MQ11FieldFXDaisyChainSCRIPT;;Effects\ForceFieldFX\ForceFieldRightNoGlow01.NIF;641;No
VProjectorGOATSlides01;0608F05A;2;0;;CG03GoatSlidesSCRIPT;;Dungeons\Vault\Room\VProjectorGOATSlides01.NIF;4491;No
MQ11BaileyMasterEnable;060920D2;1;0;;MQ11PrimeCraneTriggerScript;;Architecture\Urban\Block01.NIF;86;No
MS01StickyGoodbyeTrigger;06093644;1;0;;MS01StickyGoodbyeTriggerScript;;;164;No
vault92bFlameJetTrig;0609374A;1;0;;vault92bFlameJetTimerSCRIPT;;;41;No
FFRadioSignal02Switch01;06093BAC;1;1;Electrical Switch;FFRadioSignalSCRIPT;;Clutter\ElectricalSwitch02.NIF;25;No
MS06LincolnGunDisplayCase;06093BB3;2;0;Display Case;;;Clutter\QuestItems\LincolnGunDisplay.NIF;66;No
MS09RobertPackageTrigger;060946D3;1;0;;MS09RobertPackageTriggerScript;;;333;No
FFEnclaveEncampment03Trig;06096356;1;0;;FFEnclaveEncampment03Script;;;181;No
FollowersHireFawkesTrigger01;06097B1E;1;0;;FollowersHireFawkesTrigger01SCRIPT;;;976;No
FFMutantCamp01TRIGGER;06097F41;1;0;;FFSuperMutantCamp01SCRIPT;;;237;No
VEmergencyLightSconce01;06098667;36;0;;;;Dungeons\Vault\Lights\VEmergencyLightSconce01.NIF;27;No
MQ04Gnome;0609A1F9;1;0;Timmy The Gnome;;;Clutter\GardenGnome\GardenGnome.NIF;30;No
MQ04SkateTrigger;0609A1FB;1;0;;MQ04SkateTriggerScript;;;119;No
PFallsTheBox;0609D242;1;0;The Box;PFallsBoxScript;;Architecture\Urban\StreetDressing\PortaShelter01.NIF;169;No
PPurityFEVPanel01;0609D416;2;0;Auxiliary Filtration Input;MQAPanelScript;;Clutter\QuestItems\PPurityFEVPanel01.NIF;84;Yes
PPurityKeypad05;0609D417;2;0;5;PPControlPanel5KeyScript;;Clutter\QuestItems\PPurityKeypad05.NIF;5;No
PPurityKeypad06;0609D418;2;0;6;PPControlPanel6KeyScript;;Clutter\QuestItems\PPurityKeypad06.NIF;5;No
PPurityKeypad07;0609D419;2;0;7;PPControlPanel7KeyScript;;Clutter\QuestItems\PPurityKeypad07.NIF;5;No
PPurityKeypad08;0609D41A;2;0;8;PPControlPanel8KeyScript;;Clutter\QuestItems\PPurityKeypad08.NIF;5;No
PPurityKeypad09;0609D41B;2;0;9;PPControlPanel9KeyScript;;Clutter\QuestItems\PPurityKeypad09.NIF;5;No
PPurityKeypad10;0609D41C;2;0;0;PPControlPanel0KeyScript;;Clutter\QuestItems\PPurityKeypad10.NIF;4;No
PPurityKeypadEnter;0609D41E;1;0;Enter;MQ11PPurityControlPanelScript;;Clutter\QuestItems\PPurityKeypadEnter.NIF;10;Yes
PPurityKeypad01;0609D41F;2;0;1;PPControlPanel1KeyScript;;Clutter\QuestItems\PPurityKeypad01.NIF;4;No
PPurityKeypad02;0609D420;2;0;2;PPControlPanel2KeyScript;;Clutter\QuestItems\PPurityKeypad02.NIF;4;No
PPurityKeypad03;0609D421;2;0;3;PPControlPanel3KeyScript;;Clutter\QuestItems\PPurityKeypad03.NIF;4;No
PPurityKeypad04;0609D422;2;0;4;PPControlPanel4KeyScript;;Clutter\QuestItems\PPurityKeypad04.NIF;5;No
FairfaxValve01;0609D95A;1;0;Gas Valve;FairfaxGasValve01SCRIPT;;Architecture\Wasteland\WaterTowerPipes01.NIF;199;No
zFairfaxSewerAshTrayTrig;0609D9CA;1;0;Gas Valve;zFairfaxSewerAshTrayTrigSCRIPT;;;284;No
SuperDuperMartIntercom;0609D9EF;3;0;Intercom Speaker;;;Clutter\QuestItems\MS17LoudSpeakers01.NIF;142;No
SuperDuperMartIntercomTRIG;0609DC6D;1;0;Gas Valve;SuperDuperMartIntercomScript;;;235;No
SuperDuperMartIntercomMicrophone;0609DEE3;1;0;Intercom;;;Clutter\HamRadio\hamradio.NIF;40;No
MS01MutantConvTrigger;0609E895;1;0;;MS01MutantConvTriggerScript;;;83;No
CapitolFatmanShootTRIG;0609E8F7;1;0;;CapitolBuildingFatmanShoot01SCRIPT;;;387;No
TriggerActivateOnTrigger;0609E9F0;15;0;;GenericActivateOnTriggerScript;;;343;No
CG02CakeTrigger;0609FB07;1;0;;CG02CakeTriggerScript;;Triggers\TrigPlayerWall01.NIF;250;Yes
TheMallExplosionsTrigger;060A081E;1;0;;TheMallExplosionsTriggerSCRIPT;;;151;No
TheMallTrenchExplosionsTrigger;060A09E3;1;0;;TheMallTrenchExplosionTriggerSCRIPT;;;316;No
NtnlArchivesRotundaEffectsTurnOnTrigger;060A0A7E;1;0;;NtnlArchivesRotundaFXOnScript;;;1128;No
NtnlArchivesRotundaEffectsTurnOffTrigger;060A0A81;1;0;;NtnlArchivesRotundaFXOffScript;;;290;No
MuseumPlaque01;060A0E78;13;0;;;;Architecture\Urban\MuseumRotunda\MuseumPlaque01.NIF;50;No
MS15MuseumActivator06;060A120E;0;0;Insert one Cap or Museum Token;MS15MuseumTalkBox05ScriptNEW;;Architecture\Urban\StreetDressing\ParkingMeter01.NIF;65;No
CG01Toy05;060A1391;1;0;;CG01TeddyBear01SCRIPT;;Clutter\Toys\Ball01.NIF;23;No
VHappyMaker01;060A1B20;19;0;;;;Dungeons\Vault\Accessories\VHappyMaker01.NIF;43;No
MQ05FloodControlPumpSwitch;060A1B36;2;0;Flood Control Power Switch;MQ05FloodControlPumpScript;;Clutter\GenElecSwitch01.NIF;18;No
LLFrontGateTrigger;060A1C1D;1;0;;LLFrontGateTriggerScript;;;225;No
RavenRock01VertibirdIdleTrigger;060A3418;1;0;;RavenRock01VertibirdIdleTriggerSCRIPT;;;305;No
ForgeProtectronPod01;060A442A;1;0;;ForgeProtectronPod01Script;;Clutter\ProtectronPod\ProtectronPod01.NIF;134;No
ForgeProtectronPod02;060A4431;1;0;;;;Clutter\ProtectronPod\ProtectronPod01.NIF;134;No
ForgeProtectronPod03;060A4433;3;0;;ForgeProtectronPod03Script;;Clutter\ProtectronPod\ProtectronPod01.NIF;134;No
ForgeProtectronPod04;060A443D;1;0;;ForgeProtectronPod04Script;;Clutter\ProtectronPod\ProtectronPod01.NIF;134;No
ForgeProtectronPod05;060A4465;1;0;;ForgeProtectronPod05Script;;Clutter\ProtectronPod\ProtectronPod01.NIF;134;No
ForgeActorFatigueTrigger;060A44EA;1;0;;ForgeActorFatigueTriggerSCRIPT;;;91;No
ForgeRepairMainDoorTrigger01;060A44EE;1;0;;ForgeRepairMainDoorSCRIPT;;;322;No
Forge01EmergencyPulseControl;060A4948;1;0;;Forge01EmergencyPulseControlSCRIPT;;;29;No
Forge03ElevatorTrigger;060A5C8B;1;0;;Forge03ElevatorTriggerSCRIPT;;;216;No
MQ08SuperMutantConvo1;060A5F42;1;0;;MQ08SuperMutantConvo1Script;;;209;No
MQ08SuperMutantConvo2;060A5F47;1;0;;SpawnTriggerSCRIPT;;;133;No
TrigRHSSettlerDeath;060A60E9;1;0;;TrigRHSSettlerDeathScript;;;144;No
ForgeActorFatigue02Trigger;060A67A5;1;0;;ForgeActorFatigue02TriggerSCRIPT;;;270;No
JukeBoxCleanVault101DC;060A6FFA;3;0;;;;Clutter\JukeBox\JukeBoxClean01.NIF;83;No
Vault106HeadExplodeyTRIG;060A7888;1;0;;Vault106AmataHallSCRIPT;;;166;No
BobbleheadDisplayTenpenny;060A8ED8;1;0;Bobblehead Collector's Stand;BobbleheadDisplayTenpennyScript;;Clutter\BobbleHead\BobbleHeadCase.NIF;190;No
MQ05EnclaveSceneControlTRIG;060A9332;1;0;;MQ05EnclaveSceneSCRIPT;;;335;No
GenElecSwitch02;060A9E63;8;0;Switch;;;Clutter\GenElecSwitch02.NIF;14;No
GenElecSwitch01;060A9E64;25;0;Switch;;;Clutter\GenElecSwitch01.NIF;18;No
LenfantOutcastWalkTrigger;060AA7B0;1;0;;LenfantMutantMoveScript;;;2328;No
ForceFieldLeftImpact02;060AAE4B;4;0;;ForceFieldImpactReactionScript;;Effects\ForceFieldFX\ForceFieldLeftImpact02.NIF;614;No
ForceFieldRightNoGlow02;060AAE4F;0;0;;OnLoadPlayForwardSCRIPT;;Effects\ForceFieldFX\ForceFieldRightNoGlow02.NIF;567;No
StatesmanHotelRoofTrigger01;060AB535;1;0;;StatesmanHotelRoofTrigger01SCRIPT;;;1419;No
OasisCaveUnlockTrigger;060AB6FD;2;0;;GenericUnlockLinkedRefOnTrigger;;;359;No
LDWonderMeatMaker;060ABF46;1;0;Wonder Meat Maker;LDWonderMeatMakerSCRIPT;;Clutter\QuestItems\MS04MutagenTank01.NIF;75;No
CG04ExitRoomTrigger;060ABF96;2;0;;CG04ExitRoomTriggerSCRIPT;;;130;No
OurLadyHopeMutantMineTrigger;060AC5F1;1;0;;OurLadyHopeMutantMineTriggerSCRIPT;;;339;No
MQ05VertibirdLandACT;060AE06F;2;1;;DefaultPlaygroupForwardOnLoad;;Vehicles\VertibirdMQ05PPLanding.NIF;9558;No
HazmatMutantTravelerTrig;060AE873;1;0;;HazmatMutantTravelerScript;;;227;No
RR03TrigStartConversation01;060AEB32;0;0;;RR03TrigStartConversation01SCRIPT;;;235;No
RavenRock01BarricadeTrigger;060AEBE9;1;0;;RavenRock01BarricadeTriggerSCRIPT;;;301;No
RavenRock01SentryTrigger;060AEC27;1;0;;RavenRock01SentryTriggerSCRIPT;;;272;No
RavenRock01Vertibird01Trigger;060AEC38;1;0;;RavenRock01Vertibird01TriggerSCRIPT;;;273;No
RavenRock01Vertibird02Trigger;060AEC3E;1;0;;RavenRock01Vertibird02TriggerSCRIPT;;;276;No
RavenRock01Vertibird03Trigger;060AEC42;1;0;;RavenRock01Vertibird03TriggerSCRIPT;;;777;No
RavenRock01Barricade02Trigger;060AEC63;1;0;;RavenRock01Barricade02TriggerSCRIPT;;;301;No
RavenRockTurretCeiling02Trigger;060AED76;1;0;;RavenRockTurretCeiling02TriggerSCRIPT;;;300;No
RavenRockPlasmaGrenadeExplosion01;060AED7A;1;0;;RavenRockPlasmaGrenadeExplosion01SCRIPT;;;301;No
MS18ElevatorRoofPanel;060AF491;1;0;Elevator Panel;MS18ElevatorRoofPanelScript;;Clutter\QuestItems\MS18ElevatorPanel01.NIF;80;No
RavenRockDoor01Trigger;060AF5C4;1;0;;RavenRockDoor01TriggerSCRIPT;;;345;No
RavenRockDoor02Trigger;060AF5C9;1;0;;RavenRockDoor02TriggerSCRIPT;;;336;No
RavenRockDoor03Trigger;060AF5D3;1;0;;RavenRockDoor03TriggerSCRIPT;;;316;No
RavenRockMissileTrigger;060AF5EF;1;0;;RavenRockMissileTriggerSCRIPT;;;304;No
RavenRockMissileTrigger02;060AF5F6;1;0;;RavenRockMissileTrigger02SCRIPT;;;327;No
RavenRockMissileTrigger03;060AF5F9;1;0;;RavenRockMissileTrigger03SCRIPT;;;318;No
MQ05LiTaftWaveTrigger;060AF6B8;1;0;;MQ05LiTaftWaveTriggerScript;;;172;No
MQ05TaftLiForceGreetTrigger;060AF6C0;1;0;;MQ05TaftLiForceGreetTriggerScript;;;343;No
MS18LastTrigger;060AFC3D;1;0;;MS18FinTriggerScript;;;203;No
StatesmanRoofMutantTrigger;060B02F3;1;0;;StatesmanRoofMutantTriggerSCRIPT;;;877;No
StatesmanRoofMutantTrigger02;060B02F8;1;0;;StatesmanRoofMutantTrigger02SCRIPT;;;433;No
EnclaveCamp14VertibirdTrigger;060B060E;1;0;;EnclaveCamp14VertibirdScript;;;1938;No
TLpodBroken;060B06D4;1;0;Broken Tranquility Lounger;MQ04BrokenPodScript;;furniture\tlpodplayer01DC.nif;196;No
ArgyleTrigger;060B07A7;1;0;;ArgyleTriggerScript;;;105;No
Vault106HEEnd;060B07D2;1;0;;Vault106HEEndSCRIPT;;;184;No
WoodenSwitch;060B1615;0;0;Switch;;;Dungeons\Caves\Lamplight\WoodenSwitch.NIF;18;No
RavenRockTrapLaserTripwire;060B16E1;9;1;Laser Tripwire;RavenRockTrapLaserTripwireSCRIPT;;Traps\LaserTripwire01-512.NIF;256;No
RavenRockTriggerEnableNotInCombat;060B173C;2;0;;RavenRockTriggerEnableNotInCombatSCRIPT;;;209;No
MQ11AirlockControl1;060B1945;1;0;Airlock Control;MQ11AirlockControlPanelScript;;Clutter\GenElecSwitch01.NIF;18;No
DefaultFrenzyLinkedRefOnLoad;060B2539;1;0;;FortCTurretHurterSCRIPT;;;69;No
WarringtonStationUnlockTrigger;060B295A;1;0;;WarringtonStationUnlockTriggerSCRIPT;;;494;No
DefaultEnableLinkedRef;060B295D;15;0;;DefaultEnableLink1xSCRIPT;;;218;No
MQ05GhoulAttackonCheckpointTRIG;060B299B;1;0;;MQ05TaftCheckpointAttackSCRIPT;;;290;No
PinkertonDoorSwitch;060B2D8F;1;0;Lock Mechanism Switch;PinkertonDoorUnlockSwitchScript;;Clutter\ElectricalSwitch.NIF;65;No
MamaDolceExtGuardTrig;060B309B;2;0;;MamaDolceExtGuardScript;;;318;No
MamaDolceExtPatrolTrig;060B30A6;4;0;;MamaDolceExtPatrolScript;;;149;No
TLpod01;060B364C;2;0;Tranquility Lounger;MQ04DadPodScript;;furniture\tlpodplayer01DC.nif;196;No
DrinkSinkMetal;060B39A3;33;0;Sink;;d4BadWater10r20h;Clutter\Bathroom\SinkMetalR01.NIF;56;No
MS15SydneyTriggerStage03;060B423D;1;0;;MS15SydneyTrigger03Script;;;474;No
MS15SydneyTriggerStage02;060B423F;1;0;;MS15SydneyTrigger02Script;;;273;No
MS15SydneyTriggerStage04;060B4241;1;0;;MS15SydneyTrigger04Script;;;599;No
MS15SydneyTriggerStage05;060B4243;1;0;;MS15SydneyTrigger05Script;;;953;No
MS15OverlookTrigger;060B4247;1;0;;MS15OverlookTriggerScript;;;229;No
MS15SydneyWrongWayTrigger;060B4251;1;0;;MS15SydneyWrongWayTriggerScript;;;217;No
MamaDolcesDoorTrig;060B425A;1;0;;MamaDolceDoorTrigScript;;;659;No
MQ05VictimSceneTrig;060B5C4F;1;0;;MQ05TaftVictimSCRIPT;;;213;No
MS03SpawningBall02;060B5C8F;0;0;Mirelurk Spawning Ball;MS03SpawningBallScript;;Clutter\MirelurkEggClutch02.NIF;152;No
MS03SpawningBall03;060B5C90;0;0;Mirelurk Spawning Ball;MS03SpawningBallScript;;Clutter\MirelurkEggClutch03.NIF;91;No
MQ05WaveRoomPartyWait;060B8764;1;0;;MQ05TaftWaitforPartySCRIPT;;;1381;No
MQ05TaftEnclaveBarkTRIG;060B876A;1;0;;MQ05TaftEnclaveBark01SCRIPT;;;177;No
ArlingtonLibraryBoSTrig01;060B9ADA;2;0;;ArlingtonLibraryBoSScript01;;;291;No
ArlingtonLibraryBoSTrig02;060B9AF3;1;0;;ArlingtonLibraryBoSScript02;;;254;No
ArlingtonLibraryBoSTrig03;060B9B20;1;0;;ArlingtonLibraryBoSScript03;;;134;No
ArlingtonLibraryBoSTrig04;060B9B3D;1;0;;ArlingtonLibraryBoSScript04;;;258;No
ArlingtonLibraryBoSTrig05;060B9B6E;1;0;;ArlingtonLibraryBoSScript05;;;246;No
ArlingtonLibraryBoSTrig06;060B9B71;1;0;;ArlingtonLibraryBoSScript06;;;200;No
ArlingtonLibraryBoSTrig07;060B9B77;1;0;;ArlingtonLibraryBoSScript07;;;192;No
EcvVertiHangarPlatform01;060BA166;3;0;;;;Dungeons\Enclave\Custom\EcvVertiHangarPlatform01.NIF;1023;No
FXFlyingRocks01;060BA3F9;0;1;;OnLoadDamageSelf5Script;;Effects\FXFlyingRocks01.NIF;151;No
MQ05FollowerCatchupTRIG;060BADE8;1;0;;MQ05FollowerCatchupTrigSCRIPT;;;305;No
ArlingtonLibraryBoSTrig08;060BAE88;1;0;;ArlingtonLibraryBoSScript08;;;212;No
PennAveMissileFireTrigger;060BB125;1;0;;PennAveMissileFireTriggerSCRIPT;;;142;No
PennAveExplosion01Trigger;060BB13A;1;0;;PennAveExplosion01TriggerSCRIPT;;;142;No
PAAvezDCint08aTrigger;060BB1E8;1;0;;PAAvezDCint08aTriggerScript;;;40;No
RavenRockExteriorControlTrigger;060BB26C;1;0;;RavenRockExteriorControlTriggerSCRIPT;;;1362;No
CG01NukaTruck;060BB633;1;0;;;;Clutter\QuestItems\NukaTruck01.NIF;23;No
RavenRockExteriorStage1Trigger;060BB9BF;1;0;;RavenRockExteriorStage1TriggerSCRIPT;;;674;No
TaftTunnel02Dummy;060BB9F5;1;0;;TaftTunnel02DummySCRIPT;;;609;No
RavenRockExteriorDoorTrigger;060BC2C3;1;0;;RavenRockExteriorDoorTriggerSCRIPT;;;258;No
FranklinEnableTrigger;060BC445;2;0;;FranklinTenPercentEnableTriggerSCRIPT;;;684;No
MS10CeremonyAreaTrigger;060BCDA9;1;0;;MS10CeremonyAreaTriggercScript;;;614;No
MQ09EdenForceGreetTrigger;060BCE46;1;0;;MQ09EdenForcegreetTriggerScript;;;152;No
EnclaveCamp19VertibirdTrigger;060BE8AE;1;0;;EnclaveCamp19VertibirdScript;;;391;No
FFEnclaveEncampment22trig;060BF6DF;1;0;;EnclaveCamp22VertibirdScript;;;1234;No
MegatonGateTrigger;060BF788;1;0;;MegatonGateTriggerSCRIPT;;;359;No
MS15MuseumPlaquePrize01;060BFFAD;0;0;National Archives Guess And Win!;;;Architecture\Urban\MuseumRotunda\MuseumPlaque01.NIF;50;No
MS15MuseumPlaqueRedeem01;060BFFAE;0;0;National Archives Prize Redemption;;;Architecture\Urban\MuseumRotunda\MuseumPlaque01.NIF;50;No
MS15BackupPod;060C053C;1;0;;MS15BackupPodScript;;Clutter\ProtectronPod\ProtectronPod01.NIF;134;No
SewardSqTalonFight01ControlTrigger;060C0C8D;1;0;;SewardSqTalonFight01ControlTriggerSCRIPT;;;247;No
SewardSqTalonFight01Switch01;060C0C93;1;0;Switch;SewardSqTalonFight01Switch01SCRIPT;;Clutter\GenElecSwitch01.NIF;18;No
Vault87GasTrapCell;060C1111;4;0;;Vault87GasTrapKillSCRIPT;;;422;No
LEnfantEnclaveDropTrig;060C1910;1;0;;LEnfantEnclaveDropScript;;;3428;No
EnclaveCamp30VertibirdLandTrig;060C199B;1;0;;EnclaveCamp30VertibirdLandScript;;;354;No
EnclaveCamp30InitTrig;060C19A0;1;0;;EnclaveCamp30InitScript;;;356;No
MS04ReturnTrigger;060C229C;1;0;;MS04ReturnTriggerScript;;;334;No
FFRadioCache05RaiderTrig;060C291B;1;0;;FFRadioCache05RaiderScript;;;493;No
MS04ShelterDoorTrigger;060C3125;1;0;;MS04ShelterDoorTriggerScript;;;860;No
FFRaiderCamp13Trig;060C34DD;1;0;;FFRaiderCamp13Script;;;477;No
FFRaiderCamp05IntTrig;060C39DC;1;0;;FFRaiderCamp05IntScript;;;487;No
MQ02MuseumPlaqueStealth01;060C3CDB;2;0;RobCo Stealth Boy 3001 Description;MQ02MuseumPlaqueStealth01Script;;Architecture\Urban\MuseumRotunda\MuseumPlaque01.NIF;50;No
EnclaveCamp31VertibirdLandTrig;060C45A9;1;0;;EnclaveCamp31VertibirdLandScript;;;588;No
EnclaveCamp32VertibirdLandTrig;060C5D26;1;0;;EnclaveCamp32VertibirdLandScript;;;3149;No
CG02PlayerPictureTrigger;060C6DE1;2;0;;CG02PlayerPictureTriggerSCRIPT;;;65;No
TakomaArtillerySwitch01;060C726F;1;0;Switch;TakomaArtillerySwitch01SCRIPT;;Clutter\GenElecSwitch01.NIF;18;No
ForgeMechanistDoorSwitch01;060C729F;1;0;Coffee Brewer;;;Clutter\Office\CoffeeMaker01.NIF;32;No
TakomaArtilleryLaunchedTrigger;060C72C6;1;0;;TakomaArtilleryLaunchedTriggerSCRIPT;;;248;No
TakomaTrapBabyCarriage;060C72D5;1;1;Baby Carriage;TakomaTrapBabyCarriageSCRIPT;;Traps\BabyCarriageBomb.NIF;67;No
TakomaFactoryExplosionsTrigger;060C72F8;1;0;;TakomaFactoryExplosionsTriggerSCRIPT;;;1645;No
MQ02MuseumPlaqueWright01;060C7758;1;0;The Wright Flyer I;MQ02MuseumPlaqueWright01Script;;Architecture\Urban\MuseumRotunda\MuseumPlaque01.NIF;50;No
MQ02MuseumPlaqueArms01;060C77C1;1;0;1861 "Springfield" Rifle-Musket;MQ02MuseumPlaqueArms01Script;;Architecture\Urban\MuseumRotunda\MuseumPlaque01.NIF;50;No
MQ02MuseumPlaqueArms02;060C77C5;1;0;M199 Assault Rifle;MQ02MuseumPlaqueArms02Script;;Architecture\Urban\MuseumRotunda\MuseumPlaque01.NIF;50;No
MQ02MuseumPlaqueArms03;060C77C9;1;0;X277 "Viper" Magnetic Rail Cannon;MQ02MuseumPlaqueArms03Script;;Architecture\Urban\MuseumRotunda\MuseumPlaque01.NIF;50;No
MQ02MuseumPlaqueFlag01;060C77CC;1;0;U.S.S. Ebon Atoll's Flag;MQ02MuseumPlaqueFlag01Script;;Architecture\Urban\MuseumRotunda\MuseumPlaque01.NIF;50;No
MQ02MuseumPlaquePortraits01;060C77CF;1;0;Overlooked Inventors;MQ02MuseumPlaquePortraits01Script;;Architecture\Urban\MuseumRotunda\MuseumPlaque01.NIF;50;No
MQ04DoghouseActivator;060C8037;1;0;Doghouse;MQ04DoghouseActivatorScript;;Clutter\TranquilityLane\TLDoghouse01.NIF;156;Yes
WallEncounterTrig01a;060C8281;1;0;;WallEncounterTrig01aSCRIPT;;;1204;No
WallEncounterTrig01c;060C8284;1;0;;WallEncounterTrig01cSCRIPT;;;960;No
WallEncounterTrig01b;060C8285;1;0;;WallEncounterTrig01bSCRIPT;;;1157;No
FFRaiderCamp17GunTrig;060C8525;1;0;;FFRaiderCamp17GunScript;;;167;No
MQ02MuseumPlaqueMedals01;060C8596;1;0;World War II Fight Medals;MQ02MuseumPlaqueMedals01Script;;Architecture\Urban\MuseumRotunda\MuseumPlaque01.NIF;50;No
MQ02MuseumPlaqueSpacesuit01;060C8599;1;0;Space Suit;MQ02MuseumPlaqueSSuit01Script;;Architecture\Urban\MuseumRotunda\MuseumPlaque01.NIF;50;No
MQ02MuseumPlaqueSkeleton01;060C859D;1;0;Captain Carl Bell;MQ02MuseumPlaqueSkeleton01Script;;Architecture\Urban\MuseumRotunda\MuseumPlaque01.NIF;50;No
MQ02MuseumPlaqueVirgoII01;060C85A0;1;0;Virgo II Lunar Lander;MQ02MuseumPlaqueVirgoII01Script;;Architecture\Urban\MuseumRotunda\MuseumPlaque01.NIF;50;No
MQ02MuseumPlaqueFlag02;060C85A5;1;0;Valiant 12 Flag;MQ02MuseumPlaqueFlag02Script;;Architecture\Urban\MuseumRotunda\MuseumPlaque01.NIF;50;No
MQ02MuseumPlaqueRenovation01;060C85A8;1;0;Exhibit Under Construction;MQ02MuseumPlaqueRenovationScript;;Architecture\Urban\MuseumRotunda\MuseumPlaque01.NIF;50;No
MQ02MuseumPlaqueRocket01;060C85AB;3;0;Delta IX Rocket;MQ02MuseumPlaqueRocket01Script;;Architecture\Urban\MuseumRotunda\MuseumPlaque01.NIF;50;No
MQ02VertibirdScaled;060C85AF;0;1;;;;Vehicles\VertibirdGround01.NIF;826;No
MQ02MuseumPlaqueVertibirdProto01;060C85B0;1;0;XVB02 "Vertibird" Prototype;MQ02MuseumPlaqueVertibird01Script;;Architecture\Urban\MuseumRotunda\MuseumPlaque01.NIF;50;No
MS04KlaxonLight;060C8E12;2;0;;MS04KlaxonLightScript;;Dungeons\Vault\RoomU\Klaxon.NIF;77;No
MS04LugNutSpawnTrigger;060C8E24;1;0;;MS04LugNutSpawnTriggerScript;;;233;No
EnclaveCamp34VertibirdLandTrig;060C936E;1;0;;EnclaveCamp34VertibirdLandScript;;;1640;No
SatcomLaunchTRIG;060CB4E3;1;0;;SatComLaunchSCRIPT;;;890;No
Vault106OverseerOfficeDisable;060CBCF6;1;0;;Vault106OverseerOfficeDisableSCRIPT;;;157;No
Vault106OverseerOffice;060CBCFC;1;0;;Vault106OverseerOfficeSCRIPT;;;173;No
FriendshipGhoulFightTrigger;060CC066;1;0;;FriendshipAngryGhoulScript;;;421;No
LDScientistBombTrig;060CC26E;1;0;;LDScientistBomb01SCRIPT;;;1978;No
TriggerFakeForceBallOnTriggerEnter;060CC339;0;0;;FakeForceBallOnTriggerEnterScript;;;35;No
DLC02IntroRuinsTRIG;07000943;1;0;;DLC02IntroRuinsSCRIPT;;;234;No
DLC02MetroIntroTRIGGER;070009A5;1;0;;DLC02IntroTriggerSCRIPT;;;559;No
DL2IntroWaypoint01TRIG;070009B5;1;0;;DLC02IntroWaypoint01SCRIPT;;;609;No
DLC02VSS01ElevTRIG;07001375;0;0;;DLC02ElevatorTrigger01SCRIPT;;;200;No
DLC02RuinsBattleDUMMY;070013C6;1;0;;DLC02RuinsBattleSCRIPT;;;520;Yes
DLC02OutcastRadio;070013FB;1;0;Ham Radio;;;Clutter\HamRadio\hamradio.NIF;40;No
DLC02SimActivator;070018A6;1;0;Simulation Pod;DLC02SimActivatorScript;;DLCAnch\Furniture\AnchPodPlayer01.NIF;198;No
DLC02ElectricalSwitch;070018CF;0;0;Electrical Switch;DLC02MinefieldSwitchScript;;Clutter\ElectricalSwitch02.NIF;25;No
AnchPodPlayer01;070018D8;0;0;Anchorage Simulation Pod;;;DLCAnch\Furniture\AnchPodPlayer01.NIF;196;No
DLC02SimExitFX;070019AB;0;0;EXIT;DLC02SimExitDoorScript;;Effects\TranqExitDoorFX.NIF;157;No
DLC02OA2MontgomeryAppearsTrigger;070019E0;1;0;;DLC02OA2MontgomeryAppearsTriggerScript;;;217;No
DLC02ExplosiveChargePlanted;070019EB;5;0;Explosive Charge;;;DLCAnch\Clutter\QuestItems\DLCAnchExplosiveCharge01.NIF;25;No
DLC02ExplosiveChargeUnarmed;070019EC;0;0;Explosive Charge;;;DLCAnch\Clutter\QuestItems\DLCAnchExplosiveChargeUnarmed01.NIF;25;No
DLC02ArtilleryBaseAmbienceDUMMY;07001EF5;1;0;;DLC02ArtilleryBaseAmbienceSCRIPT;;;848;Yes
DLC02ArtilleryGunAOLD;070020B4;0;0;Artillery Gun;DLC02OA2ArtilleryGunAScript;;Architecture\Urban\MuseumRotunda\MuseumPlaque01.NIF;50;No
DLC02ArtilleryGunBOLD;070020B5;0;0;Artillery Gun;DLC02OA2ArtilleryGunBScript;;Architecture\Urban\MuseumRotunda\MuseumPlaque01.NIF;50;No
DLC02ArtilleryGunCOLD;070020B6;0;0;Artillery Gun;DLC02OA2ArtilleryGunCScript;;Architecture\Urban\MuseumRotunda\MuseumPlaque01.NIF;50;No
DLC02OA2MontTalkTrigger01;0700222D;1;0;;;;;181;No
DLC02OA3MapTrigger;070022D8;1;0;;DLC02OA3MapTriggerScript;;;102;No
testPhilWorkBench;070024ED;1;0;Phil's Work Bench;testPhilSchematicsWorkbenchSCRIPT;;Furniture\WorkBench.NIF;80;No
DLC02EndBattleTrigger;07002980;1;0;;DLC02ChineseHQEndBattleSpawnSCRIPT;;;352;No
DLC02KillboxTRIG;07002BC5;16;0;;DLC02GlacierFallKillSCRIPT;;;3508;No
DLC02PlayerStaggerTRIG;07002C09;1;0;;DLC02PlayerShieldEyesSCRIPT;;;170;No
DLC02CreakTRIG;07002C0C;1;0;;DLC02WoodenCreakSFXSCRIPT;;;97;No
DLC02MineExplosionMarker;07002EF2;16;0;;;;Clutter\ElectricalSwitch02.NIF;25;No
DLC02FuelTankA;07002F31;1;0;;;;DLCAnch\Clutter\GasTanks\DLCAnchGasTank.NIF;476;No
DLC02FuelTankControl;07002F33;0;0;;;;DLCAnch\Clutter\GasTanks\DLCAnchGasTankControl.NIF;280;No
DLC02FuelTankPanelA;07002F38;1;0;Chimera Depot Fuel Tank A;DLC02OA3FuelTankAScript;;DLCAnch\Clutter\GasTanks\DLCAnchGasTankControl.NIF;280;No
DLC02FuelTankPanelB;07002F39;1;0;Chimera Depot Fuel Tank B;DLC02OA3FuelTankBScript;;DLCAnch\Clutter\GasTanks\DLCAnchGasTankControl.NIF;280;No
DLCAnchFrElevShaft01DC;07003029;1;0;;;;DLCAnch\Clutter\FreightElevator\DLCAnchFrElevShaft01.NIF;3468;No
DLCAnchFrElev02DoorAnim;07003BE8;1;0;;;;DLCAnch\Clutter\FreightElevator\DLCAnchFrElev02Door.NIF;179;No
DLC02ElevSwitch;07003EC9;2;0;Elevator Switch;DLC02ElevatorSCRIPT;;Clutter\GenElecSwitch02.NIF;14;No
DLC02BombingRunTrigger;0700438A;1;0;;DLC02BombingRunTriggerScript;;;408;No
DLC02TankSpawnTrigger1;070043ED;1;0;;DLC02TankSpawnTrigger1Script;;;222;No
DLC02TankSpawnTrigger2;070043EE;1;0;;DLC02TankSpawnTrigger2Script;;;222;No
DLCAnchT51DisplayArmor01;0700452B;1;0;Winterized T-51b Power Armor;DLC02VSSArmorDisplayScript;;armor\PAVE\PAProps\dlcancht-51displayarmor.nif;72;No
DLC02FF006Trigger;07004A54;1;0;;DLC02FF006TriggerScript;;;542;No
DLC02ParaSceneTRIG;07004E13;1;0;Gas Valve;DLC02ParaSceneSCRIPT;;;206;No
DLC02ParaSceneMoveToTRIG;07004E29;1;0;Gas Valve;DLC02ParaSceneMoveToSCRIPT;;;283;No
DLC02FF002Trigger;07004F7D;1;0;;DLC02FF002TriggerScript;;;174;No
DLCAnchOverlookGunsACTIVATOR;07004FC5;1;0;;DLCAnchOverlookGunsSCRIPT;;;108;No
DLC02FF005AttentionTrigger;0700509E;4;0;;DLC02FF005AttentionTriggerScript;;;259;No
DLC02StrikeTeamRallyTrigger;0700548A;4;0;;DLC02StrikeTeamRallyTriggerScript;;;476;No
DLC02ShellFieldDummy;0700563D;1;0;;DLC02ShellfieldSCRIPT;;;1043;No
DLC02VertibirdFlyoverTrigger;07005642;2;0;;DLC02VertibirdFlyoverSCRIPT;;;510;No
DLC02ShellFieldVictimTRIG;07005655;1;0;;DLC02ShellFieldVictimEventSCRIPT;;;1419;No
DLC02FF010ExecutionTrigger;07005660;1;0;;DLC02FF010ExecutionTriggerScript;;;1593;No
DLC02SimpleArtilleryTRIG;07005665;3;0;;DLC02SimpleArtilleryHitSCRIPT;;;987;No
testCommCenterWalkthroughPLAYER5;070056BA;0;0;;;;;158;No
testCommCenterWalkthrough;070056BC;0;0;;SpawnTriggerSCRIPT;;;770;No
testdlc02ListeningPostWalkTRIG;070056BD;0;0;;;;;127;No
DLC02OA1VSSTrigger;070056E2;2;0;;DLC02OA1TriggerScript;;;335;No
DLC02MontgomeryTalksTrigger01;070056F5;1;0;;DLC02MontgomeryTalkTrigger01Script;;;296;Yes
DLC02MontgomeryTalksTrigger02;070056F9;1;0;;DLC02MontgomeryTalkTrigger02Script;;;857;Yes
DLC02MontgomeryTalksTrigger03;070056FC;1;0;;DLC02MontgomeryTalkTrigger03Script;;;250;Yes
DLC02MontgomeryTalksTrigger04;070056FF;1;0;;DLC02MontgomeryTalkTrigger04Script;;;252;Yes
DLC02MontgomeryTalksTrigger05;07005702;1;0;;DLC02MontgomeryTalkTrigger05Script;;;250;Yes
DLC02MontgomeryTalksTrigger06;070058AE;1;0;;DLC02MontgomeryTalkTrigger06Script;;;234;Yes
DLC02ExtraRunnerTRIG;070058C6;4;0;;DLC02RunningExtrasSCRIPT;;;764;No
DLC02ArtyBaseDisableAll;070068C0;1;0;Gas Valve;DLC02ArtyBaseDisableAllSCRIPT;;;642;No
DLC02MontgomeryTalksTrigger08;07007176;1;0;;DLC02MontgomeryTalkTrigger08Script;;;340;No
DLC02MontgomeryTalksTrigger07;07007179;1;0;;DLC02MontgomeryTalkTrigger07Script;;;269;Yes
DLC02MontgomeryTalksTrigger09;0700717B;1;0;;DLC02MontgomeryTalkTrigger09Script;;;281;No
DLC02MontgomeryTalksTrigger10;0700717D;1;0;;DLC02MontgomeryTalkTrigger10Script;;;222;No
DLC02MontgomeryTalksTrigger11;0700717F;1;0;;DLC02MontgomeryTalkTrigger11Script;;;236;No
DLC02MontgomeryTalksTriggerGun001;07007181;1;0;;DLC02MontgomeryTalkTriggerGuns01Script;;;532;No
DLC02MontgomeryTalksTriggerGun002;07007186;1;0;;DLC02MontgomeryTalkTriggerGuns02Script;;;642;No
DLC02MontgomeryTalksTriggerGun003;07007187;1;0;;DLC02MontgomeryTalkTriggerGuns03Script;;;647;No
DLCAnchGunBatteryControlBox01;07007514;1;0;Controller;DLC02OA2ArtilleryGunAScript;;DLCAnch\Architecture\GunBattery\DLCAnchGunBatteryControlBox01.NIF;160;No
DLC02StrikeTeamAttackDoneTrigger;07007515;2;0;;DLC02StrikeTeamAttackDoneTriggerScript;;;1023;No
DLC02BattlefieldPhasesWalkTRIG;07007521;27;0;;DLC02BattlefieldPhasesWalkSCRIPT;;;629;No
DLC02RuinsBypassTRIG;07007562;1;0;;DLC02RuinsBypassSCRIPT;;;163;No
DLC02PitBattleTRIG;07007569;1;0;;DLC02BaileysPitBattleSCRIPT;;;833;No
DLC02FXCarpetBomb01;07007652;0;2;;DLC02FXCarpetBombScript;;DLCAnch\Effects\DLCAnchFXCarpetBomb.nif;0;No
DLC02ArtilleryGunA;07007BBF;1;0;Controller;DLC02OA2ArtilleryGunAScript;;DLCAnch\Architecture\GunBattery\DLCAnchGunBatteryControlBox01.NIF;160;No
DLC02ArtilleryGunB;07007BC1;1;0;Controller;DLC02OA2ArtilleryGunBScript;;DLCAnch\Architecture\GunBattery\DLCAnchGunBatteryControlBox01.NIF;160;No
DLC02ArtilleryGunC;07007BC3;1;0;Controller;DLC02OA2ArtilleryGunCScript;;DLCAnch\Architecture\GunBattery\DLCAnchGunBatteryControlBox01.NIF;160;No
DLC02RezTrigger;07007D02;1;0;;DLC02RezTriggerScript;;;110;No
DLC02CommandTentRezMeTrigger;07007D05;1;0;;DLC02CommandTentRezMeTriggerScript;;;113;No
DLC02RezFlickerTrigger;07007D08;297;0;;DLC02RezFlickerTriggerScript;;;12;No
DLC02AmmoBox;07008290;0;0;Ammo Crate;DLC02AmmoBoxSCRIPT;;DLCAnch\Clutter\AmmoBox\DLCAnchAmmoBox.NIF;28;No
DLC02GenericVertibirdLandingTrigger;0700884D;3;0;;DLC02GenericVertibirdLandingSCRIPT;;;1873;No
DLC02GenericVertibirdLandingCONTROLTrigger;0700884F;3;0;;DLC02GenericVertibirdLandingControlSCRIPT;;;216;No
DLC02FXArtilleryStrike01Large;07008852;0;2;;FXArtilleryStrikeScriptLargeSCRIPT;;Effects\FXArtilleryStrike01.NIF;0;No
DLC02VertibirdEncount01;070089C6;2;0;;DLC02DefaultAmericanVertibirdEncount01SCRIPT;;DLCAnch\Vehicles\DLCAnchVertibirdEncount01.nif;11701;No
TestDLC02VertibirdEncount01;070089C7;0;0;;DLC02DefaultAmericanSoldierSCRIPT;;Vehicles\VertibirdEncount01.NIF;11701;No
DLC02MineFacilityBattleTRIG;070089CC;1;0;;DLC02MineFacilityBattleSCRIPT;;;41;No
DLC02TrigDisableTank01;0700988F;1;0;;DLC02TrigDisableTank01SCRIPT;;;951;No
DLC02OA4EndStep3Trigger;07009F01;1;0;;DLC02OA4EndStep3TriggerScript;;;265;No
DLC02HealthKit;0700A03F;0;0;Health Kit;DLC02HealthKitSCRIPT;;Clutter\Health\FirstAidKit01.NIF;22;No
DLC02ElevAboveSwitch;0700A4C6;1;0;Switch;DLC02ElevSwitchAboveSCRIPT;;Clutter\GenElecSwitch02.NIF;14;No
DLC02SimpleCarpetBombTRIG;0700A4F2;3;0;;DLC02SimpleCarpetBombSCRIPT;;;273;No
DLCAnchGunBattery;0700A682;4;0;;;;DLCAnch\Architecture\GunBattery\DLCAnchGunBattery01.NIF;3939;No
DLC02FuelTankB;0700A7CC;1;0;;;;DLCAnch\Clutter\GasTanks\DLCAnchGasTank.NIF;476;No
DLC02NoMansLandTurretTrig01;0700AD24;1;0;;DLC02NoMansLandTurretTrig01SCRIPT;;;570;No
DLCAnchBnkWallGate01;0700AF53;3;0;;;;DLCAnch\Architecture\Bunkers\Walls\DLCAnchBnkWallGate01.NIF;633;No
DLC02TrenchClimberTrig;0700AF76;1;0;;DLC02TrenchClimberTrigSCRIPT;;;291;No
DLC02TrenchClimberTrig02;0700AF79;1;0;;DLC02TrenchClimberTrig02SCRIPT;;;64;No
DLC02BombingExplosionHereTRIG;0700B0E4;9;0;;DLC02BombingExplosionHereSCRIPT;;;238;No
DLCAnchFXCamShakeMarker;0700B146;1;0;;;;DLCAnch\Effects\DLCAnchFXCamShakeMarker.nif;81;No
DLC02CheckpointTrig;0700B14B;14;0;;DLC02CheckpointSCRIPT;;;303;No
DLC02FF008ObserveTrigger;0700B4CC;2;0;;DLC02FF008ObserveTriggerScript;;;179;No
DLC02FF004Briefcase;0700B4DA;10;0;Intel;DLC02FF004BriefcaseScript;;DLCAnch\Clutter\Briefcase\DLCAnchBriefcase.NIF;43;Yes
DLC02Mine;0700B57D;85;0;;DLC02PulseFieldMineSCRIPT;;DLCAnch\Clutter\ArmorMines\DLCAnchMine01.NIF;183;No
DLC02NoMansLandFlamer01Trig;0700B5D4;0;0;;DLC02NoMansLandFlamer01TrigSCRIPT;;;363;No
DLC02OA4PowerArmorRedShirtTrig;0700B603;1;0;Gas Valve;DLC02OA4PowerArmorRedShirtSCRIPT;;;445;No
DLC02OA4PowerArmorToCoverTrig;0700BA6E;1;0;;DLC02OA4PowerArmorGuysToCoverSCRIPT;;;701;No
DLC02VertibirdEncount02Invul;0700BD66;1;0;;;;DLCAnch\Vehicles\DLCAnchVertibirdEncount01.nif;11701;No
DLC02VSSElevatorTrigger;0700BD95;1;0;;DLC02VSSElevatorTriggerScript;;;153;No
DLC02MinesFlagSwapACTIVATOR;0700BE31;1;0;;DLC02FlagSwapSCRIPT;;;251;No
DLC02IceCampFlagSwapACTIVATOR;0700BE35;1;0;;DLC02FlagSwapSCRIPT;;;130;No
DLCAnchPulseFXPlaced;0700BEAE;4;0;;;;DLCAnch\Effects\DLCAnchPulseFXPlaced.nif;542;No
DLC02SpiderCrateParachute;0700C063;1;0;Chinese Fortification Cache;DLC02SpiderCrateParachuteSCRIPT;;DLCAnch\Clutter\Crate\DLCAnchCrateFalling.NIF;2421;No
DLC02SniperRifleACTIVATOR;0700C1CE;4;0;Sniper Rifle;DLC02SniperRifleActivatorSCRIPT;;DLCAnch\Weapons\2HandRifle\DLCAnchSniperRifleStatic.nif;43;No
DLC02LPostFlagSwapActivator;0700C1E4;1;0;;DLC02FlagSwapSCRIPT;;;114;No
DLC02BobbyPin;0700C320;0;0;Bobby Pin;;;DLCAnch\Clutter\BobbyPin\BobbyPinBox.NIF;0;No
DLC02StealthBoy;0700C321;0;0;Stealth Boy;;;DLCAnch\Clutter\StealthBoy\DLCAnchStealthBoy.NIF;0;No
DLCAnchGenElecSwitch03DC;0700C35D;3;0;;;;DLCAnch\Clutter\DLCAnchGenElecSwitch03.NIF;17;No
DLC02LockPickACTIVATOR;0700C35F;0;0;Bobby Pin;DLC02LockPickActivatorSCRIPT;;DLCAnch\Clutter\BobbyPin\BobbyPinBox.NIF;2;No
DLC02ChineseAssaultRifleACTIVATOR;0700C362;5;0;Chinese Assault Rifle;DLC02ChineseAssaultRifleActivatorSCRIPT;;DLCAnch\Weapons\2HandAutomatic\DLC02ChineseAssaultRifleStatic.nif;35;No
DLC02GrenadeFragACTIVATOR;0700C364;67;0;Frag Grenade;DLC02GrenadeFragActivatorSCRIPT;;DLCAnch\Weapons\1HandGrenadeThrow\DLC02FragGrenadeStatic.nif;6;No
DLC02StealthBoyACTIVATOR;0700C366;2;0;Stealth Boy;DLC02StealthBoyActivatorSCRIPT;;DLCAnch\Clutter\StealthBoy\DLCAnchStealthBoy.NIF;7;No
DLC02AreaCompleteACTIVATOR;0700C389;2;0;;;;;913;No
DLC02FatmanStopCombat;0700C488;1;0;Gas Valve;DLC02FatManStopCombatSCRIPT;;;1583;No
DLC02FatmanStartCombatTrig;0700C48E;0;0;Gas Valve;DLC02FatManStopCombatSCRIPT;;;0;No
DLC02FatmanStartCombat;0700C48F;1;0;Gas Valve;DLC02FatManStartCombatSCRIPT;;;1768;No
DLC02RunnerDust;0700C4AD;4;0;;DefaultEnableLink1xSCRIPT;;;168;No
DLC02ChineseHQFlagSwapACTIVATOR;0700C4B4;1;0;;DLC02FlagSwapSCRIPT;;;163;No
DLCAnchGenElecSwitch04;0700C788;0;0;Switch;;;Clutter\GenElecSwitch01.NIF;18;No
DLCAnchFallingDust128;0700C7B5;2;0;;DLC02ArtilleryBaseDustSCRIPT;;DLCAnch\Effects\DLCAnchFallingDust128.nif;91;No
DLCAnchFallingDust512;0700C7B6;29;0;;DLC02ArtilleryBaseDustSCRIPT;;DLCAnch\Effects\DLCAnchFallingDust512.nif;362;No
DLCAnchFallingDust256;0700C7B7;34;0;;DLC02ArtilleryBaseDustSCRIPT;;DLCAnch\Effects\DLCAnchFallingDust256.nif;181;No
DLC02HealthDispenser01;0700C7BC;35;0;Health Dispenser;DLC02HealthKitSCRIPT;;DLCAnch\Clutter\HealthDispenser\DLCAnchHealthDispenser01.NIF;32;No
DLC02HealthDispenser02;0700C7BF;2;0;Health Dispenser;DLC02HealthKitSCRIPT;;DLCAnch\Clutter\HealthDispenser\DLCAnchHealthDispenser02.NIF;34;No
DLC02MineFragACTIVATOR;0700C89F;35;0;Frag Mine;DLC02MineFragActivatorSCRIPT;;DLCAnch\Weapons\1HandMineDrop\DLCAnchMineFragStatic.nif;12;No
DLC02MicroFusionACTIVATOR;0700C8C1;116;0;Microfusion Cell;DLC02MicroFusionSCRIPT;;DLCAnch\Weapons\2HandRifle\DLC02MicroFusionCellStaticNIF.nif;3;No
DLC02MissileACTIVATOR;0700C8C7;47;0;Missile;DLC02MissileSCRIPT;;DLCAnch\Weapons\2HandLauncher\DLC02MissileStatic.nif;19;No
DLC02PsychoACTIVATOR;0700C8C9;2;0;Psycho;DLC02PsychoSCRIPT;;Clutter\Health\PsychoChem01.NIF;11;No
DLC02MinefieldSwitch;0700CAA9;1;0;Switch;DLC02MinefieldSwitchScript;;Clutter\GenElecSwitch01.NIF;18;No
DLCAnchAmmoDispenser01;0700CB32;27;0;Ammo Dispenser;DLC02AmmoBoxSCRIPT;;DLCAnch\Clutter\AmmoDispenser\DLCAnchAmmoDispenser01.NIF;58;No
DLC02GreenMarkerActivator;0700CB93;0;0;;;;MarkerXHeadingGreen.NIF;85;No
DLCAnchFallDustRocks128;0700CBFE;0;0;;DLC02ArtilleryBaseDustSCRIPT;;DLCAnch\Effects\DLCAnchFallDustRocks128.nif;0;No
DLCAnchFallDustRocks256;0700CBFF;1;0;;DLC02ArtilleryBaseDustSCRIPT;;DLCAnch\Effects\DLCAnchFallDustRocks256.nif;181;No
DLCAnchFallDustRocks512;0700CC00;9;0;;DLC02ArtilleryBaseDustSCRIPT;;DLCAnch\Effects\DLCAnchFallDustRocks512.nif;362;No
DLC02PowerArmorFriedDisable;0700CD1D;1;0;;DLC02PowerArmorFriedDisableSCRIPT;;;167;No
DLC02OA1SibleyCommandRoomTrigger;0700CD4E;1;0;;DLC02OA1SibleyCommandRoomTriggerScript;;;131;No
DLC02FF009Trigger;0700CD65;1;0;;DLC02FF009TriggerScript;;;386;No
DLC02PowerArmorFatmanBoost;0700CEDD;1;0;;DLC02PowerArmorFatmanBoostSCRIPT;;;534;No
DLC02FatmanDistanceCheckTRIG;0700CEE5;1;0;Gas Valve;DLC02FatmanDistanceCheckSCRIPT;;;1583;No
DLC02StrikeTeamAutoAttackTrigger;0700CEEA;4;0;;DLC02StrikeTeamAutoAttackTriggerScript;;;1628;No
DLC02TestVertibirdEncount01;0700CEF7;0;0;;;;DLCAnch\Vehicles\DLCAnchVertibirdEncount01.nif;0;No
DLC02FatmanTroopDisableTrigger;0700CF18;0;0;;;;;535;No
DLC02FailsafeUpdate;0700CF28;1;0;;DLC02FailsafeUpdateScript;;;265;No
DLC01AshurCrib;08000F35;1;0;Marie's Crib;DLC01AshurCribSCRIPT;;DLCPitt\Clutter\BabyCrib\DLCPittBabyCribWithBabyInside.nif;78;No
DLC01LightControl;08000F37;0;0;Haven Light Control Relay;DLC01HavenLightControlsSCRIPT;;Clutter\GenElecSwitch01.NIF;18;No
DLC01WernherCrib;08000F3D;2;0;Crib;DLC01WernherCribSCRIPT;;DLCPitt\Clutter\BabyCrib\DLCPittDIRTYBabyCribWithBabyInside.nif;77;No
DLC01AmbushStartTRIG;08001070;1;0;Gas Valve;DLC01AmbushStartSCRIPT;;;1169;No
DLC01AmbushControlTRIG;08001074;1;0;Gas Valve;DC01AmbushControlSCRIPT;;;65;No
DLC01BridgeSlaveEscapeTRIG;08001555;1;0;Gas Valve;DLC01BridgeSlaveEscapeTrigSCRIPT;;;1507;No
DLC01TunnelTriggerDC;0800165A;1;0;;DLC01TunnelTriggerDCSCRIPT;;;355;No
DLC01TunnelTriggerThePitt;080021ED;0;0;;DLC01TunnelTriggerThePittSCRIPT;;;443;No
DLCPittTestBabyCrib;0800268B;1;0;;;;DLCPitt\Clutter\BabyCrib\DLCPittBabyCribWithBabyInside.nif;64;No
DLC01FF003ConspiracyTrigger;08002937;1;0;;DLC01FF003ConspiracyTriggerScript;;;856;No
DLC01FF001Trigger;08002A50;1;0;;DLC01FF001TriggerScript;;;293;No
DLC01MarketSquareGateTrigger;08002E44;1;0;Gas Valve;DLC01MarketSquareGateTriggerSCRIPT;;;1242;No
DLC01PittArrivalTrigger;08002E45;1;0;Gas Valve;DLC01PittArrivalTriggerSCRIPT;;;206;No
DLC01AshurSpeechTRIG;080032DB;1;0;Gas Valve;DLC01AshurSpeechTRIGScript;;;1671;No
DLC01ArenaControlAct;080032DC;1;0;Gas Valve;DLC01ArenaControlActSCRIPT;;;808;No
DLC01BridgeRadTrigger01;08003303;3;0;Gas Valve;DLC01BridgeRadTrigger01SCRIPT;;;11437;No
DLC01FF005Trigger;08003437;1;0;;DLC01FF005TriggerScript;;;653;No
DLC01LeavePalaceTrigger;080039F6;1;0;;DLC01LeavePalaceTriggerSCRIPT;;;0;No
DLC01DCSlaveGateTrigger;08003A4A;1;0;Gas Valve;DLC01DCSlaveGateTriggerSCRIPT;;;225;No
DLC01Furnace;08003B85;6;0;;;;DLCPitt\Clutter\Furnace\DLCPittFurnace01.NIF;218;No
DLC01FurnaceClosed;08003B89;7;0;;;;DLCPitt\Clutter\Furnace\DLCPittFurnaceClose01.NIF;218;No
DLC01SteelMillExtTrogEnablerTrigger;0800504F;1;0;Gas Valve;DLC01SteelMillExtTrogEnablerTriggerSCRIPT;;;1066;No
DLC01RadioTowerSceneTrigger;080054FD;1;0;Gas Valve;DLC01RadioTowerSceneTriggerSCRIPT;;;3596;No
DLC01Q3SceneTrigger;08005951;1;0;Ashur Scene Trigger;DLC01Q3AshurSceneTriggerSCRIPT;;;341;No
DLC01Press;08005CEB;0;0;Steel Press;;;DLCPitt\Clutter\Press\DLCPittPunchPress.NIF;450;No
DLC01WernherPostAmbushTrigger;08006163;1;0;Gas Valve;DLC01WernherPostAmbushTriggerSCRIPT;;;371;No
DLC01FrontGateEnterTrigger;08006169;3;0;Gas Valve;DLC01FrontGateEnterTriggerSCRIPT;;;281;No
DLC01SteelPlateActivator;0800619F;100;0;Steel Ingot;DLC01SteelPlateActivatorSCRIPT;;DLCPitt\Clutter\DLCPittIngot01.NIF;25;No
DLC01Conveyor;08006336;2;0;Conveyor;DLC01ConveyorSCRIPT;;DLCPitt\Clutter\Press\DLCPittConveyorPress.NIF;700;No
DLC01FF006Trigger;08006845;1;0;;DLC01FF006TriggerScript;;;647;No
DLC01PPLookTargetTrig01;0800691A;1;0;;DLC01PPLookTargetTrig01SCRIPT;;;211;No
DLC01Q3MideaMeetingTrigger;08006C30;1;0;Midea Meeting Trigger;DLC01Q3MideaMeetingTriggerSCRIPT;;;209;No
DLC01TriggerEnableHavenRaiders01;080070A3;5;0;;DLC01UptownEnableEnemyRaiders01Script;;;3944;No
DLC01Fan;0800719C;7;0;;;;DLCPitt\Clutter\Fan\DlCPittFan.NIF;134;No
DLC01UnlockLROnActivate;08007340;1;0;;DLC01GenericUnlockLinkedRefOnActivate;;;528;No
DLC01LightsOutActivateTrigger;080073ED;3;0;;DLC01LightsOutActivateTriggerScript;;;462;No
DLC01Conveyor02;0800787A;2;0;Conveyor;DLC01ConveyorSCRIPT;;DLCPitt\Clutter\Press\DLCPittConveyorPress02.NIF;700;No
DLC01DCSlavePenJumpInTrigger;08007D79;1;0;Gas Valve;DLC01DCSlavePenJumpInTriggerREF;;;484;No
DLC01TunnelHandcartDC;08007D7D;1;0;Hand Cart;DLC01TunnelHandcartDCSCRIPT;;DLCPitt\Clutter\RailCar\DLCPittRailCar01.NIF;231;Yes
DLC01FurnaceNoSound;08009B67;3;0;;;;DLCPitt\Clutter\Furnace\DLCPittFurnace01.NIF;218;No
DLC01WildBillTrigger;08009F49;0;0;;DLC01WildBillTriggerSCRIPT;;;37;No
DLC01TunnelHandcartPitt;0800A60A;1;0;Hand Cart;DLC01TunnelHandcartPittSCRIPT;;DLCPitt\Clutter\RailCar\DLCPittRailCar01.NIF;231;Yes
DLC01HavenInsideTrigger;0800A71E;1;0;Haven Inside Trigger;DLC01HavenInsideTriggerSCRIPT;;;303;No
DLC01DowntownAmbushControl;0800A73F;1;0;Gas Valve;DLC01DowntownAmbushControlSCRIPT;;;160;No
DLC01ProtectronPod01;0800A84C;2;0;;;;Clutter\ProtectronPod\ProtectronPod01.NIF;134;No
DLC01ProtectronPodFailsafeTrig;0800A84D;1;0;Gas Valve;DLC01ProtectronPodFailsafeTrigSCRIPT;;;92;No
DLC01PowerPlantPodSwitch01;0800A84E;1;0;Switch;DLC01PowerPlantPodSwitch01SCRIPT;;Clutter\GenElecSwitch01.NIF;18;No
DLC01HavenExitTrigger;0800A862;1;0;Haven Exit Trigger;DLC01HavenExitTriggerSCRIPT;;;869;No
DLC01TrigEverettSpeak01;0800A8B9;3;0;;DLC01TrigEverettSpeak01SCRIPT;;;169;No
DLC01RiotTrigger1;0800A9C1;1;0;;DLC01RiotTrigger1Script;;;674;No
DLC01RiotTrigger2;0800A9CD;1;0;;DLC01RiotTrigger2Script;;;822;No
DLC01RiotTrigger3;0800A9D4;2;0;;DLC01RiotTrigger3Script;;;417;No
DLC01LightsOutChainActivatorDisable;0800AA63;12;0;Switch;DLC01LightsOutOnActivateSCRIPT;;Clutter\GenElecSwitch01.NIF;18;No
DLC01FaydraEVPTrigger;0800AB84;2;0;;DLC01FaydraEVPTriggerSCRIPT;;;152;No
DLC01AshurBroadcastRadio;0800B131;15;0;Loud Speaker;DLC01AshurSpeakersSCRIPT;;Clutter\QuestItems\MS17LoudSpeakers01.NIF;142;No
DLC01FF007Trigger;0800B166;1;0;;DLC01FF007TriggerScript;;;711;No
DLC01FF008Trigger;0800B35F;1;0;;DLC01FF008TriggerScript;;;573;No
DLC01MideaCrib;0800B3C8;0;0;Crib;DLC01WernherCribSCRIPT;;DLCPitt\Clutter\BabyCrib\DLCPittDIRTYBabyCribWithBabyInside.nif;0;No
DLC01FF003StartConversationTrigger;0800B598;2;0;;DLC01FF003StartConversationTriggerScript;;;440;No
DLC01GateUnlockTrigger;0800B61F;0;0;;DLC01GateUnlockTriggerSCRIPT;;;207;No
DLC01PowerPlantHatch;0800B700;1;0;;GenericDoorOpenedElsewhereSCRIPT;;Dungeons\Utility\Rooms\UtlRmStairsHatch01.NIF;238;No
DLC01ProtectronPodFailsafeTrig03;0800B846;1;0;Gas Valve;DLC01ProtectronPodFailsafeTrig03SCRIPT;;;93;No
DLC01ProtectronPodFailsafeTrig04;0800B849;1;0;Gas Valve;DLC01ProtectronPodFailsafeTrig04SCRIPT;;;93;No
DLC01ProtectronPodFailsafeTrig02;0800B84C;1;0;Gas Valve;DLC01ProtectronPodFailsafeTrig02SCRIPT;;;92;No
DLC03MetroRideSwitch01;09000D69;2;0;Metro Console;DLC03PresMetroRide01AnimSCRIPT;;DLC03\Clutter\DLC03DynColCut.NIF;139;No
DLC03ForceFieldRightGlow01;090019FB;46;0;;DLC03FieldFXSCRIPT;;Effects\ForceFieldFX\ForceFieldRightGlow01.NIF;658;No
DLC03ForceFieldLeftGlow01;090019FC;22;0;;DLC03FieldFXSCRIPT;;Effects\ForceFieldFX\ForceFieldLeftGlow01.NIF;658;No
DLC03ForceFieldRightNoGlow01;09001A09;1;0;;DLC03FieldFXSCRIPT;;Effects\ForceFieldFX\ForceFieldRightNoGlow01.NIF;641;No
DLC03BS1TristanTrigger1;090020BC;5;0;;DLC03BS1TristanTriggerScript;;;599;No
DLC03AFBVertibirdBombingTrigger01;090024C1;3;0;;DLC03AFBVertibirdBombingRun01SCRIPT;;;338;No
DLC03BosEnclaveFight01Trigger;090024C5;1;0;;DLC03BoSEnclaveFight01SCRIPT;;;2876;No
DLC03AFBVertibirdLandingCONTROLTrigger;09002632;4;0;;DLC03AFBVertibirdLandingControlSCRIPT;;;236;No
DLC03VertibirdFlyoverTrigger01;09002633;1;0;;DLC03VertibirdFlyover01SCRIPT;;;817;No
DLC03AFBVertibirdLandingTrigger;09002634;0;0;;DLC03AFBVertibirdLandingSCRIPT;;;1614;No
DLC03TeslaDynamicExplosionTrigger;09002704;0;0;;DLC03TeslaExplosionScript;;Traps\TrapGasFire01.NIF;255;No
DLC03TeslaTrapVol01;09002709;0;0;;DLC03TeslaExplosionScript;;DLC03\Effects\DLC03TeslaTrapVol01.NIF;0;No
DLC03ForceFieldControlPanel;090027EA;10;1;Repulsion Field Control Panel;DLC03FieldControllerSCRIPT;;DLC03\Clutter\EnclaveForceField\DLC03EnclaveForceFieldControlPanel01.NIF;46;No
DLC03FieldLeftGlow01;090027EC;26;0;;DLC03FieldGlowSCRIPT;;DLC03\Effects\ForceFieldFX\DLC03EnclaveForceFieldGlow01.NIF;170;No
DLC03FieldLeftImpact01;090027ED;18;0;;DLC03FieldImpactScript;;DLC03\Effects\ForceFieldFX\DLC03EnclaveForceFieldImpact01.NIF;172;No
DLC03AFBVertibirdStrafingTrigger01;09002924;8;0;;DLC03AFBVertibirdStrafing01SCRIPT;;;299;No
DLC03AFBVertibirdCrashTrigger01;09002925;1;0;;DLC03AFBVertibirdCrash01SCRIPT;;;339;No
DLC03AFBVertibirdBombingTrigger02;09002926;1;0;;DLC03AFBVertibirdBombingRun02SCRIPT;;;339;No
DLC03AFBVertibirdLanding01Trigger;09002927;1;0;;DLC03AFBVertibirdLanding01SCRIPT;;;1463;No
DLC03RadiationTrap01;09002D29;6;0;Radiation Trap;DLC03TrapRadiationSCRIPT;;DLC03\Traps\DLC03RadiationTrap.NIF;60;No
DLC03PrimeWalkAndFire;09002DE4;4;0;;DLC03PrimeWalkAndFireSCRIPT;;;1195;No
DLC03FXOrbitalStrike01;090031C7;0;1;;DLC03FXOrbitalStrikeScript;;DLC03\Effects\DLC03OrbitalStrike01.NIF;13019;No
DLC03PresMetroDoor01;090031E4;0;0;Metro Door;;;DLC03\Vehicles\DLC03PresMetroDoor01.NIF;99;No
DLC03EncounterEMTrigger;090031EB;2;0;;DLC03EncounterEMTriggerSCRIPT;;;422;No
DLC03PrimeTorsoActivator;09003222;1;0;;DLC03PrimeTorsoSCRIPT;;;80;No
DLC03AFBVertibirdTakingOffCONTROLTrigger;0900334F;3;0;;DLC03GenericVertibirdTakingOffControlSCRIPT;;;199;No
DLC03AFBVertibirdTakingOff01Trigger;09003350;1;0;;DLC03AFBVertibirdTakingOff01SCRIPT;;;726;No
DLC03AFBVertibirdStrafingTrigger02;09003351;2;0;;DLC03AFBVertibirdStrafing02SCRIPT;;;339;No
DLC03EncounterBTTrigger;09003431;1;0;;DLC03EncounterBTTriggerSCRIPT;;;172;No
DLC03FXRelayStrikeParent01;09003499;0;1;;DLC03FXRelayStrikeParentScript;;DLC03\Effects\DLC03OrbitalStrike01.NIF;0;No
DLC03FXOrbitalStrikeRock01;0900349D;0;1;;DLC03FXOrbitalStrikeRockScript;;DLC03\Effects\DLC03OrbitalStrike01.NIF;13019;No
DLC03FXOrbitalStrikePrime01;0900349E;0;1;;DLC03FXOrbitalStrikePrimeScript;;DLC03\Effects\DLC03OrbitalStrike01.NIF;13019;No
testPhilCLightningVol1;09003585;0;1;;testPhilCLightningVol1SCRIPT;;DLC03\Effects\DLC03TeslaTrapVol01.NIF;346;No
testPhilCLightningVol2;0900358B;0;2;;testPhilCLightningVol2SCRIPT;;DLC03\Effects\DLC03TeslaTrapVol01.NIF;0;No
DLC03ElectricBoxBarrier;09003594;2;0;;DLC03ElectricBoxBarrierSCRIPT;;Clutter\ElectricBox\ElectricBox1.NIF;122;No
DLC03DeathclawMarker;09003899;0;0;;;;MarkerXGreen.NIF;27;No
DLC03DeathclawInPen01Trigger;090038DE;1;0;;DLC03DeathclawInPen01TriggerSCRIPT;;;452;No
DLC03AFBVertibirdTakingOff02Trigger;090039D8;1;0;;DLC03VertibirdTakingOff02SCRIPT;;;1648;No
DLC03BosEnclaveFight01bTrigger;090039D9;1;0;;DLC03BosEnclaveFight01bTriggerSCRIPT;;;2139;No
DLC03DeathclawInPen04Trigger;090039DA;0;0;;DLC03DeathclawInPen04TriggerSCRIPT;;;555;No
DLC03DeathclawInPen02Trigger;090039DB;1;0;;DLC03DeathclawInPen02TriggerSCRIPT;;;452;No
DLC03DeathclawInPen03Trigger;090039DC;1;0;;DLC03DeathclawInPen03TriggerSCRIPT;;;558;No
DLC03PresMetroAnimated;09003A51;0;0;DLC03PresMetro;;;DLC03\Vehicles\DLC03PresMetroCar\DLC03PresMetroCarStaticAnim.nif;0;No
DLC03AFBVertibirdStrafingTrigger03;09003B69;1;0;;DLC03AFBVertibirdStrafing03SCRIPT;;;339;No
DLC03AirlockControl1;090045B0;1;0;Airlock Control;;;Clutter\GenElecSwitch01.NIF;18;No
DLC03MetroRideSwitch02;090049A3;1;0;Metro Console;DLC03PresMetroRide02AnimSCRIPT;;DLC03\Clutter\DLC03DynColCut.NIF;139;No
DLC03MetroRideEndSwitch;090049AA;2;0;Metro Console;DLC03PresMetroRideEndSCRIPT;;DLC03\Clutter\DLC03DynColCut.NIF;139;No
DLC03PowerworksTurretHall;090049D4;1;0;;DLC03PowerworksTurretHallSCRIPT;;;214;No
DLC03PowerworksMaster;090049D7;1;0;;DLC03PowerworksMasterSCRIPT;;;62;No
DLC03PowerWorksTurretHallSwitch01;090049DC;1;0;Emergency Electrical Switch;DLC03PowerWorksTurretHallSwitch01SCRIPT;;Clutter\ElectricalSwitch.NIF;65;No
DLC03PowerWorksRadiationTrap;090049F0;6;0;Emitter;;;DLC03\Traps\DLC03RadiationTrap.NIF;60;No
DLC03AFBVertibirdFlyoverTrigger02;09004A04;1;0;;DLC03VertibirdFlyover02SCRIPT;;;2515;No
DLC03AFBArtillerySwitch01;09004A05;1;0;Artillery Switch;DLC03AFBSector3ArtillerySwitch01SCRIPT;;Clutter\GenElecSwitch01.NIF;18;No
DLC03AFBVertibirdCTTrigger01;09005279;1;0;;DLC03AFBVertibirdCTTrigger01SCRIPT;;;333;No
DLC03AFBVertibirdStrafingTrigger03b;0900527A;1;0;;DLC03AFBVertibirdStrafing03bSCRIPT;;;299;No
DLC03AFBEnclaveBaseVertibird01;09005561;1;1;Vertibird;DLC03AFBEnclaveBaseVertibirdTakingOffControlSCRIPT;;DLC03\Vehicles\DLC03VertibirdEnc01BOS.NIF;11708;Yes
DLC03AFBEnclaveBaseVertibird01Trig;09005562;1;0;;DLC03AFBEnclaveBaseVertibird01TrigSCRIPT;;;761;No
DLC03Vertibird01ControlTrigger;09005563;1;0;;DLC03Vertibird01ControlTriggerSCRIPT;;;117;No
DLC03AFBControlTowerVertibird01Trig;09005564;1;0;;DLC03AFBControlTowerVertibird01TrigSCRIPT;;;695;No
DLC03Vertibird02ControlTrigger;09005565;1;0;;DLC03Vertibird02ControlTriggerSCRIPT;;;117;No
DLC03AFBControlTowerVertibird01;09005566;1;1;Vertibird;DLC03AFBControlTowerVertibirdTakingOffControlSCRIPT;;DLC03\Vehicles\DLC03VertibirdEnc01BOS.NIF;11708;No
DLC03WQ02DiscoveryTrigger;090056FF;0;0;;DLC03WQ02DiscoveryTriggerScript;;;1018;Yes
DLC03TeslaCoil01;09005705;2;0;Tesla Coil;DLC03TeslaCoil01SCRIPT;;DLC03\Clutter\ScientistLab\DLC03TeslaCoil.NIF;93;No
DLC03CitadelVertibird02;0900571F;1;1;Vertibird;DLC03CitadelVertibird02TakingOffControlSCRIPT;;DLC03\Vehicles\DLC03VertibirdEnc01BOS.NIF;11708;No
DLC03CitadelVertibirdTrigger02;09005720;1;0;;DLC03CitadelVertibird02TrigSCRIPT;;;1057;No
DLC03Vertibird03ControlTrigger;09005721;1;0;;DLC03Vertibird03ControlTriggerSCRIPT;;;117;No
DLC03CitadelVertibirdTrigger01;09005726;1;0;;DLC03CitadelVertibird01TrigSCRIPT;;;1057;No
DLC03CitadelVertibird01;09005728;1;1;Vertibird;DLC03CitadelVertibird01TakingOffControlSCRIPT;;DLC03\Vehicles\DLC03VertibirdEnc01BOSvt.NIF;11708;No
DLC03RelayStatPlayerWalkTrig;09005775;17;0;;DLC03RelayStatPlayerWalkSCRIPT;;;284;No
DLC03TriggerDamagedField;09005BC2;10;0;;DLC03TriggerDamagedFieldSCRIPT;;;236;No
DLC03BosEnclaveFight02Trigger;09005C39;1;0;;DLC03BoSEnclaveFight02SCRIPT;;;1569;No
DLC03BosEnclaveFight02bTrigger;09005C3A;1;0;;DLC03BosEnclaveFight02bTriggerSCRIPT;;;1738;No
DLC03RelayStatMaster;09005D8E;1;0;;DLC03RelayStatMasterSCRIPT;;;450;No
DLC03RelayStationKlaxonLight;09005DC8;8;0;;DLC03RelayStatKlaxonLightSCRIPT;;Dungeons\Vault\RoomU\Klaxon.NIF;77;No
DLC03TriggerBaseDownStairs;09006222;1;0;;DLC03TriggerBaseDownstairsScript;;;283;No
DLC03PresMetroPowerBox;0900641C;1;0;Power Box;DLC03PresMetroPowerBoxScript;;Clutter\QuestItems\MQ05Fusebox.NIF;59;Yes
DLC03PresMetroBoxSparks;09006420;1;0;;;;Effects\TrapComputerSparksFX.NIF;35;No
DLC03PresMetroDoDamage01;090064AA;0;0;Gas Valve;DLC03PresMetroDoDamage01SCRIPT;;;48;No
DLC03PresMetroGhoulWave01Trig;090064B6;1;0;Gas Valve;DLC03PresMetroGhoulWave01SCRIPT;;;82;No
DLC03TriggerSquad01Gate1;090068C2;1;0;;DLC03TriggerSquad01Gate1Script;;;172;No
DLC03AFBArtillerySwitch02;090068DA;1;0;Artillery Switch;DLC03AFBSector2ArtillerySwitch01SCRIPT;;Clutter\GenElecSwitch01.NIF;18;No
DLC03AFBSector2VertibirdBombingTrigger01;090068DB;1;0;;DLC03AFBSector2VertibirdBombingTrigger01SCRIPT;;;339;No
DLC03BosEnclaveFight01cTrigger;090068DC;1;0;;DLC03BosEnclaveFight01cTriggerSCRIPT;;;1607;No
DLC03PowerworksZMachineMaster;09006CDA;1;0;;DLC03PowerWorksZMachineMasterSCRIPT;;;59;No
DLC03TriggerMBP02;09006EEB;1;0;;DLC03TriggerMBP02SCRIPT;;;684;No
DLC03TriggerZone01;09006EF1;1;0;;DLC03TriggerZone01Script;;;1124;No
DLC03MBPVertibirdStrafingTrigger03b;09006EF3;1;0;;DLC03MBPVertibirdStrafing03bSCRIPT;;;299;No
DLC03WQ03Trigger;090071EC;1;0;;DLC03WQ03MonasteryScript;;;292;No
DLC03KnifeSwitch01;0900725E;0;0;Knife Switch;;;DLC03\Clutter\ScientistLab\DLC03KnifeSwitch.NIF;25;No
DLC03PowerWorksZMachineFailSwitch;09007296;3;0;Emergency Switch;DLC03PowerWorksZMachineFailSwitchSCRIPT;;DLC03\Clutter\ScientistLab\DLC03KnifeSwitch.NIF;25;No
DLC03PresMetroComputerAlarmTrig;090072D2;1;0;Gas Valve;DLC03PresMetroComputerAlarmSCRIPT;;;83;No
DLC03PresMetroRandAnnounceTrig01;090072EA;1;0;Intercom Trigger;DLC03PresMetroRandAnnounceTrig01Script;;;501;No
DLC03WQ03SceneTrigger;090076C6;1;0;;DLC03WQ03SceneScript;;;1872;No
DLC03PrimeWalkInit;09007FD2;2;0;;DLC03PrimeWalkInitSCRIPT;;;259;No
DLC03PrimeWalkStart;09007FD5;2;0;;DLC03PrimeWalkStartSCRIPT;;;936;No
DLC03AFBEnclaveNapalmShooterTrigger;090081DD;1;0;;DLC03AFBEnclaveNapalmShooterTriggerSCRIPT;;;2793;No
DLC03WQ01GuardEnableTrigger;0900884E;0;0;;DLC03WQ01GuardEnableTriggerScript;;;54;Yes
DLC03CrlEntranceRamp01;0900888B;1;0;;;;DLC03\Architecture\Crawler\Exterior\DLC03CrlEntranceRamp01.NIF;527;No
DLC03WQMasterToggleTrigger;09008BF1;1;0;;DLC03WQMasterToggleTriggerScript;;;66;Yes
DLC03EnclaveBase02OnLoadEnabler;09008CD7;1;0;;DLC03EnclaveBase02OnLoadEnablerSCRIPT;;;82;No
DLC03AFBLoDTowerSwapTrigger01;09008CDE;3;0;;DLC03AFBLoDTowerSwapTrigger01SCRIPT;;;267;No
DLC03AFBLoDTowerSwapTrigger02;09008CDF;2;0;;DLC03AFBLoDTowerSwapTrigger02SCRIPT;;;237;No
DLC03TriggerChangeDClawFaction;0900946F;2;0;;DLC03TriggerChangeDClawFactionSCRIPT;;;312;No
DLC03TriggerChangeDClawFactionPlayer;09009473;2;0;;DLC03TriggerChangeDClawFactionPlayerSCRIPT;;;298;No
DLC03ProjectPurityNavmeshTrigger;090094CA;1;0;;DLC03ProjectPurityNavmeshTriggerSCRIPT;;;164;No
DLC03MainDoorOpen;09009514;1;0;Access Panel;DLC03MainDoorOpenSCRIPT;;Clutter\GenElecSwitch01.NIF;18;No
DLC03EnclaveRadio;09009542;1;0;Enclave Radio;;;DLC03\Clutter\EnclaveRadio\DLC03EnclaveRadio.NIF;28;No
DLC03PresMetroRandAnnounceTrig02;09009579;1;0;Intercom Trigger;DLC03PresMetroRandAnnounceTrig02Script;;;501;No
DLC03PresMetroRandAnnounceTrig03;0900957A;1;0;Intercom Trigger;DLC03PresMetroRandAnnounceTrig03Script;;;501;No
DLC03PresMetroRandAnnounceTrig04;090095B0;1;0;Intercom Trigger;DLC03PresMetroRandAnnounceTrig04Script;;;501;No
DLC03PresMetroRandAnnounceTrig05;090095B1;1;0;Intercom Trigger;DLC03PresMetroRandAnnounceTrig05Script;;;501;No
testPhilSwitchSequence;090097A1;6;0;Electrical Switch;testPhilSwitchSequenceSCRIPT;;Clutter\GenElecSwitch01.NIF;18;No
testPhilSwitchController;090097A3;1;0;;testPhilControllerSCRIPT;;;79;No
DLC03WQ02NPCEnableTrigger;0900996B;0;0;;DLC03WQ02NPCEnableTriggerScript;;;86;Yes
DLC03ColTrainActivator;09009A57;1;0;;DLC03ColTrainActivatorSCRIPT;;DLC03\Dungeons\PresidentialMetro\PrMetroColCab\DLC03PrMetroColCab01.NIF;732;No
DLC03PrMetroColTrainTRIG;09009A5A;1;0;Gas Valve;DLC03PrMetroColTrainTrigSCRIPT;;;434;No
DLC03ForceFieldControlPanelDummy;09009AD5;4;2;Repulsion Field Control Panel;DLC03ForceFieldControlPanelDummySCRIPT;;DLC03\Clutter\EnclaveForceField\DLC03EnclaveForceFieldControlPanel01.NIF;46;No
DLC03MargotHelloTrigger;09009B89;1;0;Margot Hello Trigger;DLC03MargotHelloTriggerScript;;;509;No
DLC03PresMEtroAutosave02;0900B411;1;0;;DLC03PresMetroAutosave02SCRIPT;;;179;No
DLC03PresMetroAutosave01b;0900B412;1;0;Gas Valve;DLC03PresMetroAutosave01bSCRIPT;;;332;No
DLC03PresMetroAutosave01;0900B413;1;0;Gas Valve;DLC03PresMetroAutosave01SCRIPT;;;164;No
DLC03PresMetroAutosave02b;0900B414;1;0;Gas Valve;DLC03PresMetroAutosave02bSCRIPT;;;199;No
DLC03PPurityKeypadEnter;0900B7F9;1;0;Enter;;;Clutter\QuestItems\PPurityKeypadEnter.NIF;10;Yes
DLC03PowerWorksRadHallOpen;0900B82B;2;0;;DLC03PowerWorksRadHallOpenSCRIPT;;;171;No
DLC03TriggerZone02;0900C229;1;0;;DLC03TriggerZone02Script;;;783;No
DLC03Powerworks03VertibirdTakingOff01Trigger;0900C476;2;0;;DLC03Powerworks03VertibirdTakingOff01SCRIPT;;;277;No
DLC03PowerworksPushTrigger;0900C477;1;0;;DLC03PowerworksPushTriggerSCRIPT;;;304;No
DLC03AFBOrbitalStrikeControlTrigger;0900C532;1;0;;DLC03AFBOrbitalStrikeControlTriggerSCRIPT;;;303;No
DLC03CrlMainframeTerminal01;0900C5B0;0;0;;;;DLC03\Architecture\Crawler\Interior\Rooms\DLC03CrlMainframeTerminal01.NIF;0;No
DLC03CrlMainframeTerminal010000;0900C5B1;0;0;;;;DLC03\Architecture\Crawler\Interior\Rooms\DLC03CrlMainframeTerminal01.NIF;0;No
DLC03CrlMainframeTerminalDlb01;0900C5B2;0;0;;;;Terminals\DLC03\DLC03CrlMainframeTerminal01.NIF;86;No
DLC03Powerworks03Vertibird01TakingOffTrigger;0900C5BB;1;0;;DLC03Powerworks03Vertibird01SCRIPT;;;137;No
DLC03AFBCrawlerVertibirdBombingTrigger01;0900C911;1;0;;DLC03AFBCrawlerVertibirdBombing01SCRIPT;;;179;No
DLC03EnclaveTowerNPCManagerTrig01;0900C912;1;0;;DLC03EnclaveTowerNPCManagerTrig01SCRIPT;;;288;No
DLC03EnclaveTowerNPCManagerTrig02;0900C913;1;0;;DLC03EnclaveTowerNPCManagerTrig02SCRIPT;;;765;No
DLC03EnclaveTowerAlarmTrig01;0900C914;1;0;;DLC03EnclaveTowerAlarmTrig01SCRIPT;;;84;No
DLC03Powerworks01DoorTrig01;0900CA28;1;0;;DLC03Powerworks01DoorTrig01SCRIPT;;;338;No
DLC03EnclavePlatformOnLoadKillDClaw;0900CA32;1;0;;DLC03EnclavePlatformOnLoadKillDClawSCRIPT;;;82;No
DLC03PrimeWalkBosDontRunForCover;0900CA3C;1;0;;;;;3015;No
DLC03VertibirdFlyoverTrigger03;0900CE2F;1;0;;DLC03VertibirdFlyover03SCRIPT;;;1560;No
DLC03zCarTunnelPowerArmorRunTrigger;0900CF2E;0;0;;DLC03zCarTunnelPowerArmorRunTriggerScript;;;626;No
DLC03Powerworks02VertibirdDisableTrigger;0900CFEB;1;0;;DLC03Powerworks03VertibirdDisabling01SCRIPT;;;707;No
DLC03Powerworks01VertibirdDisableTrigger;0900CFEC;1;0;;DLC03Powerworks03VertibirdDisabling01bSCRIPT;;;424;No
DLC03EnclaveBase01OnLoadBox;0900D2B0;1;0;;DLC03EnclaveBase01OnLoadBoxSCRIPT;;;82;No
DLC03FXOrbitalStrike02;0900D2B6;16;0;;DLC03FXOrbitalStrike02Script;;DLC03\Effects\DLC03OrbitalStrike01.NIF;11799;No
DLC03OrbitalStrikeRumble01Trigger;0900D2EF;1;0;;DLC03OrbitalStrikeRumble01TriggerSCRIPT;;;90;No
DLC03OrbitalStrikeKillTrigger;0900D300;1;0;;DLC03OrbitalStrikeKillTriggerSCRIPT;;Architecture\Wasteland\WaterTowerPipes01.NIF;1598;No
DLC03FXOrbitalStrike03;0900D3FC;21;0;;DLC03FXOrbitalStrike03Script;;DLC03\Effects\DLC03OrbitalStrike01.NIF;11799;No
DLC03TeslaChainStep01;0900D42A;0;1;;DLC03TeslaChainEffectVTwo01Script;;DLC03\Effects\DLC03TeslaChainStep01.NIF;0;No
DLC03TriggerStiggsTalk;0900D445;1;0;;DLC03TriggerStiggsTalkSCRIPT;;;297;No
DLC03FieldLeftImpact01NOSOUND;0900D449;8;0;;DLC03FieldImpactScript;;DLC03\Effects\ForceFieldFX\DLC03EnclaveForceFieldImpact01.NIF;172;No
DLC03PresMetroWithinSecurityRangeTRIG;0900D473;1;0;Gas Valve;DLC03PresMetroWithinSecurityRangeSCRIPT;;;1506;No
DLC03Powerworks01VertibirdDisableTrigger02;0900D48B;1;0;;DLC03Powerworks01VertibirdDisabling02SCRIPT;;;424;No
DLC03Hangar01TrigPlayerDisable;0900D4BD;4;0;;DLC03Hangar01TrigPlayerDisableSCRIPT;;;3351;No
DLC03Hangar01TrigPlayerEnable;0900D4BE;8;0;;DLC03Hangar01TrigPlayerEnableSCRIPT;;;3707;No
DLC03Hangar0102TrigPlayerEnable;0900D4BF;0;0;;DLC03Hangar01TrigPlayerEnableSCRIPT;;;3346;No
DLC03TeslaChainStep02;0900D4F2;0;0;;DLC03TeslaChainEffectVTwo02Script;;DLC03\Effects\DLC03TeslaChainStep01.NIF;0;No
DLC03TeslaChainStep03;0900D4F3;0;1;;DLC03TeslaChainEffectVTwo03Script;;DLC03\Effects\DLC03TeslaChainStep01.NIF;0;No
DLC03TeslaChainStep04;0900D4F4;0;1;;DLC03TeslaChainEffectVTwo03Script;;DLC03\Effects\DLC03TeslaChainStep01.NIF;0;No
DLC03PresidentialMetroLoudspeaker;0900D50F;0;0;Archives Intercom;MS15Intercom01Script;;Clutter\QuestItems\MS17LoudSpeakers01.NIF;142;No
DLC03RelayStatBackdoorUnlock;0900D54E;1;0;;DLC04RelayStatBackdoorUnlockSCRIPT;;;995;No
DLC04FF01HoloAcquireTRIG;0A002F1E;3;0;;DLC04FF01CaptureHoloAcquireSCRIPT;;;187;No
DLC04FF02MarcellaMurderSceneTRIG;0A0030F1;1;0;;DLC04FF02MarcellaMurderSceneSCRIPT;;;360;No
DLC04FF02Altar;0A003149;1;0;Ceremonial Lectern;DLC04FF02LecternSCRIPT;;DLC04\Clutter\Cathedral\DLC04AltarEvil01.nif;50;No
DLC04ManMasterTrig;0A00359E;1;0;Gas Valve;DLC04ManMasterSCRIPT;;;110;No
DLC04ManStage01Start02;0A0035B8;1;0;Gas Valve;DLC04ManStartSequenceSCRIPT;;;237;No
DLC04ManStage01Start01a;0A0035D3;1;0;Gas Valve;DLC04ManStage01Start01aSCRIPT;;;316;No
DLC04ManStage01Start01b;0A0035D7;1;0;Gas Valve;DLC04ManStage01Start01bSCRIPT;;;335;No
DLC04MQ02LDSeq01Spawn03MakeRag;0A0035F9;0;0;Gas Valve;;;;185;No
DLC04MQ02LDSeq01Spawn04Trig;0A0035FD;1;0;Gas Valve;DLC04MQ02LDSeq01Spawn04SCRIPT;;;182;No
DLC04MQ02LDSeq01Spawn05Trig;0A00360B;1;0;Gas Valve;DLC04MQ02LDSeq01Spawn05SCRIPT;;;203;No
DLC04MQ02LDSeq01Block;0A00362A;0;0;Block Entry;DLC04MQ02LDSeq01BlockSCRIPT;;Furniture\ShelvesWoodenTop01.NIF;119;No
DLC04MQ02LDSeq01Spawn03TableTrig;0A003631;1;0;Gas Valve;DLC04MQ02LDSeq01Spawn03TableSCRIPT;;;159;No
DLC04MQ02LDSeq01EndTrig01;0A003638;1;0;;DLC04MQ02LDSeq01EndTrig01SCRIPT;;;193;No
DLC04FF03Still;0A003FE4;1;0;Moonshine Still;DLC04FF03StillSCRIPT;;DLC04\Clutter\Moonshine\DLC04MoonshineDistillery01.NIF;115;Yes
DLC04FerrisWheelMaster;0A0041F5;0;0;;DLC04FerrisWheelMasterSCRIPT;;;52;No
DLC04FerrisWheelBeaconHolder;0A0041FB;0;0;Beacon Goes Here;DLC04FerrisWheelBeaconHolderSCRIPT;;Clutter\HamRadio\hamradio.NIF;40;No
DLC04FerrisWheelControlPanel;0A0041FE;0;0;Ferris Wheel Controls;DLC04FerrisWheelControlPanelSCRIPT;;Dungeons\Vault\Accessories\ControlPanelVault01.NIF;68;No
DLC04FF03DummyTRIG;0A00422B;1;0;;DLC04FF03dummySCRIPT;;;119;No
DLC04PungaPlant01;0A004269;295;1;Wild Punga;DLC04PungaPlantSCRIPT;;Landscape\DLC04\Plants\DLC04PungaFruitPlant01.NIF;46;No
DLC04PungaPlant02;0A00426A;241;1;Punga Fruit Plant;DLC04PungaPlantSCRIPT;;Landscape\DLC04\Plants\DLC04PungaFruitPlant02.NIF;37;No
DLC04PungaPlantRefined01;0A00426D;76;1;Punga Fruit Plant;DLC04PungaPlantSCRIPT;;Landscape\DLC04\Plants\DLC04PungafruitplantRefined01.NIF;46;No
DLC04PungaPlantRefined02;0A00426E;71;1;Punga Fruit Plant;DLC04PungaPlantSCRIPT;;Landscape\DLC04\Plants\DLC04PungafruitplantRefined02.NIF;37;No
DLC04PungaFruitPlantBig01;0A0051A7;2;0;;;;Landscape\DLC04\Plants\DLC04PungaPlant01Big.NIF;526;No
DLC04MQ04TempControl;0A005A26;0;0;Temporary Quest Controller;DLC04MQ04TempControlSCRIPT;;Clutter\BobbleHead\VaultBoy.NIF;9;No
DLC04MQ04ExplosionControl;0A005A2D;1;0;Temporary Explosion Controller;DLC04MQ04ExplosionControlSCRIPT;;Clutter\BdayClutter\Balloons01.NIF;674;No
DLC04MQ04BrainContactTrigger;0A005A31;3;0;Temporary Quest Controller;DLC04MQ04BrainContactTriggerSCRIPT;;Clutter\BobbleHead\VaultBoy.NIF;592;No
DLC04MQ04BrainContactControl;0A005A33;1;0;Temporary Quest Controller;DLC04MQ04BrainContactControlSCRIPT;;Clutter\BobbleHead\VaultBoy.NIF;113;No
DLC04FF05BankAudioCaptureTRIGGER;0A005BC4;1;0;;DLC04FF05bankAudioCaptureSCRIPT;;;368;No
DLC04FF05PasswordHoloLockerCaptureTrigger;0A005BCA;1;0;;DLC04FF05PasswordHolotapeSCRIPT;;;168;No
DLC04MansionAviaryDoor01;0A00643E;3;0;;;;DLC04\Architecture\DLC04MansionAviaryDoor01.NIF;92;No
DLC04PortaShelter01;0A00664D;1;0;Pulowski Preservation Shelter;DLC04TheBrainNPCSCRIPT;;Architecture\Urban\StreetDressing\PortaShelter01.NIF;169;Yes
DLC04FF05WantedPosterACTIVATOR;0A006AB1;6;0;Wanted; Person of Interest;DLC04FF05WantedPosterSCRIPT;;DLC04\Clutter\Poster\DLC04WantedPoster01.NIF;25;No
DLC04FF05SelfDestructSwitch;0A006AB2;1;0;Self-Destruct Switch;DLC04FF05sunkenSatelliteSCRIPT;;Clutter\ElectricalSwitch02.NIF;25;No
DLC04BrainPowerBox01;0A006BF5;0;0;Power Junction;DLC04BrainPowerBoxSCRIPT;;Clutter\ElectricBox\ElectricBox1.NIF;122;No
DLC04PungaSeedPod;0A007030;1;0;Punga Seed Pods;DLC04PungaSeedPodSCRIPT;;Landscape\DLC04\Plants\DLC04PungaSeedPods.NIF;98;Yes
DLC04FF05AviaryPuzzleDummy;0A00732B;2;0;;;;;214;Yes
DLC04FF05aviaryButton;0A00732C;36;0;Recessed Panel;;;Clutter\GenElecSwitch02.NIF;14;Yes
DLC04FF05protectronSwitchTRIGGER;0A0073B9;1;0;;DLC04FF05protectronProdSCRIPT;;;183;Yes
DLC04FF05escapeTRIG;0A0073BE;2;0;;DLC04FF05escapeTrigSCRIPT;;;345;Yes
DLC04MQ01InsideSiegeStartTrigger;0A008104;1;0;;DLC04MQ01InsideSiegeStartTriggerSCRIPT;;;387;No
DLC04MQ01MansionExtTrigger;0A008107;1;0;;DLC04MQ01MansionExtTriggerSCRIPT;;;990;No
DLC04MQ05DoorTrigger02;0A008329;1;0;Gas Valve;DLC04MQ05DoorTrigger02SCRIPT;;Architecture\Wasteland\WaterTowerPipes01.NIF;119;No
DLC04BrainTriggerBox;0A008330;0;0;Gas Valve;DLC04BrainTriggerBoxSCRIPT;;;46;No
DLC04CapitalDuchessTravelActivator;0A00845B;3;0;Passenger Cot;DLC04CapitalDuchessTravelActivatorSCRIPT;;Furniture\NavalCot02.NIF;88;No
DLC04HallucEndTrigger;0A009284;2;0;;DLC04BogHallucEndTriggerSCRIPT;;;1637;No
DLC04SeaCaveDummyTRIG;0A009547;1;0;Gas Valve;DLC04SeaCaveDummySCRIPT;;;109;No
DLC04FF06startSwitch;0A009BFD;1;0;Switch;DLC04FF06startButtonSCRIPT;;Clutter\GenElecSwitch02.NIF;14;No
DLC04MQ04Compactor;0A00A276;1;0;Trash Compactor;DLC04MQ04CompactorSCRIPT;;DLC04\Clutter\DLC04Compactor01.NIF;120;No
DLC04FF02ObadiahRitualTRIG;0A00A569;1;0;;DLC04FF02ObadiahRitualCheckerSCRIPT;;;86;No
DLC04CaveTrigger01B;0A00A86A;1;0;;DLC04SeaCaveTrigger01BSCRIPT;;;694;No
DLC04SeaCaveTrigger02REF;0A00A86C;1;0;Gas Valve;DLC04SeaCaveTrigger02SCRIPT;;;433;No
DLC04SeaCaveTrigger01A;0A00A871;1;0;;DLC04SeaCaveTrigger01ASCRIPT;;;1717;No
DLC04LabTrapComputer;0A00AD52;1;0;Security Terminal;TrapComputerFaceSCRIPT;;Traps\TerminalDeskTrapBase01.NIF;34;No
DLC04ProtetcronStatue02;0A00ADB3;0;0;Protectron;;;Clutter\RobotDisplays\Protectron2.NIF;79;No
DLC04LabBrainMachineSwitch;0A00ADF4;0;0;Switch;DLC04LabBrainMachineSwitchSCRIPT;;Clutter\GenElecSwitch01.NIF;18;No
DLC04BogHallucTriggerQuantumFruit;0A00B35A;1;0;;DLC04BogHallucTriggerQuantumFruitSCRIPT;;;979;No
DLC04LookoutDuchessTravelActivator;0A00B5ED;1;0;Passenger Cot;DLC04LookoutDuchessTravelActivatorSCRIPT;;Furniture\NavalCot02.NIF;88;No
DLC04ManBlock01KillTRIG;0A00B72F;0;0;Gas Valve;DLC04ManBlock01KillSCRIPT;;;449;No
DLC04ManExplosive;0A00B733;2;0;;DLC04ManExplosiveSCRIPT;;Ammo\FlamerFuel.NIF;13;No
DLC04Man2ndFloorHoleSwapTRIG;0A00B766;1;0;Gas Valve;DLC04Man3rdFloorHoleSwapSCRIPT;;;133;No
DLC04Man1stFloorHoleSwapTRIG;0A00B76A;1;0;Gas Valve;DLC04Man1stFloorHoleSwapSCRIPT;;;185;No
DLC04ManBaseFloorHoleTRIG;0A00B785;1;0;Gas Valve;DLC04ManBaseFloorHoleSCRIPT;;;185;No
DLC04ManBreakDoorSeqTRIG;0A00B7AD;0;0;;TrigPlayerEnableSCRIPT;;;192;No
DLC04MQ02LDSeq02Spawn01Trig;0A00B7BC;1;0;Gas Valve;DLC04MQ02LDSeq02Spawn01SCRIPT;;;251;No
DLC04MQ05DoorTrigger01;0A00B852;1;0;Gas Valve;DLC04MQ05DoorTrigger01SCRIPT;;Architecture\Wasteland\WaterTowerPipes01.NIF;119;No
DLC04BogBobbleAGI;0A00C079;1;0;Bobblehead - Agility;DLC04BogBobbleheadSCRIPT;;Clutter\BobbleHead\BobbleHeadAGL_Activator.NIF;9;No
DLC04BogBobbleCHA;0A00C07B;1;0;Bobblehead - Charisma;DLC04BogBobbleheadSCRIPT;;Clutter\BobbleHead\BobbleHeadCHA_Activator.NIF;9;No
DLC04BogBobblePER;0A00C08A;1;0;Bobblehead - Perception;DLC04BogBobbleheadSCRIPT;;Clutter\BobbleHead\BobbleHeadPER_Activator.NIF;9;No
DLC04BogHallucTriggerCorpsePop;0A00C08D;1;0;;DLC04BogHallucTriggerCorpsePopSCRIPT;;;2149;No
DLC04BogNeedles;0A00C0AD;1;0;;DLC04BogHallucTriggerNeedlesSCRIPT;;;1195;No
DLC04MQ05DoorSwitch01;0A00C1C1;1;0;Switch;DLC04MQ05DoorSwitch01SCRIPT;;Clutter\GenElecSwitch01.NIF;18;No
DLC04FF05NukeExplosionDummy;0A00C5C5;2;0;Fake Explosion Object;DLC04FF05NukeExplosionDummySCRIPT;;Clutter\GenElecSwitch02.NIF;85;Yes
DLC04FF05ExplosionDummy;0A00C5EF;11;0;Fake Explosion Object;DLC04FF05ExplosionDummySCRIPT;;Clutter\GenElecSwitch02.NIF;85;Yes
DLC04MoonshineDistillery01DC;0A00C6F0;0;0;;;;DLC04\Clutter\Moonshine\DLC04MoonshineDistillery01.NIF;115;No
DLC04MHole01;0A00CA7A;1;0;;;;DLC04\Dungeons\Mansion\Holes\DLC04MHole01.NIF;341;No
DLC04MQ02LDSeq02EndTrig01;0A00CF7F;1;0;;DLC04MQ02LDSeq02EndTrig01SCRIPT;;;247;No
DLC04ManStartStage02AttackTRIG;0A00CF80;1;0;;DLC04ManStartStage02AttackSCRIPT;;;610;No
DLC04TriggerFlashBulb;0A00D031;1;0;;DLC04TriggerFlashBulbSCRIPT;;;354;No
DLC04MorgueDrawerSkeleton;0A00D21C;0;0;Morgue Drawer;;;DLC04\Clutter\MorgueDrawer\DLC04MorgueDrawerSkele.NIF;58;No
DLC04MorgueDrawerSkeletonNoJaw;0A00D21D;0;0;Morgue Drawer;;;DLC04\Clutter\MorgueDrawer\DLC04MorgueDrawerSkeleNoJaw.NIF;58;No
DLC04TriggerBarrels;0A00D3AA;1;0;;DLC04TriggerBarrelsSCRIPT;;;326;No
DLC04TrapPitchingMachine;0A00D3B2;1;1;Pitching Machine;DLC04TRAPPitchingMachineScript;;Traps\PitchingMachine01.NIF;73;No
DLC04MHole02;0A00D538;1;0;;;;DLC04\Dungeons\Mansion\Holes\DLC04MHole02.NIF;360;No
DLC04MHole03;0A00D539;1;0;;;;DLC04\Dungeons\Mansion\Holes\DLC04MHole03.NIF;341;No
DLC04MHole06;0A00D53A;1;0;;;;DLC04\Dungeons\Mansion\Holes\DLC04MHole06.NIF;422;No
DLC04MHole05;0A00D53B;1;0;;;;DLC04\Dungeons\Mansion\Holes\DLC04MHole05.NIF;222;No
DLC04LabRoundRoomEvent;0A00D5D4;2;0;;DLC04LabRoundRoomEventSCRIPT;;;176;No
DLC04LabRoundRoomPrimaryTerminalOLD;0A00D5D9;0;0;Primary Lab Terminal;MS16TerminalSCRIPT;;Terminals\Terminal01.NIF;43;No
DLC04LabRoundRoomBypassTerminalOLD;0A00D5DA;0;0;Security Bypass Terminal;MS16TerminalSCRIPT;;Terminals\Terminal01.NIF;43;No
DLC04DiningTable02;0A00D6A8;1;0;;;;DLC04\Clutter\DLC04DiningTable02.NIF;422;No
DLC04CrematorySwitch;0A00D701;1;0;Electrical Switch;DLC04crematorySCRIPT;;Clutter\GenElecSwitch01.NIF;18;No
DLC04FF05MorgueDrawerYang;0A00D70A;1;0;TD-0181: Yang, Wan;DLC04FF05MorgueDrawerYangSCRIPT;;DLC04\Clutter\MorgueDrawer\DLC04MorgueDrawerSkele.NIF;58;No
DLC04DollHanging03x256AniL;0A00D7D9;0;0;;;;DLC04\Clutter\DollTrees\DLC04DollHanging03x256AniL.NIF;155;No
DLC04DollHanging03x512AniL;0A00D7DA;3;0;;;;DLC04\Clutter\DollTrees\DLC04DollHanging03x512AniL.NIF;280;No
DLC04DollHanging03x256AniR;0A00D7DB;1;0;;;;DLC04\Clutter\DollTrees\DLC04DollHanging03x256AniR.NIF;155;No
DLC04DollHanging03x512AniR;0A00D7DC;2;0;;;;DLC04\Clutter\DollTrees\DLC04DollHanging03x512AniR.NIF;280;No
DLC04FF05SafetyDepositBoxDoor;0A00D972;1;0;Safety Deposit Box;;;DLC04\Clutter\SafetyDepositBank\DLC04SafetyDepoDoorAnim01.NIF;36;No
DLC04TriggerScarySounds01;0A00DA70;4;0;;DLC04TriggerScarySounds01Script;;;359;No
DLC04TriggerScarySounds02;0A00DA71;1;0;;DLC04TriggerScarySounds02Script;;;393;No
DLC04TriggerOnActivateForceBall;0A00DA77;2;0;;DLC04TriggerOnActivateForceBallScript;;;29;No
DLC04MuckBubble03;0A00DC69;4;0;;;;DLC04\Effects\DLC04SlimeBubble03.NIF;28;No
DLC04MuckBubbleHole01;0A00DC74;42;0;;DLC04muckBubbleHoleSCRIPT;;DLC04\Effects\DLC04MuckBubbleHole01.NIF;67;No
DLC04FXMuckPoolMudHoleGeyser01;0A00DC79;9;0;;;;DLC04\Effects\DLC04FXMuckPoolMudHoleGeyser01.NIF;0;No
DLC04NorthSwitch;0A00DCF7;0;0;North;;;Clutter\GenElecSwitch01.NIF;18;No
DLC04SouthSwitch;0A00DCF8;0;0;South;;;Clutter\GenElecSwitch01.NIF;18;No
DLC04EastSwitch;0A00DCF9;0;0;East;;;Clutter\GenElecSwitch01.NIF;18;No
DLC04WestSwitch;0A00DCFA;0;0;West;;;Clutter\GenElecSwitch01.NIF;18;No
DLC04Puzzle01ControlBox;0A00DCFB;0;0;;;;;53;No
DLC04LighthouseLightMech01;0A00DD3C;1;0;Lighthouse Mechanism;DLC04LighthouseRepairBulbSCRIPT;;DLC04\Architecture\Lighthouse\DLC04LighthouseLightMech01.NIF;146;No
DLC04ManDesmondOverVoiceBox01;0A00DD4A;1;0;;DLC04ManDesmondOverVoiceBox01SCRIPT;;;819;No
DLC04ManTriballOverDoor02TRIG;0A00DD84;1;0;;DLC04ManTriballOverDoor02TRIGSCRIPT;;;322;No
DLC04Puzzle02ControlBox;0A00DDC5;1;0;;;;;53;No
DLC04FF05AviaryPuzzle03ControlBox;0A00DE0E;1;0;;DLC04Puzzle03ControlBoxSCRIPT;;;53;No
DLC04muckLauncher;0A00E00E;6;0;TEST!;DLC04muckLauncherSCRIPT;;DLC04\Effects\DLC04MuckBubbleHoleLauncher01.NIF;67;No
DLC04BrainJarPlayerActivator;0A00E1FC;1;0;Familiar Piece of Brain;DLC04PlayerBrainJarSCRIPT;;DLC04\Clutter\BrainJar\DLC04BrainJarPlayer01.NIF;14;No
DLC04FF06CleanupONtogTRIG;0A00E217;1;1;;DLC04FF06ghoulCleanupSCRIPT;;;325;Yes
DLC04BogHallucTriggerDolls;0A00E229;1;0;;DLC04BogHallucTriggerDollSCRIPT;;;676;No
DLC04BogHallucTriggerViolins;0A00E233;1;0;;DLC04BogHallucTriggerViolinsSCRIPT;;;1303;No
DLC04FF06CleanupOFFtogTRIG;0A00E26F;1;1;;DLC04FF06ghoulCleanupSCRIPT;;;294;Yes
DLC04BogBobbleINT;0A00E272;1;0;Bobblehead - Intelligence;DLC04BogBobbleheadSCRIPT;;Clutter\BobbleHead\BobbleHeadINT_Activator.NIF;10;No
DLC04PungaLight01;0A00E437;2;0;Punga Experiment;DLC04PungaLight01script;;DLC04\Clutter\DLC04PungaLight01.NIF;38;No
DLC04LighthouseSniperShoot01;0A00E444;2;0;;DLC04LighthouseSniperShoot01SCRIPT;;;1559;No
DLC04LighthouseSniperShoot02;0A00E445;2;0;;DLC04LighthouseSniperShoot02SCRIPT;;;1709;No
DLC04ShackHardwareTrigger01;0A00EAC7;1;0;;DLC04ShackHardwareTrigger01SCRIPT;;;8086;No
DLC04BeachLooseSand;0A00ED1C;0;0;Loose Pile Of Sand;DLC04BeachHoleSCRIPT;;Traps\TrapBuriedMine01.NIF;21;No
DLC04BogBobbleLCK;0A00ED26;1;0;Bobblehead - Luck;DLC04BogBobbleheadSCRIPT;;Clutter\BobbleHead\BobbleHeadLUK_Activator.NIF;11;No
DLC04BogBobbleSTR;0A00ED2A;1;0;Bobblehead - Strength;DLC04BogBobbleheadSCRIPT;;Clutter\BobbleHead\BobbleHeadSTR_Activator.NIF;9;No
DLC04BogBobbleEND;0A00ED2E;1;0;Bobblehead - Endurance;DLC04BogBobbleheadSCRIPT;;Clutter\BobbleHead\BobbleHeadEND_Activator.NIF;9;No
DLC04FF04KennyBearActivator;0A00ED92;1;0;Kenny Bear;DLC04FF04KennyBearActivatorSCRIPT;;DLC04\Clutter\DLC04TeddyBear01.NIF;16;No
DLC04BogBloodSawsStart;0A00EE53;1;0;;DLC04BogBloodSawSCRIPT;;;739;No
DLC04BogSpawnTrigger;0A00F797;7;0;;DLC04BogSpawnTriggerSCRIPT;;;954;No
DLC04BrainPodDeath02;0A00F857;0;0;;;;DLC04\Effects\DLC04BrainPodDeath01.NIF;1112;No
DLC04BanditExecutedTrigger02;0A00F8DC;1;0;;DLC04BanditExecutedTrigger02SCRIPT;;;3650;No
DLC04BanditExecuted01Trigger;0A00F8DD;1;0;;DLC04BanditExecuted01TriggerSCRIPT;;;5107;No
DLC04ElectricalSwitchBoatTest;0A00F9C7;0;0;Boat Test;DLC04PlayerArriveTriggerSCRIPT;;Clutter\GenElecSwitch01.NIF;18;No
DLC04FF02DunwichTRIG;0A00FC2C;0;0;;DLC04FF02DunwichSCRIPT;;;1146;Yes
DLC04BogHallucinationISFX;0A010282;3;0;;DLC04BogHallucinationISFXSCRIPT;;;620;No
DLC04FerrisWheelWheel;0A01030F;1;0;Ferris Wheel;DLC04FerrisWheelWheelSCRIPT;;DLC04\Architecture\boardwalk\DLC04FerrisWheel.NIF;2308;No
DLC04BogNukeExplosionSeq;0A0105D1;1;0;;DLC04BogNukeExplosionSeqSCRIPT;;;85;No
DLC04FF05FuseBox;0A0105E1;1;0;Circuit Box;DLC04FF05FuseBoxSCRIPT;;Clutter\QuestItems\MQ05Fusebox.NIF;59;Yes
DLC04FF05RadiationVent;0A0105EB;1;0;Ventilator Duct;DLC04FF05RadiationVentSCRIPT;;Dungeons\VaultRuined\Accessories\VentWallR01.nif;60;Yes
DLC04FF05MotelRoomDummyTRIG;0A01064E;1;0;;DLC04FF05motelRoomDummySCRIPT;;;91;Yes
DLC04CathedralIntercomTrigger;0A010656;1;0;;DLC04CathedralIntercomTriggerSCRIPT;;;247;No
DLC04ShackAmbushTrigger01;0A010665;1;0;;DLC04ShackAmbushTrigger01SCRIPT;;;403;No
DLC04PlayerArriveTrigger;0A010666;1;0;;DLC04PlayerArriveTriggerSCRIPT;;;186;No
DLC04HallucinationLineEndTrigger;0A0107A7;1;0;;DLC04HallucinationLineEndTriggerSCRIPT;;;2344;No
DLC04HallucinationLine1Trigger;0A0107AA;1;0;;DLC04HallucinationLine1TriggerSCRIPT;;;1305;No
DLC04HallucinationLine2Trigger;0A0107AB;1;0;;DLC04HallucinationLine2TriggerSCRIPT;;;1305;No
DLC04HallucinationLine3Trigger;0A0107AC;1;0;;DLC04HallucinationLine3TriggerSCRIPT;;;1305;No
DLC04HallucinationLine4Trigger;0A0107AD;1;0;;DLC04HallucinationLine4TriggerSCRIPT;;;1305;No
DLC04HallucinationLine5Trigger;0A0107AE;1;0;;DLC04HallucinationLine5TriggerSCRIPT;;;1833;No
DLC04LighthouseSecretDoor01;0A01086F;1;0;;DLC04LighthouseSecretDoorSCRIPT;;DLC04\Architecture\Lighthouse\DLC04LighthouseSecretDoor01.NIF;286;No
DLC04BogSawBloodControl;0A0109AB;1;0;;DLC04BogBloodSawSCRIPT;;Architecture\Wasteland\WaterTowerPipes01.NIF;93;No
DLC04BioGasTrap01;0A0109D0;0;1;;TrapGasSCRIPT;;DLC04\Effects\DLC04BioGasTrap01.NIF;0;No
DLC04LabBossElevationCheck;0A0109D1;1;0;;TrigPlayerDisableSCRIPT;;;1068;No
DLC04FF05AviaryPuzzleBase;0A0109D8;4;0;Pedestal;DLC04FF05AviaryPuzzleAnimSCRIPT;;DLC04\Clutter\Aviary\DLC04AviaryPuzzleBase.NIF;82;No
DLC04AviaryPuzzlePaint01;0A0109D9;1;0;;DLC04FF05AviaryPuzzleAnimSCRIPT;;DLC04\Clutter\Aviary\DLC04AviaryPuzzlePaint01.NIF;10;No
DLC04AviaryPuzzlePaint02;0A0109DA;1;0;;DLC04FF05AviaryPuzzleAnimSCRIPT;;DLC04\Clutter\Aviary\DLC04AviaryPuzzlePaint02.NIF;11;No
DLC04AviaryPuzzlePaint03;0A0109DB;1;0;;DLC04FF05AviaryPuzzleAnimSCRIPT;;DLC04\Clutter\Aviary\DLC04AviaryPuzzlePaint03.NIF;12;No
DLC04AviaryPuzzlePaint04;0A0109DC;1;0;;DLC04FF05AviaryPuzzleAnimSCRIPT;;DLC04\Clutter\Aviary\DLC04AviaryPuzzlePaint04.NIF;13;No
DLC04FF06DummyTRIG;0A010A64;1;0;;DLC04FF06dummySCRIPT;;;531;Yes
DLC04FerrisSpawnTrigger;0A010A74;2;0;;DLC04FerrisSpawnTriggerSCRIPT;;;741;No
DLC04FF02DunwichObelisk;0A010AAE;1;0;Obelisk;DLC04FF02DunwichSCRIPT;;Clutter\QuestItems\DunwichObelisk.NIF;252;No
DLC04MonumentPlaque;0A010ACB;1;0;Inscribed Plaque;DLC04MonumentSCRIPT;;Architecture\Urban\MuseumRotunda\MuseumPlaque01.NIF;50;No
DLC04FF02safetyNetTRIG;0A010C01;2;0;;DLC04FF02safetyNetSCRIPT;;;471;Yes
DLC04MQ05DesmondSafetyMove01ACT;0A010C3B;1;0;;DLC04MQ05DesmondSafetyMove01SCRIPT;;;154;No
DLC04MQ05DesmondSafetyMove02ACT;0A010C41;1;0;;DLC04MQ05DesmondSafetyMove02SCRIPT;;;154;No
DLC04MQ05DesmondSafetyMove03ACT;0A010C42;1;0;;DLC04MQ05DesmondSafetyMove03SCRIPT;;;159;No
DLC04TriggerGhoulSpawner;0A01113C;1;0;;DLC04TriggerGhoulSpawnerSCRIPT;;;225;No
DLC04BogHallucinationGhoulTrigger;0A011718;2;0;;DLC04BogHallucinationGhoulTriggerSCRIPT;;;3375;No
DLC04ManWingBlockFX01;0A011823;1;0;Marks Test;DLC04MansionWingBlockFX01SCRIPT;;DLC04\Clutter\DLC04RitualTotem01.NIF;41;No
DLC04ManWingBlockFX02;0A01182C;1;0;Marks test too;DLC04MansionWingBlockFX02SCRIPT;;Clutter\ElectricalSwitch.NIF;57;No
DLC04LighthouseMissileFire01Trigger;0A0119E0;11;0;;DLC04LighthouseMissile01TriggerSCRIPT;;;1442;No
DLC04LabDesmondRun;0A011C3F;7;0;;DLC04LabDesmondRunSCRIPT;;;333;No
DLC04LighthouseSwitch01;0A011C9A;1;0;Beacon Switch;DLC04LighthouseSwitch01SCRIPT;;DLC04\Architecture\Lighthouse\DLC04LighthouseSwitch01.NIF;64;No
DLC04BogMusicStartTRIG;0A011CA5;3;0;Gas Valve;DLC04BogMusicStartSCRIPT;;;1710;No
DLC04LighthouseLightFXTrigger01;0A011CB8;1;0;;DLC04LighthouseLightFXTrigger01SCRIPT;;Architecture\Wasteland\WaterTowerPipes01.NIF;1587;No
DLC04MuckBubbleTrigger;0A01203B;3;0;;DLC04MuckBubbleTriggerSCRIPT;;;527;No
DLC04TobarGreetTrigger;0A012064;1;0;;DLC04TobarGreetTriggerSCRIPT;;;732;No
DLC04FF04TargetTrigger;0A012406;1;0;;DLC04FF04TargetTriggerScript;;;77;No
DLC04Stitches02;0A01244F;23;0;;DLC04StitchesSCRIPT;;DLC04\Effects\DLC04Stitches01.NIF;56;No
DLC04LighthouseGameplayTrigger;0A0124B0;1;0;;DLC04LighthouseGameplayEnableTriggerSCRIPT;;;1364;No
DLC04LabEntranceTrigger;0A01261D;1;0;;DLC04LabEntranceTriggerSCRIPT;;;183;No
DLC04DarMuckLauncher;0A012C5D;17;0;;DLC04DarMuckLauncherSCRIPT;;DLC04\Effects\DLC04MuckBubbleHoleLauncher01.NIF;211;No
DLC04DarMuckBubble;0A012C5E;0;1;;DLC04DarMuckBubbleSCRIPT;;DLC04\Effects\DLC04MuckBubbleProjectile01.NIF;0;No
DLC04ManBaseFloorHoleSoundTRIG;0A012CBF;1;0;Gas Valve;DLC04ManBaseFloorHoleSoundSCRIPT;;;199;No
DLC04FXfallingHavokDebris01;0A012CE6;0;0;;;;DLC04\Effects\DLC04FXfallingHavokDebris.NIF;1090;No
DLC04ManKillWingTRIG;0A012D9F;4;0;Gas Valve;DLC04ManKillWingTRIGSCRIPT;;;1604;No
testCryoTrigger;0B000822;1;0;;testCryoTriggerSCRIPT;;;166;No
testSpaceWalk;0B00082D;2;0;;spaceWalkSCRIPT;;;336;No
DLC05WeapRechargeStation;0B00160D;1;0;Alien Weapon Recharge Station;DLC05WeapRechargeStationScript;;Clutter\Office\WaterCooler01.NIF;53;No
DLC05CryoTrap;0B001F47;11;0;Gas Valve;DLC05CryoTrapSCRIPT;;;132;No
DLC05AlienController;0B001F52;13;0;Control;DLC05AlienControllerSCRIPT;;DLC05\Dungeons\MZ\Misc\DLC05Terminal01.NIF;0;No
DLC05TriggerDoorOpener;0B00208F;1;0;;;;;204;No
DLC05AlienSwitchEnable;0B002945;17;0;Switch;DLC05AlienSwitchEnableREFSCRIPT;;DLC05\Dungeons\MZ\Misc\DLC05Control01.NIF;27;No
DLC05CryoLabDeathclawTRIG;0B002EDA;2;0;Gas Valve;DLC05CryoLabDeathclawTrigSCRIPT;;;54;No
DLC05TriggerArmController;0B003120;0;0;;DLC05TriggerArmControllerSCRIPT;;;333;No
DLC05SallyCellTrigger;0B00330B;1;0;;DLC05SallyCellTriggerScript;;;153;No
DLC05HoldingCellActivator;0B00330E;12;0;Release Mechanism;DLC05HoldingCellActivatorScript;;DLC05\Dungeons\MZ\Misc\DLC05Control01.NIF;27;No
testportableCoverActivator;0B003328;0;1;;testportableCoverActivatorSCRIPT;;Clutter\Junk\WoodWallChunk01.NIF;641;No
DLC05TrigAsmControl;0B0033A4;1;0;;DLC05TrigAsmControlSCRIPT;;;549;No
DLC05TrigAsmAlarm1;0B0033AF;1;0;;DLC05TrigAsmAlarm1SCRIPT;;;866;No
DLC05StasisControls;0B0033ED;0;0;Stasis Controls;DLC05StasisControlsScript;;Architecture\Urban\MuseumRotunda\MuseumPlaque01.NIF;50;No
DLC05TrigAsmPartC;0B0033F9;1;0;;DLC05TrigAsmPartCSCRIPT;;;1181;No
DLC05TrigAsmPartD;0B00344E;1;0;;DLC05TrigAsmPartDSCRIPT;;;1181;No
DLC05TrigAsmPartB;0B003451;1;0;;DLC05TrigAsmPartBSCRIPT;;;1427;No
DLC05MZRmGeneratorACT;0B003709;6;0;;DLC05GeneratorSCRIPT;;DLC05\Dungeons\MZ\Room\DLC05MZRmGenerator01.NIF;0;No
DLC05GeneratorSwitch01;0B00370A;7;0;Bumper Switch;DLC05GeneratorSwitchSCRIPT;;DLC05\Dungeons\MZ\Room\DLC05GeneratorSwitch01.NIF;0;No
DLC05FXSprayBigDoor;0B00372C;0;0;;DLC05FXSprayBigDoorSCRIPT;;Effects\Ambient\FXSprayJet01.NIF;272;No
DLC05ConveyorMachine;0B0039BA;0;0;Conveyor Machine;DLC05ConveyorMachineSCRIPT;;DLC05\Clutter\AssemblyLine\DLC05AssmbLnStation01.NIF;0;No
DLC05TrigAsmPartC02;0B0039C4;1;0;;DLC05TrigAsmPartC02SCRIPT;;;276;No
DLC05AssemblySwitch;0B0039C6;1;0;Electronics Access Panel;DLC05AssemblySwitchSCRIPT;;DLC05\Clutter\AssemblyLine\DLC05AssmbLnStationPort01.NIF;75;No
DLC05MZ3SallyLabTrigger1;0B003CA5;0;0;;DLC05MZ3SallyLabTrigger1Script;;;223;No
DLC05MZ3DeathRaySwitch;0B003CAD;0;0;Death Ray Switch;DLC05MZ3DeathRaySwitchScript;;Clutter\Consoles\Intercom01.NIF;21;No
DLC05MZ3TEMPBridgeTrigger;0B003CAF;0;0;;DLC05MZ3TEMPBridgeTriggerScript;;;209;No
DLC05CryoLab01MasTrig;0B003CB9;1;0;Gas Valve;DLC05CryoLab01MasSCRIPT;;;70;No
DLC05CryoFreezeRoomTrig;0B003CC4;1;0;Gas Valve;DLC05CryoFreezeRoomSCRIPT;;;136;No
DLC05TriggerBumperControl;0B003F35;1;0;;DLC05TriggerBumperControlSCRIPT;;;97;No
DLC05BumperSwitch;0B003F3F;7;0;Pylon Control;DLC05ControlSCRIPT;;DLC05\Dungeons\MZ\Misc\DLC05Control02.NIF;25;No
DLC05HangarSpawnSwitch;0B003F43;0;0;Spawns some guys;DLC05HangarSpawnSwitchSCRIPT;;Clutter\GenElecSwitch01.NIF;18;No
DLC05MZDoorSmField01;0B0041A1;53;0;;;;DLC05\Dungeons\MZ\Doors\DLC05MZDoorSmFieldEffect01.NIF;151;No
DLC05MZTelepad01;0B0041A2;7;0;;;;DLC05\Dungeons\MZ\Misc\DLC05MZTelepad01.NIF;164;No
DLC05Control01;0B0041A8;29;0;Control;DLC05ControlSCRIPT;;DLC05\Dungeons\MZ\Misc\DLC05Control01.NIF;27;No
DLC05Terminal01;0B0041AC;6;0;Terminal;;;DLC05\Dungeons\MZ\Misc\DLC05Terminal01.NIF;0;No
DLC05Control02;0B0041AF;13;0;Control;DLC05ControlSCRIPT;;DLC05\Dungeons\MZ\Misc\DLC05Control02.NIF;25;No
DLC05TriggerCreateDetectionEvent;0B0041CE;2;0;;DLC05TriggerCreateDetectionEventSCRIPT;;;379;No
DLC05TrigHangarControl;0B0041D1;1;0;;DLC05TrigHangarControlSCRIPT;;;299;No
DLC05HangarTeleSwitch;0B0041E0;0;0;Control;DLC05HangarTeleSwitchSCRIPT;;DLC05\Dungeons\MZ\Misc\DLC05Control01.NIF;27;No
DLC05TrigHangarStage10;0B0041F4;1;0;;DLC05TrigHangarStage10SCRIPT;;;273;No
DLC05TrigHangarStage20;0B0041F7;1;0;;DLC05TrigHangarStage20SCRIPT;;;1458;No
DLC05TrigHangarStage30;0B0041FA;1;0;;DLC05TrigHangarStage30SCRIPT;;;1065;No
DLC05TrigHangarStage40;0B0041FD;1;0;;DLC05TrigHangarStage40SCRIPT;;;1081;No
DLC05SpaceWalk02MasTrig;0B004212;1;0;Gas Valve;DLC05SpaceWalk02MasTrigSCRIPT;;;55;No
DLC05CryoLab02MasTrig;0B004230;1;0;Gas Valve;DLC05CryoLab02MasTrigSCRIPT;;;85;No
DLC05SteamQuestSteps;0B00424C;28;0;;DLC05SteamQuestStepsSCRIPT;;;317;No
DLC05SpaceWalkRepairNode;0B0046A8;0;0;Repair Node;DLC05SpaceWalkRepairNodeSCRIPT;;Clutter\GenElecSwitch01.NIF;18;No
DLC05SpaceDecompressionEndTrig;0B004710;1;0;Gas Valve;DLC05SpaceBridge04MasTrigSCRIPT;;;54;No
DLC05SpaceBridge01MasTrig;0B004713;1;0;Gas Valve;DLC05SpaceBridge01MasTrigSCRIPT;;;55;No
DLC05SpaceWalk01TalkTrig01;0B004716;1;0;Gas Valve;DLC05SpaceWalk01TalkTrig01SCRIPT;;;247;No
DLC05SpaceWalk01DecompressionTrig;0B00471A;1;0;Gas Valve;DLC05SpaceWalk01DecompressionTrigSCRIPT;;;314;No
DLC05SpaceWalkUpdateObjective01TRIG;0B00471C;1;0;Gas Valve;DLC05SpaceWalkUpdateObjective01TrigSCRIPT;;;1854;No
DLC05SpaceWalk03MasTrig;0B004721;0;0;Gas Valve;DLC05SpaceWalk03MasTrigSCRIPT;;;55;No
DLC05TrigHangarEnemyUpstairs;0B00478A;2;0;;DLC05TrigHangarEnemyUpstairsSCRIPT;;;330;No
DLC05DeathRayPos01Button;0B00493C;1;0;Control;DLC05DeathRayPos01ButtonSCRIPT;;DLC05\Dungeons\MZ\Misc\DLC05Control02.NIF;25;No
DLC05DeathRayChargeButton;0B00493D;1;0;Control;DLC05DeathRayChargeButtonSCRIPT;;DLC05\Dungeons\MZ\Misc\DLC05Control01.NIF;27;No
DLC05DeathRayFireButton;0B00493E;1;0;Control;DLC05DeathRayFireButtonSCRIPT;;DLC05\Dungeons\MZ\Misc\DLC05Control01.NIF;27;No
DLC05DeathRayPos02Button;0B004940;1;0;Control;DLC05DeathRayPos02ButtonSCRIPT;;DLC05\Dungeons\MZ\Misc\DLC05Control02.NIF;25;No
DLC05DeathRay;0B004941;1;0;;DLC05DeathRaySCRIPT;;DLC05\Dungeons\MZ\Room\DLC05MZRmWinFloor01DeathRay.NIF;0;No
DLC05DeathRayDialogue10Trig;0B0049FB;1;0;Gas Valve;DLC05DeathRayDialogue10TrigSCRIPT;;;684;No
DLC05DeathRayDialogue20Trig;0B0049FF;1;0;Gas Valve;DLC05DeathRayDialogue20TrigSCRIPT;;;1070;No
DLC05EXLabTeleControl;0B004C09;0;0;Teleporter Control;DLC05EXLabTeleControlSCRIPT;;DLC05\Dungeons\MZ\Misc\DLC05Control01.NIF;27;No
DLC05WeapAlienRifleActivator01;0B004C13;0;0;Alien Test Rifle 01;;;DLC05\Weapons\2HandRifle\DLC05AlienRifle.NIF;40;No
DLC05ExLabWeaponFireControl;0B004C18;0;0;Test Weapon;DLC05ExLabWeaponFireControlSCRIPT;;DLC05\Dungeons\MZ\Misc\DLC05Control02.NIF;25;No
DLC05AlienBed;0B004E3D;20;0;Stasis Chamber;DLC05AlienBedSCRIPT;;DLC05\Furniture\DLC05 AlienBed.NIF;0;No
DLC05MZ3CoreTeleporterControl;0B004E69;1;0;Control;DLC05CoreTeleporterControlSCRIPT;;DLC05\Dungeons\MZ\Misc\DLC05Control01.NIF;27;No
DLC05GravityBumper01;0B004E7A;10;0;;;;DLC05\Clutter\GravityBumper\DLC05GravityBumper.NIF;0;No
DLC05CargoDumpDisableTrigger;0B004FF6;2;0;;DLC05CargoDumpDisableTriggerSCRIPT;;;495;No
DLC05TrigAsmPartA;0B005178;1;0;;DLC05TrigAsmPartASCRIPT;;;419;No
DLC05CryoPodDoorACTIVATOR;0B005186;3;0;;DLC05CryoPodDoorSCRIPT;;DLC05\Clutter\Crypod\DLC05CryoPodAnimatedDoor.NIF;296;No
DLC05CryoPodAnimACTIVATOR;0B00518B;10;0;;DLC05CryoPodAnimSCRIPT;;DLC05\Clutter\Crypod\DLC05CryoPodAnimated.NIF;369;No
DLC05TeleportTest;0B0055D8;0;0;;DLC05TeleportTestSCRIPT;;DLC05\Effects\DLC05TeleportTestAlien.NIF;93;No
DLC05CryoElliotSayGenTRIG;0B005620;7;0;Gas Valve;DLC05CryoElliotSayGenTRIGSCRIPT;;;698;No
DLC05CryoElliotFreezeTRIG;0B005634;1;0;Gas Valve;DLC05CryoElliotFreezeTRIGSCRIPT;;;334;No
DLC05CryoElliotTaunt01Trig;0B00563C;1;0;Gas Valve;DLC05CryoElliotTaunt01TrigSCRIPT;;;176;No
DLC05MZ3ExLabSceneTrigger;0B005748;1;0;;DLC05MZ3ExLabSceneTriggerScript;;;133;No
DLC05RCLightRounded01OFFACTI;0B0058ED;0;0;;;;DLC05\Clutter\Lights\DLC05RCLightRounded01OFF.NIF;25;No
DLC05SpaceDecompressionSwitch01;0B0059BA;1;0;Switch;DLC05SpaceDecompressionSwitch01SCRIPT;;DLC05\Dungeons\MZ\Misc\DLC05Control01.NIF;27;No
DLC05SpaceDecompressionSwitch02;0B005AAE;1;0;Switch;DLC05SpaceDecompressionSwitch02SCRIPT;;DLC05\Dungeons\MZ\Misc\DLC05Control01.NIF;27;No
DLC05BridgeControl;0B005AF4;2;0;Fire Control;DLC05BridgeMainControlSCRIPT;;DLC05\Dungeons\MZ\Misc\DLC05Control01.NIF;27;No
DLC05ShockVolumeTrig;0B005C0C;2;0;;DLC05shockVolumeSCRIPT;;;147;No
DLC05ShockVolumeSwitch;0B005C13;4;0;Control;DLC05ShockVolumeSwitchSCRIPT;;DLC05\Dungeons\MZ\Misc\DLC05Control01.NIF;27;No
DLC05FF01barkTrigger;0B005C72;11;0;;DLC05FF01barkPointsSCRIPT;;;241;Yes
DLC05DeathRayGeneratorACT;0B005C7B;4;0;;DLC05DeathRayGeneratorActTRIG;;DLC05\Dungeons\MZ\Room\DLC05MZRmGenerator01.NIF;0;No
DLC05MZRmGeneratorACTCore;0B005CC4;6;0;;DLC05GeneratorCoreSCRIPT;;DLC05\Dungeons\MZ\Room\DLC05MZRmGenerator01CORE.NIF;72;No
DLC05TriggerHangarSiegeControl;0B005DFF;1;0;;DLC05TriggerHangarSiegeControlSCRIPT;;;472;No
DLC05TriggerHangarLeviForce;0B005E48;0;0;;DLC05TriggerHangarLeviForceSCRIPT;;;998;No
DLC05BridgeShieldControl;0B005EDF;1;0;Shield Controller;DLC05BridgeControlsSCRIPT;;DLC05\Dungeons\MZ\Misc\DLC05Control02.NIF;25;No
DLC05BridgeJammerControl;0B005EE0;2;0;Jammer Control;DLC05BridgeControlsSCRIPT;;DLC05\Dungeons\MZ\Misc\DLC05Control02.NIF;25;No
DLC05CryoSwitchFreezeScene;0B005EE9;1;0;Switch;DLC05CryoSwitchFreezeSceneREFSCRIPT;;DLC05\Dungeons\MZ\Misc\DLC05Control01.NIF;27;No
DLC05MZ1TortureDevice;0B005EFB;1;0;;;;DLC05\Clutter\TortureDevice\DLC05MZTortureDeviceAnimated.NIF;409;No
DLC05MZ2NPCTriggerCryo;0B005F03;1;0;;DLC05MZ2NPCTriggerCryoScript;;;318;No
DLC05MZ2NPCTriggerHang;0B005F08;1;0;;DLC05MZ2NPCTriggerHangarScript;;;266;No
DLC05MZ2NPCTriggerRobot;0B005F0A;1;0;;DLC05MZ2NPCTriggerRobotScript;;;253;No
DLC05CryoTrapSprayJet;0B00602F;0;0;;DLC05CryoTrapSprayJetSCRIPT;;Effects\Ambient\FXSprayJetAnim01.NIF;272;No
DLC05CryoTrapACT;0B006031;5;0;;DLC05CryoTrapActSCRIPT;;DLC05\Clutter\Crypod\DLC05CryoTrap01.NIF;396;No
DLC05CryoTrapMAIN;0B006036;0;0;Gas Valve;DLC05CryoTrapMainSCRIPT;;;101;No
DLC05HealArch01;0B0060A3;36;0;Healing Archway;DLC05HealingArchTriggerScript;;DLC05\Dungeons\MZ\Misc\DLC05HealArch01.NIF;0;No
DLC05ambientShooterDummy;0B00613B;3;0;;DLC05ambientShooterSCRIPT;;;143;No
DLC05WeapRechargePistolLocTrigger;0B006310;0;0;;;;;16;No
DLC05WeapRechargeRifleLocTrigger;0B006311;0;0;;;;;16;No
DLC05ClawArmPickUp;0B006864;0;0;;;;DLC05\Clutter\ClawPickUpHuman.NIF;1294;No
DLC05FF01arenaControlTRIG;0B006AF6;1;0;;DLC05FF01arenaSCRIPT;;;260;No
DLC05TrigHangarStage200;0B006B1C;1;0;;DLC05TrigHangarStage200SCRIPT;;;305;No
DLC05AssmbLnStationBrk;0B006B31;1;0;;DLC05ConveyorMachineSCRIPT;;DLC05\Clutter\AssemblyLine\DLC05AssmbLnStationBrk01.NIF;370;No
DLC05GeneratorCoolantSwitch;0B006BF4;15;0;Core Coolant Switch;DLC05GeneratorSwitchSCRIPT;;DLC05\Dungeons\MZ\Room\DLC05GeneratorCoolantSwitch.NIF;0;No
DLC05CryoSoldierRoomTrig;0B006C58;1;0;Gas Valve;DLC05CryoSoldierRoomTrigSCRIPT;;;136;No
DLC05CryoPodDoorSquadACTIVATOR;0B006C70;2;0;;DLC05CryoPodDoorSquadSCRIPT;;DLC05\Clutter\Crypod\DLC05CryoPodAnimatedDoor.NIF;296;No
DLC05CryoSquadSwitch;0B006C75;1;0;Switch;DLC05CryoSquadSwitchSCRIPT;;DLC05\Dungeons\MZ\Misc\DLC05Control01.NIF;27;No
DLC05HangarBossDoorControl;0B006D13;1;0;Control;DLC05HangarBossDoorControlSCRIPT;;DLC05\Dungeons\MZ\Misc\DLC05Control02.NIF;25;No
DLC05GeneratorMainSwitch;0B006DB1;5;0;Control;DLC05GeneratorMainSwitchSCRIPT;;DLC05\Dungeons\MZ\Misc\DLC05Control01.NIF;27;No
DLC05MZRmGeneratorACTDestroyed;0B006DB3;0;2;;;;DLC05\Effects\DLC05MZRmGenerator01_d.NIF;157;No
DLC05MZRmGeneratorACTHavok;0B006DB4;0;2;;DLC05MZRmGeneratorACTHavokSCRIPT;;DLC05\Effects\DLC05MZRmGenerator01_h.NIF;141;No
DLC05Forcefield;0B007058;7;0;;;;DLC05\Clutter\ForceFieldGenerator\DLC05ForceFieldGenerator.NIF;196;No
DLC05MZ1SallyCoreTrigger;0B007066;1;0;;DLC05MZ1SallyCoreTriggerScript;;;209;No
DLC05TriggerActivateOnTrigger;0B00707E;1;0;;DLC05ActivateOnTriggerScript;;;215;No
DLC05TrigHangarStage50;0B0070A3;1;0;;DLC05TrigHangarStage50SCRIPT;;;270;No
DLC05TrigHangarStage25;0B0070A6;1;0;;DLC05TrigHangarStage25SCRIPT;;;1662;No
DLC05SteamSallyIgnore;0B00722F;5;0;;DLC05SteamSallyIgnoreSCRIPT;;;320;No
DLC05TriggerHangarAnimControl;0B007263;1;0;;DLC05TriggerHangarAnimControlSCRIPT;;;316;No
DLC05SteamSallyTutorial;0B00727C;3;0;;DLC05SteamSallyTutorialSCRIPT;;;220;No
DLC05MZExtPanelActivator01;0B00738A;2;0;Exposed Panel;DLC05SpaceWalkRepairNodeSCRIPT;;DLC05\Dungeons\MZ\Exterior\DLC05MZExtPanelActivator01.NIF;187;No
DLC05ExtIrisDoor01;0B00738F;2;0;;;;DLC05\Dungeons\MZ\Exterior\DLC05ExtIrisDoor01.NIF;286;No
DLC05MZExtPanelActivator02;0B007392;1;0;Exposed Panel;DLC05SpaceWalkRepairNodeSCRIPT;;DLC05\Dungeons\MZ\Exterior\DLC05MZExtPanelActivator02.NIF;142;No
DLC05ExtDoorHatch01;0B007395;1;0;;;;DLC05\Dungeons\MZ\Exterior\DLC05ExtDoorHatch01.NIF;414;No
DLC05FF01cartTrig;0B007408;0;0;Gas Valve;DLC05FF01cartTrigSCRIPT;;;193;Yes
DLC05FF01cartMasterDUMMY;0B00740A;1;0;;DLC05FF01cartMasterSCRIPT;;;331;Yes
DLC05SpaceWalkLevitateTrig;0B00743F;1;0;Gas Valve;DLC05SpaceWalkLevitateTrigSCRIPT;;;208;No
DLC05SpaceFloatToDeathTRIG;0B007444;1;0;Gas Valve;DLC05SpaceFloatToDeathTRIGSCRIPT;;;968;No
DLC05FF01kickoffTRIG;0B007456;1;0;;DLC05FF01kickoffSCRIPT;;;149;Yes
DLC05MZRmGeneratorWin01;0B00752E;27;0;;DLC05MZRmGeneratorWin01SCRIPT;;DLC05\Dungeons\MZ\Room\DLC05MZRmGeneratorWin01.NIF;65;No
DLC05TrigHangarZoneF;0B007762;0;0;;DLC05TrigHangarZoneFSCRIPT;;;662;No
DLC05TrigHangarZoneB;0B007768;0;0;;DLC05TrigHangarZoneBSCRIPT;;;662;No
DLC05TrigHangarZoneC;0B007769;0;0;;DLC05TrigHangarZoneCSCRIPT;;;662;No
DLC05TrigHangarZoneD;0B00776A;0;0;;DLC05TrigHangarZoneDSCRIPT;;;662;No
DLC05TrigHangarZoneE;0B00776B;0;0;;DLC05TrigHangarZoneESCRIPT;;;662;No
DLC05CryoPointOfNoReturnTRIG;0B0079A9;1;0;;DLC05CryoPointOfNoReturnTRIGSCRIPT;;;319;No
DLC05EngineRoomGasTrap;0B0079E5;2;0;;DLC05EngineRoomGasTrapSCRIPT;;;289;No
DLC05ERoomGasTrapControl;0B007A03;3;0;Release Control;DLC05ERoomGasTrapControlSCRIPT;;DLC05\Dungeons\MZ\Misc\DLC05Control01.NIF;27;No
DLC05SpaceWalkEnableDeathTriggerTRIG;0B007B81;1;0;Gas Valve;DLC05SpaceWalkEnableDeathTriggerTrigSCRIPT;;;1080;No
DLC05DeathRayGeneratorCore;0B007C1B;4;0;;DLC05DeathRayGeneratorCoreSCRIPT;;DLC05\Dungeons\MZ\Room\DLC05MZRmGenerator01CORE.NIF;72;No
DLC05DeathRayGenCoolantSwitch;0B007C1D;12;0;Core Coolant Switch;DLC05DeathRayGenCoolantSwitchSCRIPT;;DLC05\Dungeons\MZ\Room\DLC05GeneratorCoolantSwitch.NIF;377;No
DLC05CargoBeginTrashDumpTrigger;0B007C90;4;0;;DLC05CargoBeginTrashDumpTriggerSCRIPT;;;646;No
DLC05CargoStopTrashDumpTrigger;0B007C91;4;0;;DLC05CargoStopTrashDumpTriggerSCRIPT;;;727;No
DLC05MZ3LabTeleporterControl;0B007E2A;1;0;Control;DLC05LabTeleporterControlSCRIPT;;DLC05\Dungeons\MZ\Misc\DLC05Control01.NIF;27;No
DLC05MZ3TeleporterUpdateTrigger;0B007E2D;1;0;Gas Valve;DLC05MZ3TeleporterUpdateTriggerScript;;;190;No
DLC05MZ3BridgeTeleporterControl;0B007E63;1;0;Control;DLC05LabTeleporterControlSCRIPT;;DLC05\Dungeons\MZ\Misc\DLC05Control01.NIF;27;No
DLC05killAliensWithinTRIG;0B007FEB;3;0;;DLC05killAliensWithinSCRIPT;;;724;Yes
DLC05ECorePlayerKill;0B0082C6;2;0;;DLC05ECorePlayerKillSCRIPT;;;1115;No
DLC05AlienDoorControlEASY;0B0082CA;7;1;Door Controls;DLC05AlienDoorControlSCRIPT;;DLC05\Dungeons\MZ\Misc\DLC05Terminal01.NIF;54;No
DLC05AlienDoorControlHARD;0B0082CD;2;1;Door Controls;DLC05AlienDoorControlSCRIPT;;DLC05\Dungeons\MZ\Misc\DLC05Terminal01.NIF;54;No
DLC05AlienDoorControlAVERAGE;0B0082CF;4;1;Door Controls;DLC05AlienDoorControlSCRIPT;;DLC05\Dungeons\MZ\Misc\DLC05Terminal01.NIF;0;No
DLC05AlienDoorControlVERYHARD;0B0082D1;1;1;Door Controls;DLC05AlienDoorControlSCRIPT;;DLC05\Dungeons\MZ\Misc\DLC05Terminal01.NIF;54;No
DLC05TelepadActivator;0B008507;14;0;Teleportation Matrix;DLC05TelepadActivatorSCRIPT;;DLC05\Dungeons\MZ\Misc\DLC05MZTelepad01.NIF;170;No
DLC05StasisControlPanel;0B0085FB;1;0;Stasis Controls;DLC05StasisControlsScript;;DLC05\Dungeons\MZ\Misc\DLC05Control01.NIF;27;No
DLC05TrigHangarStage101;0B0098ED;1;0;;DLC05TrigHangarStage101SCRIPT;;;566;No
DLC05ERoomSayTo;0B009910;6;0;;DLC05ERoomSayToSCRIPT;;;815;No
DLC05MZ1SomahDoorTrigger;0B009952;1;0;Gas Valve;;;;266;No
DLC05RobotPod;0B00997A;18;0;Drone Pod;DLC05RobotPodScript;;DLC05\Clutter\RobotPod\DLC05RobotPod.NIF;311;No
DLC05CargoHoldConvTrigger03;0B0099E9;1;0;;DLC05CargoHoldConvTrigger03SCRIPT;;;796;No
DLC05CargoHoldConvTrigger04;0B0099EA;1;0;;DLC05CargoHoldConvTrigger04SCRIPT;;;265;No
DLC05CargoHoldConvTrigger05;0B0099EB;1;0;;DLC05CargoHoldConvTrigger05SCRIPT;;;608;No
DLC05CargoHoldConvTrigger01;0B0099EC;1;0;;DLC05CargoHoldConvTrigger01SCRIPT;;;418;No
DLC05CargoHoldConvTrigger02;0B0099ED;1;0;;DLC05CargoHoldConvTrigger02SCRIPT;;;497;No
DLC05CargoHoldConvTrigger06;0B0099EE;1;0;;DLC05CargoHoldConvTrigger06SCRIPT;;;656;No
DLC05TelepadActivatorHangar;0B0099FA;8;0;;DLC05TelepadActivatorHangarSCRIPT;;DLC05\Dungeons\MZ\Misc\DLC05MZTelepad01.NIF;170;No
DLC05AsmCommentTrigger01;0B009A14;1;0;;DLC05AsmCommentTrigger01Script;;;370;No
DLC05AsmSomahGeneratorTrigger;0B009C6A;1;0;;DLC05AsmGeneratorCommentTriggerScript;;;262;No
DLC05HQPaulsonCommentTrigger01;0B009C6D;1;0;;DLC05HQCommentTrigger01Script;;;199;No
DLC05CargoShockTrig02;0B009C7D;1;0;;DLC05CargoShockTrig02SCRIPT;;;317;No
DLC05CargoHoldConvTrigger07;0B009C7E;1;0;;DLC05CargoHoldConvTrigger07SCRIPT;;;822;No
DLC05CargoShockTrig01;0B009C7F;1;0;;DLC05CargoShockTrig01SCRIPT;;;317;No
DLC05CargoHoldConvTrigger08;0B009C80;1;0;;DLC05CargoHoldConvTrigger08SCRIPT;;;337;No
DLC05TrigHangarKillVolume;0B00A5FC;1;0;;DLC05TrigHangarKillVolumeSCRIPT;;;1486;No
DLC05RobotPodOpen;0B00A5FF;6;0;Drone Pod;DLC05RobotPodOpenScript;;DLC05\Clutter\RobotPod\DLC05RobotPod.NIF;311;No
DLC05ButtercupGlow01;0B00A635;1;0;;;;DLC05\Clutter\Buttercup\DLC05ButtercupGlow01.NIF;93;No
DLC05CargoButtercupGlow;0B00A6C6;1;0;;DLC05CargoButtercupGlow01SCRIPT;;;109;No
DLC05ExtraButton0;0B00A753;1;0;Control;DLC05ControlSCRIPT;;DLC05\Dungeons\MZ\Misc\DLC05Control02.NIF;25;No
DLC05ExtraButton1;0B00A755;1;0;Control;DLC05ControlSCRIPT;;DLC05\Dungeons\MZ\Misc\DLC05Control02.NIF;25;No
DLC05ExtraButton2;0B00A757;1;0;Control;DLC05ControlSCRIPT;;DLC05\Dungeons\MZ\Misc\DLC05Control02.NIF;25;No
DLC05ExtraButton3;0B00A759;1;0;Control;DLC05ControlSCRIPT;;DLC05\Dungeons\MZ\Misc\DLC05Control02.NIF;25;No
DLC05ExtraButton4;0B00A75B;1;0;Control;DLC05ControlSCRIPT;;DLC05\Dungeons\MZ\Misc\DLC05Control02.NIF;25;No
DLC05ExtraButton5;0B00A75D;1;0;Control;DLC05ControlSCRIPT;;DLC05\Dungeons\MZ\Misc\DLC05Control02.NIF;25;No
DLC05ExtraButton6;0B00A75F;1;0;Control;DLC05ControlSCRIPT;;DLC05\Dungeons\MZ\Misc\DLC05Control02.NIF;25;No
DLC05ExtraButton7;0B00A761;1;0;Control;DLC05ControlSCRIPT;;DLC05\Dungeons\MZ\Misc\DLC05Control02.NIF;25;No
DLC05ExtraButton8;0B00A763;1;0;Control;DLC05ControlSCRIPT;;DLC05\Dungeons\MZ\Misc\DLC05Control02.NIF;25;No
DLC05ExtraButton9;0B00A765;1;0;Control;DLC05ControlSCRIPT;;DLC05\Dungeons\MZ\Misc\DLC05Control02.NIF;25;No
DLC05AlienControllerAsm;0B00A772;0;0;Alien Controller;DLC05AlienControllerAsmSCRIPT;;DLC05\Dungeons\MZ\Misc\DLC05Terminal01.NIF;54;No
DLC05TrigAsmAlarm2;0B00A775;1;0;;DLC05TrigAsmAlarm2SCRIPT;;;907;No
DLC05TelepadActivatorAsm;0B00A778;1;0;;DLC05TelepadActivatorAsmSCRIPT;;DLC05\Dungeons\MZ\Misc\DLC05MZTelepad01.NIF;170;No
DLC05PowerControl;0B00A840;0;0;Power Distribution;DLC05PowerControlSCRIPT;;DLC05\Dungeons\MZ\Misc\DLC05Control01.NIF;27;No
DLC05BridgePowerControl;0B00A841;3;0;Power Distribution;DLC05BridgePowerControlSCRIPT;;DLC05\Dungeons\MZ\Misc\DLC05Control02.NIF;0;No
DLC05AlienKlaxon;0B00A86A;5;0;;KlaxonLightScript;;DLC05\Dungeons\MZ\Accessories\DLC05AlienKlaxon.NIF;50;No
DLC05HoloControl;0B00A88A;25;0;Control;DLC05HoloControlScript;;DLC05\Dungeons\MZ\Misc\DLC05Control02.NIF;25;No
DLC05TrigAsmStage7;0B00A925;1;0;;DLC05TrigAsmStage7SCRIPT;;;416;No
DLC05BridgeGeneratorControl;0B00A92C;4;0;Generator Control;DLC05BridgeGeneratorControlSCRIPT;;DLC05\Dungeons\MZ\Misc\DLC05Control01.NIF;27;No
DLC05DeathRayTeleAttackWave;0B00A93A;1;0;;DLC05DeathRayTeleAttackWaveSCRIPT;;DLC05\Dungeons\MZ\Misc\DLC05MZTelepad01.NIF;170;No
DLC05PostTeleporterUpdateTrigger;0B00A98F;1;0;;DLC05PostTeleporterUpdateTriggerScript;;;227;No
DLC05WorkBench;0B00A9DE;3;0;Work Bench;TTWAlienWorkbenchRecipesScript;;DLC05\Clutter\AlienWorkBench\DLC05AlienWorkBench.NIF;109;No
DLC05TelepadActivatorDummy;0B00A9F2;0;0;Teleportation Matrix;;;DLC05\Dungeons\MZ\Misc\DLC05MZTelepad01.NIF;170;No
DLC05CryoPodSwitch;0B00AAA6;11;0;Switch;DLC05CryoPodSwitchSCRIPT;;DLC05\Dungeons\MZ\Misc\DLC05Control01.NIF;27;No
DLC05CryoPodSwitchOFF;0B00AAA8;3;0;Switch;DLC05CryoPodSwitchOFFSCRIPT;;DLC05\Dungeons\MZ\Misc\DLC05Control01.NIF;27;No
DLC05TrigAsmSomahExplodeTurret;0B00AAAE;1;0;;DLC05TrigAsmSomahExplodeTurretSCRIPT;;;226;No
DLC05FF01ExitTRIG;0B00AAC9;1;0;;DLC05FF01exitTrigSCRIPT;;;173;No
DLC05AsmSoloSpawnB;0B00AD54;1;0;;DLC05AsmSoloSpawnBScript;;;789;No
DLC05SteamEnd;0B00ADE1;1;0;;DLC05SteamEndSCRIPT;;;226;No
DLC05SpacesuitBreathingDUMMY;0B00B096;3;0;;DLC05spaceSuitbreathingSCRIPT;;;271;Yes
DLC05CryoHandleElliotEventsTRIG;0B00B284;1;0;;DLC05CryoHandleElliotEventsTrigSCRIPT;;;951;No
DLC05TrigHangarKillVolumeTop;0B00B422;1;0;;DLC05TrigHangarKillVolumeTopSCRIPT;;;764;No
DLC05CryoLabInPositionTrig;0B00B7D3;1;0;;DLC05CryoLabInPositionTrigSCRIPT;;;1203;No
DLC05ExLabControl02;0B00B7E9;8;0;;DLC05ExLabControl02SCRIPT;;DLC05\Dungeons\MZ\Misc\DLC05Control02.NIF;25;No
DLC05MachineBig02;0B00BB4F;20;0;;;;DLC05\Dungeons\MZ\Misc\DLC05MachineBig02.NIF;208;No
DLC05ConsoleBig02DUPLICATE000;0B00BB50;62;0;;;;DLC05\Dungeons\MZ\Misc\DLC05ConsoleBig02.NIF;113;No
DLC05ConsoleBig03;0B00BB51;49;0;;;;DLC05\Dungeons\MZ\Misc\DLC05ConsoleBig03.NIF;0;No
DLC05ConsoleCeilingBig01;0B00BB52;33;0;;;;DLC05\Dungeons\MZ\Misc\DLC05ConsoleCeilingBig01.NIF;96;No
DLC05ConsoleCeilingBig02;0B00BB53;40;0;;;;DLC05\Dungeons\MZ\Misc\DLC05ConsoleCeilingBig02.NIF;96;No
DLC05ConsoleCeilingBig03;0B00BB54;27;0;;;;DLC05\Dungeons\MZ\Misc\DLC05ConsoleCeilingBig03.NIF;96;No
DLC05ConsoleLow01;0B00BB55;81;0;;;;DLC05\Dungeons\MZ\Misc\DLC05ConsoleLow01.NIF;64;No
DLC05ConsoleLowBig01;0B00BB56;88;0;;;;DLC05\Dungeons\MZ\Misc\DLC05ConsoleLowBig01.NIF;0;No
DLC05ConsoleLowBig02;0B00BB57;45;0;;;;DLC05\Dungeons\MZ\Misc\DLC05ConsoleLowBig02.NIF;117;No
DLC05ConsoleLowBigCorIn01;0B00BB58;82;0;;;;DLC05\Dungeons\MZ\Misc\DLC05ConsoleLowBigCorIn01.NIF;148;No
DLC05ConsoleLowBigCorIn02;0B00BB59;71;0;;;;DLC05\Dungeons\MZ\Misc\DLC05ConsoleLowBigCorIn02.NIF;0;No
DLC05Console01;0B00BB5A;78;0;;;;DLC05\Dungeons\MZ\Misc\DLC05Console01.NIF;0;No
DLC05Console02;0B00BB5B;101;0;;;;DLC05\Dungeons\MZ\Misc\DLC05Console02.NIF;0;No
DLC05Console03;0B00BB5C;45;0;;;;DLC05\Dungeons\MZ\Misc\DLC05Console03.NIF;0;No
DLC05ConsoleBig01;0B00BB5D;68;0;;;;DLC05\Dungeons\MZ\Misc\DLC05ConsoleBig01.NIF;0;No
marksTestScriptRunner;0B00BCF4;1;0;;DLC05MarksZetaLaserSCRIPT;;;153;No
DLC05ZetaDead01;0B00BCFE;0;1;;DLC05ZetaDeadSCRIPT;;DLC05\Effects\DLC05ZetaDead.NIF;0;No
DLC05Machine03;0B00BD1C;36;0;;;;DLC05\Dungeons\MZ\Misc\DLC05Machine03.NIF;137;No
DLC05BridgeStarSpin;0B00BD25;1;0;;DLC05BridgeStarSpinSCRIPT;;;365;No
DLC05RobotPodExLab;0B00BDAC;2;0;;DLC05RobotPodExLabScript;;DLC05\Clutter\RobotPod\DLC05RobotPod.NIF;311;No
DLC05CrushingMachineShorterACT;0B00BDD7;15;0;;DLC05crusherSCRIPT;;DLC05\Traps\DLC05CrushingMachineShorter.NIF;340;No
DLC05CrushingMachineShortACT;0B00BDD8;4;0;;DLC05crusherSCRIPT;;DLC05\Traps\DLC05CrushingMachineShort.NIF;383;No
DLC05UniqueCannonActivator;0B00C021;0;0;;DLC05UniqueCannonActivatorSCRIPT;;Effects\FXNullExplosionArt.NIF;0;No
DLC05TriggerAbominationDisable;0B00C30F;0;0;;DLC05TriggerAbominationDisableSCRIPT;;;210;No
DLC05CrushingMachineShortACTalternate;0B00C318;0;0;;DLC05crusherSCRIPTalternate;;DLC05\Traps\DLC05CrushingMachineShort.NIF;383;No
DLC05CoreStageControlTRIG;0B00C354;1;0;;DLC05CoreStageControlTrigSCRIPT;;;592;No
DLC05UpdateCoreStageTRIG;0B00C357;3;0;Gas Valve;DLC05UpdateCoreStageTRIGSCRIPT;;;1222;No
DLC05TeleDart01;0B00C481;0;0;Teleport Dart;;;DLC05\Clutter\TeleDart\DLC05TeleDart01.NIF;0;No
DLC05Holo08Activator;0B00C4AB;5;0;;DLC05GeneratorMainSwitchLinkedSCRIPT;;DLC05\Dungeons\MZ\Misc\DLC05HoloGenerator.NIF;40;No
DLC05FXGlowSimpFillRndActivator;0B00C4AD;5;0;;DLC05GeneratorMainSwitchLinkedSCRIPT;;Effects\Ambient\FXGlowSimpFillRnd.NIF;450;No
DLC05TriggerExLabGalleryControl;0B00CA72;1;0;;DLC05TriggerExLabGalleryControlSCRIPT;;;455;No
DLC05TelepadActivatorExLab;0B00CACE;3;0;;DLC05TelepadActivatorExLabSCRIPT;;DLC05\Dungeons\MZ\Misc\DLC05MZTelepad01.NIF;192;No
DLC05AlienWorkBench;0B00CAD6;0;0;;;;DLC05\Clutter\AlienWorkBench\DLC05AlienWorkBench.NIF;109;No
DLC05Control02WorkBench;0B00CAD7;0;0;;;;DLC05\Clutter\AlienWorkBench\DLC05Control02WorkBench.NIF;27;No
DLC05AlienKlaxonRedOn;0B00CB84;14;0;;;;DLC05\Dungeons\MZ\Accessories\DLC05AlienKlaxonRedOn.NIF;0;No
DLC05AlienKlaxonRedOff;0B00CB85;12;0;;;;DLC05\Dungeons\MZ\Accessories\DLC05AlienKlaxonRedOff.NIF;0;No
DLC05Projector01;0B00CBCE;45;0;;;;DLC05\Dungeons\MZ\Misc\DLC05Projector01.NIF;24;No
DLC05CryoBurstRandomACT;0B00CBDC;60;0;;DLC05CryoBurstRandomSCRIPT;;DLC05\Effects\DLC05CryoBurst.NIF;135;No
DLC05CryoBurstACTIVATOR;0B00CD74;32;0;;DLC05CryoBurstActivatorSCRIPT;;DLC05\Effects\DLC05CryoBurst.NIF;135;No
DLC05LQSamuraiBloodBath;0B00CE79;1;0;;DLC05LQSamuraiBloodBathSCRIPT;;;368;No
DLC05TeleportTrigger;0B00D2E2;0;0;;DLC05TeleportTriggerScript;;;146;No
DLC05SteamAlienPatrollers;0B00D749;1;0;;DLC05SteamAlienPatrollersSCRIPT;;;321;No
DLC05TriggerExLabGalleryEscape;0B00D87A;1;0;;DLC05TriggerExLabGalleryEscapeSCRIPT;;;222;No
DLC05RobotFriendMoveTrigger;0B00DB3C;1;0;Gas Valve;DLC05RobotFriendMoveTriggerSCRIPT;;;190;No
DLC05MZ2ReturnTriggerOverride;0B00DB57;0;0;;DLC05MZ2NPCTriggerMaintScript;;;301;No
TTWBigTownRobotsActivator;10000800;1;0;;TTWBigTownRobotsActivatorScript;;;2;No
TTWMineFixActivator;10000805;1;0;;TTWMineFixActivatorScript;;;55;No
ExplosionBlueOffsetZ64Act;10000DBF;0;1;;DamageSelf1script;;Effects\ExplosionOffset_Z64.NIF;28;No
MegatonNPCsStayInMegatonACT;10001594;1;0;;;;;8313;No
TTWBadMen05;1000187B;1;0;Toggle Bad Men 5;TTWBadMenScript;;Clutter\GenElecSwitch01.NIF;18;No
TTWTrainStationDoorTrig01;10001E05;2;0;;TTWTrigPlayerEnable01SCRIPT;;;360;No
TTWTrainStationDoorTrig02;10001E06;6;0;;TTWTrigPlayerEnable02SCRIPT;;;430;No
TTWTrainElectricalSwitch02;10001E07;2;0;Electrical Switch;TTWTrainTripActivatorScript;;Clutter\ElectricalSwitch02.NIF;25;No
TTWTrainEnginePowerUP01;10001E08;0;0;;TTWTrainPowerUpEnableScript;;;657;No
TTWTrainEnginePowerDown01Trig;10001E09;0;0;;TTWTrainPowerDownDisableScript;;;328;No
TTWNVDLC01Radio;10004C5B;2;0;Radio;;;NVDLC01\clutter\ArtDecoRadio\NVDLC01_ArtDecoRadio.NIF;29;No
Dunwich02MoverTrig02;10005A21;1;0;;Dunwich02MoverTrig02SCRIPT;;;405;No
TTWMS14ArmorActivator;10007A1B;1;0;T-51b Power Armor;TTWArmorT51bScript;;armor\PAVE\T51PA\OutfitGO.nif;27;No
TTWZetaRobotActivator01;10007AF7;1;0;;TTWZetaRobotsActivatorScript01;;;55;No
TTWZetaRobotActivator02;10007AF8;1;0;;TTWZetaRobotsActivatorScript02;;;55;No
TTWZetaRobotActivator03;10007AF9;1;0;;TTWZetaRobotsActivatorScript03;;;55;No
TTWZetaRobotActivator04;10007AFA;1;0;;TTWZetaRobotsActivatorScript04;;;55;No
TTWZetaRobotActivator05;10007AFB;1;0;;TTWZetaRobotsActivatorScript05;;;55;No
TTWPrototypeGaussRifleActivator;10007C90;1;0;Prototype Gauss Rifle;TTWPrototypeGaussRifleActivatorScript;;dlcanch\weapons\2handrifle\dlcanchgaussrifle.nif;0;No
TTWCarrotPlant;100080B9;20;0;Carrot;TTWCarrotPlantScript;;clutter\junk\ttw\TTWcarrotplant.nif;12;No
TTWPotatoPlant;100080BA;11;0;Potato;TTWPotatoPlantScript;;clutter\junk\ttw\TTWpotatoplant.nif;35;No
TTWApplePlant;100080BB;1;0;Apple Tree;TTWApplePlantScript;;scol\TTWAppleTreeSCOL.NIF;220;No
TTWPearPlant;100080BC;1;0;Pear Tree;TTWPearPlantScript;;scol\TTWPearTreeSCOL.NIF;266;No
TTWVault106DadRaceFixActivator;10008480;1;0;;TTWVault106DadRaceFixScript;;;208;No
TTWCampGrillCrafting01;10008513;59;0;Camp Grill;CraftingCampfireRecipesScript;;Clutter\Camps\CampGrill01.NIF;57;No
TTWGrillBBQDirtyCrafting;10008514;39;0;BBQ Grill;CraftingCampfireRecipesScript;;Clutter\Grill\GrillAged.NIF;54;No
TTWDLC01PowerPlantSwitch;10008537;1;0;Switch;TTWDLC01PowerPlantSwitchScript;;Clutter\GenElecSwitch01.NIF;18;No
TTWTeleportAnimationFixActivatorA;10008547;1;0;;TTWDLC05TeleporterAnimationFixScriptA;;;464;No
TTWTeleportAnimationFixActivatorB;10008548;1;0;;TTWDLC05TeleporterAnimationFixScriptB;;;316;No
TTWFixFuckingKlaxonsActivator;1000857B;1;0;;TTWFixFuckingKlaxonsScript;;;55;No
TTWMutfruitPlantAActivator;10008593;68;0;Crunchy Mutfruit;TTWMutfruitScriptA;;landscape\plants\mutfruitplanta.nif;68;No
TTWMutfruitPlantBActivator;10008594;65;0;Crunchy Mutfruit;TTWMutfruitScriptA;;landscape\plants\mutfruitplantb.nif;67;No
TTWMutfruitVineAActivator;10008595;44;0;Mutfruit;TTWMutfruitScriptB;;landscape\plants\mutfruitvinea.nif;91;No
TTWMutfruitVineBActivator;10008596;43;0;Mutfruit;TTWMutfruitScriptB;;landscape\plants\mutfruitvineb.nif;0;No
TTWMegatonSignExteriorActivator;10008672;2;0;;TTWMegatonSignExteriorActivatorScript;;architecture\megaton\megatonsign01.nif;147;No
TTWTouchMeThere;100087C0;1;0;Touch Me There;TTWTouchMeThereScript;;Clutter\GenElecSwitch01.NIF;18;No
TTWMegatonRobotActivator;10008B93;1;0;;TTWMegatonRobotActivatorScript;;;55;No
ExplosionOffsetZ64Act2;10008CFC;0;1;;DamageSelf1script;;Effects\ExplosionOffset_Z64.NIF;0;No
TTWPushMyButton;10008DF1;1;0;Push My Button;TTWPushMyButtonScript;;Clutter\GenElecSwitch01.NIF;18;No
TTWDLC05ControlWB;10008E2E;2;0;Workbench Control;TTWAlienWorkbenchRecipesScript;;DLC05\Dungeons\MZ\Misc\DLC05Control02.NIF;25;No
TTWDLC05ControlRB;10008E2F;2;0;Reloading Bench Control;CraftingReloadingBenchRecipesScript;;DLC05\Dungeons\MZ\Misc\DLC05Control02.NIF;25;No
TTWGrillBBQCleanCrafting;10008E4B;0;0;BBQ Grill;CraftingCampfireRecipesScript;;Clutter\Grill\Grill.NIF;54;No
TTWBadMan01;10008F3F;1;0;Toggle Bad Man 1;TTWBadManScript;;Clutter\GenElecSwitch01.NIF;18;No
TTWBadMan02;10008F40;1;0;Toggle Bad Man 2;TTWBadManScript;;Clutter\GenElecSwitch01.NIF;18;No
TTWBadMan03;10008F41;1;0;Toggle Bad Man 3;TTWBadManScript;;Clutter\GenElecSwitch01.NIF;18;No
TTWBadMan04;10008F42;1;0;Toggle Bad Man 4;TTWBadManScript;;Clutter\GenElecSwitch01.NIF;18;No
DLC04MQ02BurkeContactControl;10008FA3;1;0;Temporary Quest Controller;;;Clutter\BobbleHead\VaultBoy.NIF;443;No
DLC01JacksonStartConversationTrigger;10008FA4;1;0;;DLC01JacksonStartConversationTriggerScript;;;392;No
TTWMineFixActivatorANC;1000902B;1;0;;TTWMineFixActivatorScriptANC;;;55;No
TTWFixCitadelLookoutsActivator;1000907A;1;0;;TTWFixCitadelLookoutScript;;;55;No
BobbleheadPlacedSUR;10009220;3;0;Survival Bobblehead;BobbleheadPlacedScriptSUR;;clutter\BobbleHead\bobbleheadsurv.nif;11;No
TTWBobbleheadDisplayTest;10009254;1;0;Bobblehead Collector's Stand;TTWBobbleheadDisplayTestScript;;Clutter\BobbleHead\BobbleHeadCase.NIF;190;No
MQ11ForceSaveBTrigger;10009389;2;0;;MQ11ForceSaveTriggerBScript;;;156;No
HD00AutoDoc;1000938C;1;0;My First Autodoc;HD00AutdocScript;;clutter\Autodoc.NIF;104;Yes
TrigPlayerEnableRR;100093E8;1;0;;TrigPlayerEnableRRSCRIPT;;;318;No
TTWStinkySwitch;1000942B;1;0;Toggle Stinky;TTWBadManScript;;Clutter\GenElecSwitch01.NIF;18;No
TTWBitchySwitch;1000942C;1;0;Toggle Bitchy;TTWBadManScript;;Clutter\GenElecSwitch01.NIF;18;No
TTWBigIronSwitch;1000942D;1;0;Big Iron;TTWWeaponTestingActivatorScript;;Clutter\GenElecSwitch01.NIF;18;No
TTWBadMen01;10009436;1;0;Toggle Bad Men 1;TTWBadMenScript;;Clutter\GenElecSwitch01.NIF;18;No
TTWBadMen02;10009437;1;0;Toggle Bad Men 2;TTWBadMenScript;;Clutter\GenElecSwitch01.NIF;18;No
TTWMineFixActivatorRCLDF;10009519;1;0;;TTWMineFixActivatorScriptRCLDF;;;55;No
TTWMineFixActivatorArlington;1000951A;1;0;;TTWMineFixActivatorScriptArlington;;;55;No
TTWFungus01Activator;1000CD2B;555;0;Glowing Mushroom;TTWHarvestableFungusScript;;landscape\plants\wastelandfungusstalk01_p.nif;0;No
TTWFungus02Activator;1000CD2C;408;0;Glowing Mushroom;TTWHarvestableFungusScript;;landscape\plants\wastelandfungusstalk02_p.nif;0;No
TTWFungus03Activator;1000CD2D;634;0;Glowing Mushroom;TTWHarvestableFungusScript;;landscape\plants\wastelandfungusstalk03_p.nif;36;No
TTWFungus04Activator;1000CD2E;324;0;Glowing Mushroom;TTWHarvestableFungusScript;;landscape\plants\wastelandfungusstalk04_p.nif;0;No
TTWFungus05Activator;1000CD2F;188;0;Glowing Mushroom;TTWHarvestableFungusScript;;landscape\plants\wastelandfungusstalk05_p.nif;0;No
TTWFungus06Activator;1000CD30;111;0;Glowing Mushroom;TTWHarvestableFungusScript;;landscape\plants\wastelandfungusstalk06_p.nif;0;No
TTWTempleUnionDisableTravel;10011F3D;1;0;;TTWTempleUnionDisableTravelScript;;;527;No
TTWUnStnPowerSwitch;10011FB5;4;0;Power Breaker;TTWUnStnBreakerScript;;clutter\electricalswitch.nif;65;No
TTWUnStnGenerator;10011FB6;0;0;Generator;;;clutter\electricbox\electricbox1.nif;122;No
TTWUnStnGlobeLightGlow;10011FB7;0;0;;;;effects\ambient\fxglowsimpfillrnd.nif;450;No
TTWNeoClassicalSconceGlow;10011FB8;0;0;;;;clutter\neoclassical\neoclassicalsconcefreelyplacedglow.nif;110;No
TTWUnStnFlapBoardON;10011FB9;1;0;;TTWUnStnFlapBoardONScript;;;1761;No
TTWUnStnGlobeLightHanging01;10011FBA;0;0;;;;architecture\unionstation\unstnlightglobehanging01.nif;81;No
TTWUnStnFlapBoard01;10011FBB;1;0;;;;architecture\unionstation\unstnflapboard.nif;431;No
TTWUnStnGlobeLightHanging02;10011FBC;0;0;;;;architecture\unionstation\unstnlightglobehanging02.nif;82;No
TTWUnStnSecurityDoor;10011FBD;0;0;Blast Door;TTWUnStnSecurityDoorScript;;dungeons\utility\rooms\utldoor01.nif;156;No
TTWUnStnReactorPrimeDevice;10011FBE;1;0;Reactor;TTWUnStnReactorSCRIPT;;Clutter\QuestItems\MS04MutagenTank01.NIF;75;No
TTWUnStnUnlockLinkedTrigger;10011FBF;3;0;;TTWUnStnUnlockLinkedSCRIPT;;;194;No
TTWAshPile1;10015084;0;2;Goo Pile;TTWAshPileFixScript;;effects\goopile02.nif;0;No
TTWBrainFungusActivator;1001806A;958;0;Brain Fungus;TTWBrainFungusScpt;;landscape\plants\wastelandfungusbrain01ttw.nif;80;No
TTWMaizeActivator;10018105;93;0;Maize;MaizeScript;;landscape\plants\maize_healthy01ttw.nif;56;No
CG01CasualHardcoreMessageActivate;1001C9F2;1;0;Choose Game Mode;TTWCG01CasualHardcoreMessageSCRIPT;;clutter\junk\paper02.nif;11;No
TTWBethSniperFixActivator;1001F4E8;2;0;;TTWBethSniperFixActivatorScript;;;408;No
TTWMamaDolcesSniperFixActivator01;10022650;2;0;;TTWMamaDolcesSniperFixActivator01Script;;;284;No
TTWMamaDolcesSniperFixActivator02;10022651;2;0;;TTWMamaDolcesSniperFixActivator02Script;;;236;No
TTWAshPile2;1002DAD1;0;1;Ash Pile;TTWAshPileFixScript;;effects\nvashpile02.nif;0;No
TTWAshPile3;1002DAD2;0;2;Ash Pile;TTWAshPileFixScript;;effects\nvashpile03.nif;0;No
TTWRoyPhillipsMover;1003B049;1;0;;TTWRoyPhillipsMoverScript;;;340;No
TTWRoyPhillipsPusher;1003D128;6;0;;TTWRoyPhillipsPusherScript;;;230;No
TTWBusterSpawnFix;1004C7B9;2;0;;TTWBusterSpawnFixScript;;;85;No
TTWBadMen03;1004C7C8;1;0;Toggle Bad Men 3;TTWBadMenScript;;Clutter\GenElecSwitch01.NIF;18;No
TTWBadMen04;1004C7C9;1;0;Toggle Bad Men 4;TTWBadMenScript;;Clutter\GenElecSwitch01.NIF;18;No
MS12TenpennyOpenGate;1004C7D9;1;0;;MS12TenpennyOpenGateScript;;;357;No
MS16Vault101Loudspeaker;10079066;9;0;Loudspeaker;;;Dungeons\Vault\Accessories\VControlPanel02.NIF;37;No
NCRCFAlarmOffTrigger;11000801;1;0;Gas Valve;NCRCFAlarmOffTriggerSCRIPT;;;0;No
NVMotelWindowInt;1100623B;7;0;;;;architecture\NoVac\Motel_windowExt.NIF;90;No
NVBungalowWindowInt;1100623C;0;0;;;;architecture\NoVac\Bungalow_windowExt.NIF;87;No
NVDLC03RainUp;11006509;1;0;;NVDLC03RainScript;;NVDLC02\sky\NVDLC02RainUp.nif;1;No
RaulRepairCapRemover;11006592;2;0;RaulRepairCapRemover;RaulRepairCapRemoverSCRIPT;;;28;No
RaulAndyFailsafeTrigger;11006691;1;0;Raul Andy Failsafe;RaulAndyFailsafeSCRIPT;;;1096;No
SMSierraMadreEnt2ndWaveTrigger;1D0097AF;1;0;Here comes more....;SMSierraMadreEnt2ndWaveTriggerScript;;;425;No
VStripZoneNorth;20003311;1;0;StripZoneNorth;SczStripNorthScript;;;1743;No
VStripZoneSouth;20003312;1;1;VStripZoneSouth;SczStripSouthScript;;;1513;No
VStripZoneMiddle1;20003313;1;1;VStripZoneMiddle1;SczStripMidScript;;;378;No
VStripZoneMiddle2;20003314;1;1;VStripZoneMiddle2;SczStripMidScript;;;341;No
SczStreetBotTrigger;20003315;1;0;SczStreetBotTrigger;SczStreetBotSet;;;418;No
NVStripTopsPromoter1Trigger;20003316;1;0;;NVStripTopsPromoter1TriggerScript;;architecture\Strip\NVStripLightPollution.NIF;467;No
NVStripTopsPromoter2Trigger;20003317;1;0;;NVStripTopsPromoter2TriggerScript;;architecture\Strip\NVStripLightPollution.NIF;553;No
AEndingLeaveMojaveTriggerBox;23000ADD;1;0;;AEndingLeaveMojaveTriggerBoxScript;;;1858;No
AEndingLeaveMojaveTriggerBoxL15;23001771;1;0;;AEndingLeaveMojaveTriggerBoxL15Script;;;1497;No
AEndingStripSection01TriggerBox;2301F658;1;0;;AEndingStripSection01TriggerBoxScript;;;5283;No
AEndingStripSection02TriggerBox;2301F668;1;0;;AEndingStripSection02TriggerBoxScript;;;5501;No
AEndingStripSection03TriggerBox;2301F677;1;0;;AEndingStripSection03TriggerBoxScript;;;6439;No
AEndingCaesarAutoDoc;230D11C6;1;0;Mk III Auto-Doc;;;clutter\Autodoc.NIF;104;No
WCOTL38BlackjackTableLucky38;320024C9;0;0;Blackjack Table;BlackjackTableTheTopsScript;;clutter\casino\CardTable01.NIF;107;No
WCOTL38RouletteTableLucky38;320024CB;0;0;Roulette Table;RouletteTableTheTopsScript;;clutter\casino\RouletteTable01.NIF;129;No
WCOTL38vLucky38Slot01;320027AC;0;0;Slot Machine;SlotMachineTheTopsScript;;WCOTL38\clutter\casino\Slot_Machine01Lucky38.NIF;39;No
WCOTL38vLucky38Slot02;320027DB;0;0;Slot Machine;SlotMachineTheTopsScript;;WCOTL38\clutter\casino\Slot_Machine01Lucky38.NIF;39;No
WCOTL38CasinoFloorRadioSpeaker;3200AFF6;5;2;;VintageRadioStartOnSCRIPT;;dungeons\vaultruined\accessories\vloudspeakersr01.nif;35;No
WCOTL38CocktailLoungeRadioSpeaker;320117A8;1;2;;VintageRadioStartOnSCRIPT;;dungeons\vaultruined\accessories\vloudspeakersr01.nif;35;No
aaaDoormarksActi;51000ADD;0;1;;aaaDoormarksActiSCR;;Doormark.nif;0;No
HumblingTrigger;57011B5D;1;0;Humbling;SCPTHumblingProc;;;332;No
NVDLC04ArcWelderArc01;6C03B4DE;0;2;;NVDLC04ArcWelderArcScript;;nvdlc04\effects\NVDLC04Arctrapvol01.nif;0;No
NVDLC04ArcWelderArc02;6C03B4DF;0;2;;NVDLC04ArcWelderArcScript;;nvdlc04\effects\NVDLC04Arctrapvol01.nif;0;No
NVDLC04ArcWelderArc03;6C03B4E0;0;2;;NVDLC04ArcWelderArcScript;;nvdlc04\effects\NVDLC04Arctrapvol01.nif;0;No
migTeslaChainObject;6C03B4F2;0;1;;migTeslaChainObjectSCRIPT;;Effects\FXNullExplosionArt.NIF;0;No
PickableMutfruit;71019C65;594;0;Mutfruit;PickableMutfruitScript;;plants\mutfruitplant.nif;103;No
actZebumperLivVTriggerBox;8501370E;1;0;;scrZebumperLivVTriggerBox;;;12;No
NVxMcCarranMonorailTrigger;870025DF;1;0;My Monorail Trigger;NVxMcCarranMonorailTriggerScript;;;1635;No
Lucky38BronsoloDay;96002212;7;0;;LasVegasLightsScriptL38DAY;;_LasVegasMeshes\Lucky38\Lucky38Day.nif;7087;No
Lucky38BronsoloNight;96002213;7;0;;LasVegasLightsScriptL38NIGHT;;_LasVegasMeshes\Lucky38\Lucky38Night.nif;7087;No
RealismBlizzardActivator;9E0EB339;4;0;;;;weather\snow\blizzard.nif;1153;No
DWHOffDoorWoodWindowGlow;A0000ADD;0;0;;Lucky38LightScript;;DWHGlowDoors\Office\DWHOffDoorWoodWindowGlow.nif;57;No
DWHOffDoorWoodDoubleBigWindowGlow;A0000ADE;0;0;;Lucky38LightScript;;DWHGlowDoors\Office\DWHOffDoorWoodDoubleBigWindowGlow.nif;96;No
DWHOffDoorWoodDoubleWindowGlow;A0000AE1;2;0;;Lucky38LightScript;;DWHGlowDoors\Office\DWHOffDoorWoodDoubleWindowGlow.nif;107;No
DWHOffDoorWoodWindowGlowNashResidence;A0000DC2;1;0;;DWHOffDoorWoodWindowGlowNashResidenceScript;;DWHGlowDoors\Office\DWHOffDoorWoodWindowGlow.nif;0;No
DWHLiquorStoreWindowGlowNashResidence01;A000139C;1;0;;DWHLiquorStoreWindowGlowNashResidenceScript;;architecture\Westside\NVWestSideLiquorStoreWindows.nif;369;No
DWHLiquorStoreWindowGlowNashResidence02;A000139E;1;0;;DWHLiquorStoreWindowGlowNashResidenceScript;;DWHGlowWindows\Westside\DWHWestsideLiquorStore02Windows02.nif;311;No
DWHLiquorStoreWindowGlowNashResidence03;A0001688;2;0;;DWHLiquorStoreWindowGlowNashResidenceScript;;architecture\Westside\NVWestSideLiquorStoreWindows02.nif;311;No
DWHLiquorStoreWindowGlowWestside02;A000196A;2;0;;WastelandWindowScript;;DWHGlowWindows\Westside\DWHWestsideLiquorStore02Windows02.nif;311;No
DWHLiquorStoreWindowGlowWestside01;A0001973;1;0;;WastelandWindowScript;;architecture\Westside\NVWestSideLiquorStoreWindows.nif;369;No
DWHBldgCorner06WindowGlowWestside;A000197D;2;0;;WastelandWindowScript;;architecture\suburban\BldgCorner06_windowsExt.NIF;418;No
DWHOffDoorWoodWindowGlowWestside;A0001980;1;0;;Lucky38LightScript;;DWHGlowDoors\Office\DWHOffDoorWoodWindowGlow.nif;57;No
